original,En2Tatar,Tatar2En,En2Telugu,Telugu2En,En2Thai,Thai2En,En2Turkish,Turkish2En,En2Turkmen,Turkmen2En,En2Ukrainian,Ukrainian2En,En2Uyghur,Uyghur2En,En2Uzbek,Uzbek2En,En2Vietnamese,Vietnamese2En,En2Welsh,Welsh2En,En2Xhosa,Xhosa2En,En2Yiddish,Yiddish2En
She is an advocate.,Ул яклаучы. ,He is a defender. ,ఆమె న్యాయవాది. ,She is a lawyer. ,เธอเป็นผู้สนับสนุน ,She is a supporter ,O bir avukattır. ,"['He is a lawyer.', 'She is a lawyer.']",Aklawçy. ,Lawyer. ,Вона є адвокатом. ,She is a lawyer. ,ئۇ بىر ئادۋوكات. ,He is a lawyer. ,U advokat. ,He is a lawyer. ,Cô ấy là một người ủng hộ. ,She is an advocate. ,Mae hi'n eiriolwr. ,She is an advocate. ,Ungummeli. ,He is a lawyer. ,זי איז אַן אדוואקאט. ,She is a lawyer. 
She is an agriculturist.,Ул агроном. ,Ul agronomist. ,ఆమె వ్యవసాయదారుడు. ,She is a farmer. ,เธอเป็นเกษตรกร ,She is a farmer ,Tarımcıdır. ,It is agricultural. ,Ol agronom. ,He is an agronomist. ,Вона аграрій. ,She is an agrarian. ,ئۇ دېھقانچىلىقچى. ,He is a farmer. ,U qishloq xo'jaligi mutaxassisi. ,He is an agricultural specialist. ,Cô ấy là một nhà nông nghiệp. ,She is an agriculturalist. ,Mae hi'n amaethwr. ,She is a farmer. ,Uyingcali kwezolimo. ,He is an agricultural expert. ,זי איז אַ לאַנדווירטשאַפטלעך. ,She is an agricultural. 
She is an aircraft pilot.,Ул самолет пилоты. ,St plane pilots. ,ఆమె విమాన పైలట్. ,She is a flight pilot. ,เธอเป็นนักบินเครื่องบิน ,She is an airplane pilot ,O bir uçak pilotu. ,"[""He's an airplane pilot."", ""She's an airplane pilot.""]",Uçarman. ,I am a pilot. ,Вона - пілот літака. ,She is an airplane pilot. ,ئۇ ئايروپىلان ئۇچقۇچىسى. ,He is a pilot. ,U samolyot uchuvchisi. ,He is a pilot. ,Cô ấy là một phi công máy bay. ,She is an airplane pilot. ,Mae hi'n beilot awyrennau. ,She is an aircraft pilot. ,Ungumqhubi wenqwelomoya. ,He is a pilot. ,זי איז אַ ערקראַפט פּילאָט. ,She is an aircraft pilot. 
She is an artist.,Ул рәссам. ,He is an artist. ,ఆమె ఆర్టిస్ట్. ,She is an artist. ,เธอเป็นศิลปิน ,She is an artist ,O bir sanatçı. ,"[""He's an artist."", ""She's an artist.""]",Ol hudo .nik. ,He is a god .nik. ,Вона художник. ,She is an artist. ,ئۇ بىر سەنئەتكار. ,He is an artist. ,U rassom. ,U rassom. ,Cô ấy là một họa sĩ. ,She is an artist. ,Mae hi'n arlunydd. ,She is an artist. ,Ungumculi. ,She is an artist. ,זי איז אַ קינסטלער. ,She is an artist. 
She is an astronomer.,Ул астроном. ,Astronomer st. ,ఆమె ఖగోళ శాస్త్రవేత్త. ,She is an astronomer. ,เธอเป็นนักดาราศาสตร์ ,She is an astronomer ,O bir gökbilimci. ,"[""He's an astronomer."", ""She's an astronomer.""]",Ol astronom. ,He is an astronomer. ,Вона астроном. ,She is an astronomer. ,ئۇ ئاسترونوم. ,He is an astronomer. ,U astronom. ,He is an astronomer. ,Cô ấy là một nhà thiên văn học. ,She is an astronomer. ,Mae hi'n seryddwr. ,She is an astronomer. ,Uyisazi ngeenkwenkwezi. ,He is an astronomer. ,זי איז אַן אַסטראָנאָמער. ,She is an astronomer. 
She is an attorney.,Ул адвокат. ,Ul lawyer. ,ఆమె న్యాయవాది. ,She is a lawyer. ,เธอเป็นทนายความ ,She is a lawyer ,O bir avukattır. ,"['He is a lawyer.', 'She is a lawyer.']",Aklawçy. ,Lawyer. ,Вона адвокат. ,She is a lawyer. ,ئۇ ئادۋوكات. ,He is a lawyer. ,U advokat. ,He is a lawyer. ,Cô ấy là một luật sư. ,She is a lawyer. ,Mae hi'n atwrnai. ,She is an attorney. ,Uligqwetha. ,He is a lawyer. ,זי איז אן אדװאקאט. ,She's a lawyer. 
She is an audiologist.,Ул аудиолог. ,Ul audiologist. ,ఆమె ఆడియాలజిస్ట్. ,She is an audiologist. ,เธอเป็นนักโสตวิทยา ,She is an audiologist ,O bir odyolog. ,"[""He's an audiologist."", ""She's an audiologist.""]",Ol audiolog. ,He is an audiologist. ,Вона аудіолог. ,She is an audiologist. ,ئۇ ئۈندىدار. ,He is a listener. ,U audiolog. ,He is an audiologist. ,Cô ấy là một nhà thính học. ,She is an audiologist. ,Mae hi'n awdiolegydd. ,She is an audiologist. ,Ugqirha wezandi. ,Phonologist. ,זי איז אַן אַודיאָלאָגיסט. ,She is an audiologist. 
She is a banker.,Ул банкир. ,Banker st. ,ఆమె బ్యాంకర్. ,She is a banker. ,เธอเป็นนายธนาคาร ,She is a banker ,O bir bankacı. ,"[""He's a banker."", ""She's a banker.""]",Ol bankir. ,He is a banker. ,Вона банкір. ,She is a banker. ,ئۇ بانكىر. ,He is a banker. ,U bankir. ,He is a banker. ,Cô ấy là một nhân viên ngân hàng. ,She is a banker. ,Mae hi'n fanciwr. ,She banker . ,Ungumgcini-bhanki. ,He is a banker. ,זי איז א באנקיר. ,She is a banker. 
She is a barber.,Ул чәчтараш. ,She is a hairdresser. ,ఆమె మంగలి. ,She is a barber. ,เธอเป็นช่างตัดผม ,She is a barber ,O bir berberdir. ,"['He is a barber.', 'She is a barber.']",Ol bir dellekçi. ,He is a hairdresser. ,Вона перукарня. ,She is a hairdresser. ,ئۇ بىر ساتىراچ. ,He is a barber. ,U sartarosh. ,He is a barber. ,Cô ấy là một thợ cắt tóc. ,She is a barber. ,Mae hi'n farbwr. ,She barber . ,Ungumchebi weenwele. ,She is a barber. ,זי איז אַ שערער. ,She is a barber. 
She is a bartender.,Ул бармен. ,Ul bartender. ,ఆమె బార్టెండర్. ,She is a bartender. ,เธอเป็นบาร์เทนเดอร์ ,She is a bartender ,O bir barmen. ,"[""He's a bartender."", ""She's a bartender.""]",Ol barmen. ,He is a bartender. ,Вона - бармен. ,She is a bartender. ,ئۇ بىر قاۋاقخانا. ,It’s a bar. ,U bufetchi. ,He is a bartender. ,Cô ấy là một nhân viên pha chế. ,She is a bartender. ,Mae hi'n bartender. ,She bartender . ,Ungumthengisi webhari. ,He is a bar merchant. ,זי איז אַ באַרשענקער. ,She is a bartender. 
She is a biologist.,Ул биолог. ,St biologist. ,ఆమె జీవశాస్త్రవేత్త. ,She is a biologist. ,เธอเป็นนักชีววิทยา ,She is a biologist ,O bir biyolog. ,"[""He's a biologist."", ""She's a biologist.""]",Ol biolog. ,He is a biologist. ,Вона біолог. ,She is a biologist. ,ئۇ بىر بىئولوگ. ,He is a biologist. ,U biolog. ,He is a biologist. ,Cô ấy là một nhà sinh vật học. ,She is a biologist. ,Mae hi'n fiolegydd. ,She is a biologist. ,Uyingcali yebhayoloji. ,He is a biologist. ,זי איז אַ בייאַלאַדזשאַסט. ,She is a biologist. 
She is a bookkeeper.,Ул бухгалтер. ,Ul accountant. ,ఆమె బుక్కీపర్. ,She is a bookkeeper. ,เธอเป็นคนทำบัญชี ,She is a bookkeeper ,O bir muhasebeci. ,"[""He's an accountant."", ""She's an accountant.""]",Buhgalter. ,Accountant. ,Вона бухгалтер. ,She is an accountant. ,ئۇ كىتابخۇمار. ,He is a book addict. ,U buxgalter. ,He is an accountant. ,Cô ấy là một nhân viên kế toán. ,She is an accountant. ,Mae hi'n cadw cyfrifon. ,She keeps accounts. ,Ungumgcini weencwadi. ,She is a bookkeeper. ,זי איז א בוכהאלטער. ,She is an accountant. 
She is a botanist.,Ул ботаник. ,Ul botanist. ,ఆమె వృక్షశాస్త్రజ్ఞుడు. ,She is a botanist. ,เธอเป็นนักพฤกษศาสตร์ ,She is a botanist ,O bir botanikçi. ,"[""He's a botanist."", ""She's a botanist.""]",Botanikaçy. ,Botanist. ,Вона ботанік. ,She is a botanist. ,ئۇ ئۆسۈملۈكشۇناس. ,He is a botanist. ,U botanik. ,He is a botanist. ,Cô ấy là một nhà thực vật học. ,She is a botanist. ,Mae hi'n fotanegydd. ,She is a botanist. ,Uyingcali yezityalo. ,She is a botanist. ,זי איז אַ באַטאַניסט. ,She is a botanist. 
She is a builder.,Ул төзүче. ,He is the builder. ,ఆమె బిల్డర్. ,She is a builder. ,เธอเป็นคนสร้าง ,She created ,O bir inşaatçı. ,"[""He's a builder."", ""She's a builder.""]",Gurluşykçy. ,Builder. ,Вона будівельник. ,She is a builder. ,ئۇ بىر قۇرۇلۇش قىلغۇچى. ,He is a builder. ,U quruvchi. ,He is a builder. ,Cô ấy là một thợ xây dựng. ,She is a builder. ,Mae hi'n adeiladwr. ,She is a builder. ,Ungumakhi. ,He is a builder. ,זי איז אַ בילדער. ,She is a builder. 
She is a businessperson.,Ул бизнесмен. ,Ul businessman. ,ఆమె ఒక వ్యాపారవేత్త. ,She is a businessman. ,เธอเป็นนักธุรกิจ ,She is a businessman ,O bir iş adamı. ,He's a businessman. ,Ol telekeçi. ,He is an entrepreneur. ,Вона бізнесмен. ,She is a businessman. ,ئۇ بىر سودىگەر. ,He is a businessman. ,U ishbilarmon. ,He is a businessman. ,Cô ấy là một doanh nhân. ,She is an entrepreneur. ,Mae hi'n berson busnes. ,She is a business person. ,Ungusomashishini. ,He is a businessman. ,זי איז אַ געשעפט. ,She is a business. 
She is a butcher.,Ул касапчы. ,He is a butcher. ,ఆమె కసాయి. ,She is a butcher. ,เธอเป็นคนขายเนื้อ ,She is a butcher ,O bir kasaptır. ,"['He is a butcher.', 'She is a butcher.']",Ol gassap. ,He is a butcher. ,Вона - м’ясник. ,She is a butcher. ,ئۇ بىر قاسساپ. ,He is a butcher. ,U qassob. ,He is a butcher. ,Cô ấy là một người bán thịt. ,She is a butcher. ,Mae hi'n gigydd. ,She's a butcher. ,Ungunosilarha. ,She is a butcher. ,זי איז א קצב. ,She is a butcher. 
She is a carpenter.,Ул балта остасы. ,He is a carpenter. ,ఆమె వడ్రంగి. ,She is a carpenter. ,เธอเป็นช่างไม้ ,She is a carpenter ,O bir marangoz. ,"[""He's a carpenter."", ""She's a carpenter.""]",Ol agaç ussasy. ,He is a carpenter. ,Вона столяр. ,She is a carpenter. ,ئۇ ياغاچچى. ,He is a carpenter. ,U duradgor. ,He is a carpenter. ,Cô ấy là một thợ mộc. ,She is a carpenter. ,Saer coed yw hi. ,She is a carpenter. ,Ungumchweli. ,He is a carpenter. ,זי איז אַ סטאָליער. ,She is a carpenter. 
She is a cashier.,Ул кассир. ,Ul cashier. ,ఆమె క్యాషియర్. ,She is the cashier. ,เธอเป็นแคชเชียร์ ,She is a cashier ,O bir kasiyer. ,"[""He's a cashier."", ""She's a cashier.""]",Ol kassir. ,He is a cashier. ,Вона касир. ,She is a cashier. ,ئۇ بىر كاسسىر. ,He is a cashier. ,U kassir. ,And the cashier. ,Cô ấy là một nhân viên thu ngân. ,She is a cashier. ,Ariannwr yw hi. ,She is a cashier. ,Ungumntu othwala imali. ,He is a money carrier. ,זי איז א קאסירער. ,She is a cashier. 
She is a chef.,Ул пешекче. ,She is a cook. ,ఆమె చెఫ్. ,She is a chef. ,เธอเป็นพ่อครัว ,She is a chef ,O bir şef. ,"[""He's a chef."", ""She's a chef.""]",Ol aşpez. ,She is a cook. ,Вона кухар. ,She is a cook. ,ئۇ ئاشپەز. ,She is a chef. ,U oshpaz. ,She is a cook. ,Cô ấy là đầu bếp. ,She is a chef. ,Mae hi'n gogydd. ,She is a cook. ,Ungumpheki. ,She is a cook. ,זי איז אַ שעף. ,She is a chef. 
She is a chemist.,Ул химик. ,Ul chemist. ,ఆమె రసాయన శాస్త్రవేత్త. ,She is a chemist. ,เธอเป็นนักเคมี ,She is a chemist ,O bir kimyagerdir. ,"['He is a chemist.', 'She is a chemist.']",Himiýaçy. ,Chemist. ,Вона хімік. ,She is a chemist. ,ئۇ بىر خىمىك. ,He is a chemist. ,U kimyogar. ,He is a chemist. ,Cô ấy là một nhà hóa học. ,She is a chemist. ,Mae hi'n fferyllydd. ,She is a pharmacist. ,Ungusokhemisi. ,He is a pharmacist. ,זי איז א כעמיקער. ,She is a chemist. 
She is a clergy advisor.,Ул руханилар киңәшчесе. ,He is a priest's counselor. ,ఆమె మతాధికారుల సలహాదారు. ,She was a clerical adviser. ,เธอเป็นที่ปรึกษาคณะสงฆ์ ,She is an adviser to the Sangha. ,O bir din adamları danışmanıdır. ,"['He is an advisor to the clergy.', 'She is an advisor to the clergy.']",Ol ruhanylaryň geňeşçisi. ,He is the counselor of the priests. ,Вона є радником духовенства. ,She is a counselor to the clergy. ,ئۇ دىنىي خادىملارنىڭ مەسلىھەتچىسى. ,He is an advisor to the clergy. ,U ruhoniylarning maslahatchisi. ,He is a counselor to the priests. ,Cô ấy là một cố vấn giáo sĩ. ,She is a missionary advisor. ,Mae hi'n gynghorydd clerigwyr. ,She is a clergy counselor. ,Ungumcebisi wabefundisi. ,He is an adviser to the clergy. ,זי איז אַ קלער אַדווייזער. ,She is a clergy advisor. 
She is a clinical lab technician.,Ул клиник лаборатория техникы. ,Ul clinics laboratory technicians. ,ఆమె క్లినికల్ ల్యాబ్ టెక్నీషియన్. ,She is a Clinical Lab Technician. ,เธอเป็นช่างเทคนิคห้องปฏิบัติการทางคลินิก ,She is a clinical laboratory technician. ,Klinik laboratuvar teknisyenidir. ,"['He is a clinical laboratory technician.', 'She is a clinical laboratory technician.']",Ol kliniki laboratoriýa tehnigi. ,He is a clinical laboratory technician. ,Вона клінічний лаборант. ,She is a clinical laboratory assistant. ,ئۇ كلىنىكىلىق تەجرىبىخانا تېخنىكى. ,He is a clinical laboratory technician. ,U klinik laboratoriya bo'yicha mutaxassis. ,He is a clinical laboratory specialist. ,Cô ấy là một kỹ thuật viên phòng thí nghiệm lâm sàng. ,She is a clinical laboratory technician. ,Mae hi'n dechnegydd labordy clinigol. ,She is a clinical laboratory technician. ,Uyingcali yeelebhu zeklinikhi. ,She is a specialist in clinical laboratories. ,זי איז אַ קליניש לאַב טעכניקער. ,She is a clinical lab technician. 
She is a coach.,Ул тренер. ,Ul coach. ,ఆమె కోచ్. ,She is a coach. ,เธอเป็นโค้ช ,She is a coach ,O bir koç. ,"[""He's a coach."", ""She's a coach.""]",Ol tälimçi. ,He is a coach. ,Вона тренер. ,She is a coach. ,ئۇ بىر مەشقاۋۇل. ,He is a coach. ,U murabbiy. ,He is a coach. ,Cô ấy là một huấn luyện viên. ,She is a coach. ,Mae hi'n hyfforddwr. ,She is a coach. ,Ungumqeqeshi. ,He is a coach. ,זי איז אַ קאַרעטע. ,She is a coach. 
She is a developer.,Ул уйлап табучы. ,He is the inventor. ,ఆమె డెవలపర్. ,She is a developer. ,เธอเป็นนักพัฒนา ,She is a developer ,O bir geliştiricidir. ,"['He is a developer.', 'She is a developer.']",Ol dörediji. ,He is the creator. ,Вона розробник. ,She is a developer. ,ئۇ بىر پروگرامما ئاچقۇچى. ,It is a program developer. ,U ishlab chiquvchi. ,He is a developer. ,Cô ấy là một nhà phát triển. ,She is a developer. ,Mae hi'n ddatblygwr. ,She is a developer. ,Ungumphuhlisi. ,He is a developer. ,זי איז אַ דעוועלאָפּער. ,She is a developer. 
She is a dietitian.,Ул диетолог. ,Ul nutritionist. ,ఆమె డైటీషియన్. ,She is a dietitian. ,เธอเป็นนักกำหนดอาหาร ,She is a dietitian ,O bir diyetisyen. ,"[""He's a dietician."", ""She's a dietician.""]",Ol diyetisist. ,He is a dietitian. ,Вона дієтолог. ,She is a nutritionist. ,ئۇ بىر يېمەك-ئىچمەك دوختۇرى. ,He is a dietitian. ,U dietolog. ,He is a dietitian. ,Cô ấy là một chuyên gia dinh dưỡng. ,She is a nutritionist. ,Mae hi'n ddietegydd. ,She is a dietitian. ,Ungumntu otya ukutya. ,He is a man who eats food. ,זי איז אַ דייאַטישאַן. ,She is a dietitian. 
She is an ecologist.,Ул эколог. ,Str ecologist. ,ఆమె పర్యావరణ శాస్త్రవేత్త. ,She is an ecologist. ,เธอเป็นนักนิเวศวิทยา ,She is an ecologist ,Ekolojisttir. ,"['He is an ecologist.', 'She is an ecologist.']",Ol ekolog. ,He is an ecologist. ,Вона еколог. ,She is an ecologist. ,ئۇ بىر ئېكولوگ. ,He is an ecologist. ,U ekolog. ,He is an ecologist. ,Cô ấy là một nhà sinh thái học. ,She is an ecologist. ,Mae hi'n ecolegydd. ,She is an ecologist. ,Uyingcali yendalo. ,He is a naturalist. ,זי איז אַן יקאַלאַדזשיסט. ,She is an ecologist. 
She is an editor.,Ул редактор. ,Ul editor. ,ఆమె ఎడిటర్. ,She is the editor. ,เธอเป็นบรรณาธิการ ,She is an editor ,O bir editör. ,"[""He's an editor."", ""She's an editor.""]",Ol redaktor. ,He is the editor. ,Вона редактор. ,She is an editor. ,ئۇ بىر تەھرىر. ,He is an editor. ,U muharrir. ,He is the editor. ,Cô ấy là một biên tập viên. ,She is an editor. ,Mae hi'n olygydd. ,She is an editor. ,Ungumhleli. ,He is an editor. ,זי איז אַ רעדאַקטאָר. ,She is an editor. 
She is an electrician.,Ул электрик. ,He is an electrician. ,ఆమె ఎలక్ట్రీషియన్. ,She is an electrician. ,เธอเป็นช่างไฟฟ้า ,She is an electrician ,O bir elektrikçi. ,"[""He's an electrician."", ""She's an electrician.""]",Ol elektrikçi. ,He is an electrician. ,Вона електрик. ,She is an electrician. ,ئۇ بىر ئېلېكتر ئۈسكۈنىسى. ,It is an electrical device. ,U elektrchi. ,He is an electrician. ,Cô ấy là một thợ điện. ,She is an electrician. ,Mae hi'n drydanwr. ,She is an electrician. ,Ungumbane. ,He is an electrician. ,זי איז אַן עלעקטרישאַן. ,She is an electrician. 
She is an EMT specialist.,Ул EMT белгече. ,He is an EMT specialist. ,ఆమె EMT స్పెషలిస్ట్. ,She is an EMT Specialist. ,เธอเป็นผู้เชี่ยวชาญด้าน EMT ,She is an EMT expert. ,EMT uzmanıdır. ,EMT expert. ,EMT hünärmeni. ,EMT specialist. ,Вона спеціаліст з ЕМТ. ,She is an EMT specialist. ,ئۇ EMT مۇتەخەسسىسى. ,He is an EMT specialist. ,U EMT mutaxassisi. ,He is an EMT specialist. ,Cô ấy là một chuyên gia EMT. ,She is an EMT specialist. ,Mae hi'n arbenigwr EMT. ,She is an EMT specialist. ,Uyingcali ye-EMT. ,She is an EMT specialist. ,זי איז אַן EMT מומכע. ,She is an EMT specialist. 
She is a farmer.,Ул фермер. ,Street farmer. ,ఆమె రైతు. ,She is a farmer. ,เธอเป็นลูกชาวนา ,She is a farmer's son ,O bir çiftçi. ,"[""He's a farmer."", ""She's a farmer.""]",Ol daýhan. ,He is a farmer. ,Вона фермер. ,She is a farmer. ,ئۇ بىر دېھقان. ,He is a farmer. ,U fermer. ,The farmer. ,Cô ấy là một nông dân. ,She is a farmer. ,Mae hi'n ffermwr. ,She's a farmer. ,Ungumlimi. ,He is a farmer. ,זי איז א פויער. ,She is a farmer. 
She is a filmmaker.,Ул кинорежиссер. ,Ul filmmaker. ,ఆమె చిత్రనిర్మాత. ,She is a filmmaker. ,เธอเป็นคนถ่าย ,She is the one taking the photo ,O bir film yapımcısı. ,"[""He's a filmmaker."", ""She's a filmmaker.""]",Kinoreerissýor. ,Film director. ,Вона режисер. ,She is a director. ,ئۇ بىر فىلىم ئىشلىگۈچى. ,He is a filmmaker. ,U kinorejissyor. ,He is a film director. ,Cô ấy là một nhà làm phim. ,She is a filmmaker. ,Gwneuthurwr ffilmiau yw hi. ,She is a filmmaker. ,Ungumenzi wefilimu. ,He is a filmmaker. ,זי איז אַ פילמייקער. ,She is a filmmaker. 
She is a firefighter.,Ул янгын сүндерүче. ,He is a firefighter. ,ఆమె అగ్నిమాపక సిబ్బంది. ,She is a firefighter. ,เธอเป็นนักผจญเพลิง ,She is a firefighter ,O bir itfaiyeci. ,He is a fireman. ,Ol ýangyn söndüriji. ,He is a firefighter. ,Вона пожежна. ,She is a firefighter. ,ئۇ ئوت ئۆچۈرگۈچى. ,He is a firefighter. ,U o't o'chiruvchi. ,He is a firefighter. ,Cô ấy là một lính cứu hỏa. ,She is a firefighter. ,Mae hi'n ddiffoddwr tân. ,She is a firefighter. ,Ungumcimi-mlilo. ,He is a firefighter. ,זי איז א פייערלעשער. ,She is a firefighter. 
She is a fisherman.,Ул балыкчы. ,He is a fisherman. ,ఆమె ఒక జాలరి. ,She is a fisherman. ,เธอเป็นชาวประมง ,She is a fisherman ,O bir balıkçı. ,"[""He's a fisherman."", ""She's a fisherman.""]",Ol balykçy. ,He is a fisherman. ,Вона рибалка. ,She is a fisherman. ,ئۇ بىر بېلىقچى. ,He is a fisherman. ,U baliqchi. ,He is a fisherman. ,Cô ấy là một ngư dân. ,She is a fisherman. ,Pysgotwr yw hi. ,She is a fisherman. ,Ungumlobi weentlanzi. ,He is a fisherman. ,זי איז א פישער. ,She is a fisherman. 
She is a flight attendant.,Ул очучы. ,He is a pilot. ,ఆమె ఫ్లైట్ అటెండెంట్. ,She is a flight attendant. ,เธอเป็นพนักงานต้อนรับบนเครื่องบิน ,She is a flight attendant. ,O bir uçuş görevlisi. ,"[""He's a flight attendant."", ""She's a flight attendant.""]",Ol uçarman. ,He is a pilot. ,Вона стюардеса. ,She is a flight attendant. ,ئۇ بىر ئايروپىلان خىزمەتچىسى. ,He is a flight attendant. ,U styuardessa. ,The hostess. ,Cô ấy là tiếp viên hàng không. ,She is a flight attendant. ,Mae hi'n gynorthwyydd hedfan. ,She is a flight attendant. ,Ungumncedisi wenqwelomoya. ,She is an airliner. ,זי איז אַ פלי באַגלייטער. ,She is a flight attendant. 
She is a geneticist.,Ул генетик. ,He is genetic. ,ఆమె జన్యు శాస్త్రవేత్త. ,She is a geneticist. ,เธอเป็นนักพันธุศาสตร์ ,She is a geneticist ,O bir genetikçi. ,"[""He's a geneticist."", ""She's a geneticist.""]",Genetik. ,Genetic. ,Вона генетик. ,She is a geneticist. ,ئۇ بىر ئىرسىيەتشۇناس. ,He is a geneticist. ,U genetik. ,U genetic. ,Cô ấy là một nhà di truyền học. ,She is a geneticist. ,Mae hi'n genetegydd. ,She is a geneticist. ,Ungumfuzo. ,He is a genetic. ,זי איז אַ גענעטיק. ,She is a geneticist. 
She is a geologist.,Ул геолог. ,He is a geologist. ,ఆమె భూవిజ్ఞాన శాస్త్రవేత్త. ,She is a geologist. ,เธอเป็นนักธรณีวิทยา ,She is a geologist ,O bir jeolog. ,"[""He's a geologist."", ""She's a geologist.""]",Ol geolog. ,He is a geologist. ,Вона геолог. ,She is a geologist. ,ئۇ بىر گېئولوگ. ,He is a geologist. ,U geolog. ,He is a geologist. ,Cô ấy là một nhà địa chất. ,She is a geologist. ,Mae hi'n ddaearegwr. ,She is a geologist. ,Uyingcali yokuma komhlaba. ,He is a geologist. ,זי איז אַ געאָלאָגיסט. ,She is a geologist. 
She is a graphic designer.,Ул график дизайнер. ,Ul graphic designer. ,ఆమె గ్రాఫిక్ డిజైనర్. ,She is a graphic designer. ,เธอเป็นนักออกแบบกราฟิก ,She is a graphic designer ,Kendisi bir grafik tasarımcıdır. ,"['He is a graphic designer.', 'She is a graphic designer.']",Ol grafiki dizaýner. ,He is a graphic designer. ,Вона графічний дизайнер. ,She is a graphic designer. ,ئۇ گرافىك لايىھىلىگۈچى. ,He is a graphic designer. ,U grafika bo'yicha dizayner. ,He is a graphic designer. ,Cô ấy là một nhà thiết kế đồ họa. ,She is a graphic designer. ,Dylunydd graffig yw hi. ,She is a graphic designer. ,Uyilo lwegraphic. ,Graphic design. ,זי איז אַ גראַפיק דיזיינער. ,She is a graphic designer. 
She is a human resource specialist.,Ул кадрлар белгече. ,He is a HR specialist. ,ఆమె మానవ వనరుల నిపుణుడు. ,She is a human resources expert. ,เธอเป็นผู้เชี่ยวชาญด้านทรัพยากรมนุษย์ ,She is an expert in human resources. ,İnsan kaynakları uzmanıdır. ,"['He is a human resources expert.', 'She is a human resources expert.']",Adam resurslary boýunça hünärmen. ,Human Resources Specialist. ,Вона спеціаліст з персоналу. ,She is a HR specialist. ,ئۇ ئادەم كۈچى بايلىقى مۇتەخەسسىسى. ,He is a human resources expert. ,U kadrlar bo'yicha mutaxassis. ,He is a HR specialist. ,Cô ấy là một chuyên gia nhân sự. ,She is an HR specialist. ,Mae hi'n arbenigwr adnoddau dynol. ,She is a human resources expert. ,Uyingcali kwezabasebenzi. ,He is a labor specialist. ,זי איז אַ מענטשלעך מיטל מומכע. ,She is a human resources specialist. 
She is an immunologist.,Ул иммунолог. ,Ul immunologist. ,ఆమె ఇమ్యునోలజిస్ట్. ,She is an immunologist. ,เธอเป็นนักภูมิคุ้มกันวิทยา ,She is an immunologist ,O bir immünologdur. ,"['He is an immunologist.', 'She is an immunologist.']",Immunolog. ,Immunologist. ,Вона імунолог. ,She is an immunologist. ,ئۇ ئىممۇنىتېت دوختۇرى. ,He is an immunologist. ,U immunolog. ,The immunologist. ,Cô ấy là một nhà miễn dịch học. ,She is an immunologist. ,Mae hi'n imiwnolegydd. ,She is an immunologist. ,Ugqirha wezilwanyana. ,Veterinarian. ,זי איז אַן ימיונאָלאָגיסט. ,She is an immunologist. 
She is an interpreters.,Ул тәрҗемәче. ,He is a translator. ,ఆమె వ్యాఖ్యాతలు. ,Her commentators. ,เธอเป็นล่าม ,She is an interpreter ,O bir tercüman. ,"[""He's a translator."", ""She's a translator.""]",Ol terjimeçi. ,He is a translator. ,Вона перекладач. ,She is a translator. ,ئۇ تەرجىمان. ,He is an interpreter. ,U tarjimon. ,He is a translator. ,Cô ấy là một thông dịch viên. ,She is an interpreter. ,Mae hi'n gyfieithydd ar y pryd. ,She is a translator. ,Ungumtoliki. ,He is an interpreter. ,זי איז אַן איבערזעצער. ,She is a translator. 
She is a jeweller.,Ул зәркәнче. ,Before he gets bored. ,ఆమె స్వర్ణకారుడు. ,She is a jeweler. ,เธอเป็นพ่อค้าอัญมณี ,She is a jeweler ,O bir kuyumcu. ,"[""He's a jeweler."", ""She's a jeweler.""]",Ol zergär. ,He is a jeweler. ,Вона ювелір. ,She is a jeweler. ,ئۇ بىر ئۈنچە-مەرۋايىت. ,It’s a gem. ,U zargar. ,He is a jeweler. ,Cô ấy là một thợ kim hoàn. ,She is a jeweler. ,Mae hi'n emydd. ,She jeweler . ,Ngumthengisi wezacholo. ,She is a jewelry seller. ,זי איז אַ יווועלירער. ,She is a jeweler. 
She is a lawyer.,Ул юрист. ,Street lawyer. ,ఆమె న్యాయవాది. ,She is a lawyer. ,เธอเป็นทนายความ ,She is a lawyer ,O bir avukat. ,"[""He's a lawyer."", ""She's a lawyer.""]",Aklawçy. ,Lawyer. ,Вона юрист. ,She is a lawyer. ,ئۇ ئادۋوكات. ,He is a lawyer. ,U advokat. ,He is a lawyer. ,Cô ấy là luật sư. ,She is a lawyer. ,Mae hi'n gyfreithiwr. ,She is a lawyer. ,Uligqwetha. ,He is a lawyer. ,זי איז אן אדװאקאט. ,She's a lawyer. 
She is a librarian.,Ул китапханәче. ,He is a librarian. ,ఆమె లైబ్రేరియన్. ,She is a librarian. ,เธอเป็นบรรณารักษ์ ,She is a librarian ,O bir kütüphaneci. ,"[""He's a librarian."", ""She's a librarian.""]",Ol kitaphanaçy. ,He is a librarian. ,Вона бібліотекар. ,She is a librarian. ,ئۇ كىتابخان. ,It is a library. ,U kutubxonachi. ,He is a librarian. ,Cô ấy là một thủ thư. ,She is a librarian. ,Mae hi'n llyfrgellydd. ,She is a librarian. ,Ungumnoncwadi. ,He is a writer. ,זי איז א ביבליאטעקאר. ,She is a librarian. 
She is a licensed practical nurse.,Ул лицензияле практик шәфкать туташы. ,She is a licensed practical nurse. ,ఆమె లైసెన్స్ పొందిన ప్రాక్టికల్ నర్సు. ,She is a licensed practical nurse. ,เธอเป็นพยาบาลที่มีใบอนุญาต ,She is a licensed nurse. ,Lisanslı bir pratik hemşiredir. ,"['He is a licensed practical nurse.', 'She is a licensed practical nurse.']",Ygtyýarly amaly şepagat uýasy. ,Authorized Practical Nurse. ,Вона є ліцензованою практичною медсестрою. ,She is a licensed practical nurse. ,ئۇ ئىجازەتنامىسى بار ئەمەلىي سېستىرا. ,She is a licensed practical nurse. ,U litsenziyalangan amaliy hamshira. ,She is a licensed practical nurse. ,Cô ấy là một y tá thực hành được cấp phép. ,She is a licensed practice nurse. ,Mae hi'n nyrs ymarferol drwyddedig. ,She is a licensed practical nurse. ,Ungumongikazi osebenzayo onelayisensi. ,She is a licensed practical nurse. ,זי איז אַ לייסאַנסט פּראַקטיש ניאַניע. ,She is a licensed practical nurse. 
She is a mechanic.,Ул механик. ,He is a mechanic. ,ఆమె మెకానిక్. ,She is a mechanic. ,เธอเป็นเด็กช่าง ,She is a mechanic ,O bir tamirci. ,"[""He's a mechanic."", ""She's a mechanic.""]",Ol mehanik. ,He is a mechanic. ,Вона механік. ,She is a mechanic. ,ئۇ مېخانىك. ,He is a mechanic. ,U mexanik. ,He is a mechanic. ,Cô ấy là một thợ cơ khí. ,She is a mechanic. ,Mae hi'n fecanig. ,She is a mechanic . ,Ungumkhandi. ,He is a carpenter. ,זי איז אַ מעכאַניקער. ,She is a mechanic. 
She is a medical laboratory scientist.,Ул медицина лабораториясе галиме. ,He is a medical laboratory scientist. ,ఆమె వైద్య ప్రయోగశాల శాస్త్రవేత్త. ,She is a medical laboratory scientist. ,เธอเป็นนักวิทยาศาสตร์ห้องปฏิบัติการทางการแพทย์ ,She is a medical laboratory scientist. ,Tıbbi laboratuvar bilimcisi. ,Medical laboratory scientist. ,Lukmançylyk barlaghanasynyň alymy. ,Scientist at the Medical Laboratory. ,Вона вчений медичної лабораторії. ,She is a scientist in a medical laboratory. ,ئۇ بىر داۋالاش تەجرىبىخانىسى ئالىمى. ,He is a medical laboratory scientist. ,U tibbiy laboratoriya olimi. ,He is a medical laboratory scientist. ,Cô ấy là một nhà khoa học trong phòng thí nghiệm y tế. ,She is a scientist in a medical laboratory. ,Mae hi'n wyddonydd labordy meddygol. ,She is a medical laboratory scientist. ,Ungusosayensi wezonyango. ,He is a medical scientist. ,זי איז אַ מעדיציניש לאַבאָראַטאָריע געלערנטער. ,She is a medical laboratory scientist. 
She is a meteorologist.,Ул метеоролог. ,Street meteorologist. ,ఆమె వాతావరణ శాస్త్రవేత్త. ,She is a meteorologist. ,เธอเป็นนักอุตุนิยมวิทยา ,She is a meteorologist ,O bir meteorolog. ,"[""He's a meteorologist."", ""She's a meteorologist.""]",Meteorolog. ,Meteorologist. ,Вона метеоролог. ,She is a meteorologist. ,ئۇ بىر مېتېئورولوگىيە مۇتەخەسسىسى. ,He is a meteorologist. ,U meteorolog. ,The meteorologist. ,Cô ấy là một nhà khí tượng học. ,She is a meteorologist. ,Mae hi'n feteorolegydd. ,She is a meteorologist. ,Ingcali ngemozulu. ,A meteorologist. ,זי איז אַ מעטעאָראָלאָגיסט. ,She is a meteorologist. 
She is a midwife.,Ул акушер. ,She is a midwife. ,ఆమె ఒక మంత్రసాని. ,She is a midwife. ,เธอเป็นหมอตำแย ,She is a midwife ,O bir ebedir. ,He is a midwife. ,Akuşerka. ,Midwifery. ,Вона акушерка. ,She is a midwife. ,ئۇ تۇغۇت ئانىسى. ,She is a birth mother. ,U doya. ,She is full. ,Cô ấy là một nữ hộ sinh. ,She is a midwife. ,Mae hi'n fydwraig. ,She is a midwife. ,Ungumbelekisi. ,She is a midwife. ,זי איז אַ אַקושערקע. ,She is a midwife. 
She is a military officer.,Ул хәрби офицер. ,He is a military officer. ,ఆమె మిలటరీ ఆఫీసర్. ,She is a military officer. ,เธอเป็นนายทหาร ,She is a military officer ,O bir askeri subay. ,"[""He's a military officer."", ""She's a military officer.""]",Ol harby ofiser. ,He is a military officer. ,Вона військовий офіцер. ,She is a military officer. ,ئۇ بىر ھەربىي ئوفىتسېر. ,He is a military officer. ,U harbiy ofitser. ,He is a military officer. ,Cô ấy là một sĩ quan quân đội. ,She is a military officer. ,Mae hi'n swyddog milwrol. ,She is a military officer. ,Ligosa lomkhosi. ,An army officer. ,זי איז א מיליטערישער אפיציר. ,She is a military officer. 
She is a nutritionist.,Ул диетолог. ,Ul nutritionist. ,ఆమె పోషకాహార నిపుణుడు. ,She is a nutritionist. ,เธอเป็นนักโภชนาการ ,She is a nutritionist ,O bir beslenme uzmanıdır. ,"['He is a nutritionist.', 'She is a nutritionist.']",Ol iýmitleniş. ,It is nutrition. ,Вона дієтолог. ,She is a nutritionist. ,ئۇ ئوزۇقلۇقشۇناس. ,She is a nutritionist. ,U ovqatlanish mutaxassisi. ,He is a nutritionist. ,Cô ấy là một chuyên gia dinh dưỡng. ,She is a nutritionist. ,Mae hi'n faethegydd. ,She is a nutritionist. ,Ungumondli. ,She is a breadwinner. ,זי איז אַ נוטרישאַניסט. ,She is a nutritionist. 
She is an oceanographer.,Ул океанограф. ,Ul oceanographer. ,ఆమె ఓషనోగ్రాఫర్. ,She is an oceanographer. ,เธอเป็นนักสมุทรศาสตร์ ,She is an oceanographer ,O bir oşinograf. ,"[""He's an oceanographer."", ""She's an oceanographer.""]",Okeanograf. ,Oceanographer. ,Вона - океанограф. ,She is an oceanographer. ,ئۇ بىر ئوكيانشۇناس. ,He is an oceanographer. ,U okeanograf. ,The oceanographer. ,Cô ấy là một nhà hải dương học. ,She is an oceanographer. ,Eigionegydd yw hi. ,She is an oceanographer. ,Ungumlobi wolwandle. ,He is a sea writer. ,זי איז אַן אָקעאַנאָגראַף. ,She is an oceanographer. 
She is an osteopath.,Ул остеопат. ,Ul osteopath. ,ఆమె బోలు ఎముకల వ్యాధి. ,She has osteoporosis. ,เธอเป็นหมอกระดูก ,She is an orthopedist ,O bir osteopattır. ,"['He is an osteopath.', 'She is an osteopath.']",Ol osteopat. ,He's an osteopath. ,Вона остеопат. ,She is an osteopath. ,ئۇ سۆڭەك شالاڭلىشىش كېسىلى. ,It is a disease of osteoporosis. ,U osteopat. ,He is an osteopath. ,Cô ấy là một bác sĩ nắn xương. ,She is a chiropractor. ,Mae hi'n osteopath. ,She osteopath . ,Uyi-osteopath. ,You are an osteopath. ,זי איז אַן אָסטעאָפּאַט. ,She is an osteopath. 
She is a painter.,Ул рәссам. ,He is an artist. ,ఆమె చిత్రకారుడు. ,She is a painter. ,เธอเป็นจิตรกร ,She is a painter ,O bir ressamdır. ,"['He is a painter.', 'She is a painter.']",Ol suratkeş. ,He is an artist. ,Вона живописець. ,She is a painter. ,ئۇ رەسسام. ,He is an artist. ,U rassom. ,U rassom. ,Cô ấy là một họa sĩ. ,She is an artist. ,Mae hi'n arlunydd. ,She is an artist. ,Ungumzobi. ,He is an artist. ,זי איז אַ מאָלער. ,She is a painter. 
She is a paramedic.,Ул фельдшер. ,He is a paramedic. ,ఆమె పారామెడిక్. ,She is paramedic. ,เธอเป็นแพทย์ ,She is a doctor ,O bir sağlık görevlisi. ,"[""He's a paramedic."", ""She's a paramedic.""]",Ol lukman. ,He is a doctor. ,Вона фельдшер. ,She is a paramedic. ,ئۇ بىر جىددىي قۇتقۇزۇش خادىمى. ,He is an ambulance. ,U feldsher. ,The paramedic. ,Cô ấy là một nhân viên y tế. ,She is a medical officer. ,Mae hi'n barafeddyg. ,She is a paramedic. ,Ungumntu oncedisayo. ,She is a helpful person. ,זי איז אַ פּאַראַמעדיק. ,She is a paramedic. 
She is a pathologist.,Ул патолог. ,The pathologist. ,ఆమె పాథాలజిస్ట్. ,She is a pathologist. ,เธอเป็นพยาธิแพทย์ ,She is a pathologist ,O bir patolog. ,"[""He's a pathologist."", ""She's a pathologist.""]",Ol patolog. ,He is a pathologist. ,Вона патологоанатом. ,She is a pathologist. ,ئۇ بىر پاتولوگ. ,He is a pathologist. ,U patolog. ,The pathologist. ,Cô ấy là một nhà nghiên cứu bệnh học. ,She is a pathologist. ,Mae hi'n batholegydd. ,She is a pathologist. ,Uyingcali yezifo. ,He is a pathologist. ,זי איז אַ פּאַטאַלאַדזשאַסט. ,She is a pathologist. 
She is a pharmacologist.,Ул фармаколог. ,Street Pharmacologist. ,ఆమె ఫార్మకాలజిస్ట్. ,She is a pharmacologist. ,เธอเป็นเภสัชกร ,She is a pharmacist ,O bir farmakolog. ,"['He is a pharmacologist.', 'She is a pharmacologist.']",Ol farmakolog. ,He is a pharmacologist. ,Вона - фармаколог. ,She is a pharmacologist. ,ئۇ بىر دورىگەر. ,He is a pharmacist. ,U farmakolog. ,He is a pharmacologist. ,Cô ấy là một nhà dược học. ,She is a pharmacist. ,Mae hi'n ffarmacolegydd. ,She is a pharmacologist. ,Ugqirha wamayeza. ,Medical doctor. ,זי איז אַ פאַרמאַקאָלאָגיסט. ,She is a pharmacologist. 
She is a philosopher.,Ул фәлсәфәче. ,He is a philosopher. ,ఆమె ఒక తత్వవేత్త. ,She is a philosopher. ,เธอเป็นนักปรัชญา ,She is a philosopher ,O bir filozof. ,"['He is a philosopher.', 'She is a philosopher.']",Ol filosof. ,He is a philosopher. ,Вона філософ. ,She is a philosopher. ,ئۇ بىر پەيلاسوپ. ,He is a philosopher. ,U faylasuf. ,He is a philosopher. ,Cô ấy là một triết gia. ,She is a philosopher. ,Athronydd yw hi. ,She is a philosopher. ,Sisithandi sobulumko. ,He is a lover of wisdom. ,זי איז א פילאסאף. ,She is a philosopher. 
She is a photographer.,Ул фотограф. ,Street photographer. ,ఆమె ఫోటోగ్రాఫర్. ,She is a photographer. ,เธอเป็นช่างภาพ ,She is a photographer ,O bir fotoğrafçı. ,"[""He's a photographer."", ""She's a photographer.""]",Ol suratçy. ,He is a photographer. ,Вона фотограф. ,She is a photographer. ,ئۇ بىر فوتوگراف. ,He is a photographer. ,U fotograf. ,In the photographer. ,Cô ấy là một nhiếp ảnh gia. ,She is a photographer. ,Mae hi'n ffotograffydd. ,She is a photographer. ,Ungumfoti. ,She is a photographer. ,זי איז אַ פאָטאָגראַף. ,She is a photographer. 
She is a physician assistant.,Ул табиб ярдәмчесе. ,She is an assistant physician. ,ఆమె ఫిజిషియన్ అసిస్టెంట్. ,She is a Physician Assistant. ,เธอเป็นผู้ช่วยแพทย์ ,She is a physician assistant ,Hekim asistanıdır. ,"['He is a physician assistant.', 'She is a physician assistant.']",Lukman kömekçisi. ,Assistant Physician. ,Вона є помічником лікаря. ,She is a doctor's assistant. ,ئۇ دوختۇرنىڭ ياردەمچىسى. ,She is an assistant physician. ,U shifokor yordamchisi. ,He is a medical assistant. ,Cô ấy là một trợ lý bác sĩ. ,She is an assistant doctor. ,Mae hi'n gynorthwyydd meddyg. ,She is a physician's assistant. ,Ungumncedisi kagqirha. ,She is a doctor's assistant. ,זי איז אַ דאָקטער אַסיסטאַנט. ,She is a physician assistant. 
She is a physicist.,Ул физик. ,He is a physicist. ,ఆమె భౌతిక శాస్త్రవేత్త. ,She is a physicist. ,เธอเป็นนักฟิสิกส์ ,She is a physicist ,O bir fizikçi. ,"[""He's a physicist."", ""She's a physicist.""]",Fizik. ,Physics. ,Вона фізик. ,She is a physicist. ,ئۇ بىر فىزىكا ئالىمى. ,He is a physicist. ,U fizik. ,In physics. ,Cô ấy là một nhà vật lý. ,She is a physicist. ,Mae hi'n ffisegydd. ,She is a physicist. ,Ungusosayensi. ,He is a scientist. ,זי איז א פיזיקער. ,She is a physicist. 
She is a pilot.,Ул очучы. ,He is a pilot. ,ఆమె పైలట్. ,She is a pilot. ,เธอเป็นนักบิน ,She is a pilot ,O bir pilot. ,"[""He's a pilot."", ""She's a pilot.""]",Uçarman. ,I am a pilot. ,Вона льотчик. ,She is a pilot. ,ئۇ بىر ئۇچقۇچى. ,He is a pilot. ,U uchuvchi. ,He is a pilot. ,Cô ấy là một phi công. ,She is a pilot. ,Mae hi'n beilot. ,She is a pilot. ,Ungumqhubi wenqwelomoya. ,He is a pilot. ,זי איז אַ פּילאָט. ,She is a pilot. 
She is a plumber.,Ул слесарь. ,Ul locksmith. ,ఆమె ప్లంబర్. ,She is a plumber. ,เธอเป็นช่างประปา ,She is a plumber ,O bir tesisatçı. ,"[""He's a plumber."", ""She's a plumber.""]",Ol suw geçiriji. ,It is a water pipeline. ,Вона сантехнік. ,She is a plumber. ,ئۇ بىر تامچى. ,It is a drop. ,U chilangar. ,He is a plumber. ,Cô ấy là một thợ sửa ống nước. ,She is a plumber. ,Plymwr yw hi. ,She is a plumber. ,Ungumtywini weplamba. ,He is a plumber. ,זי איז אַן אינסטאַלאַטאָר. ,She is a plumber. 
She is a politician.,Ул сәясәтче. ,He is a politician. ,ఆమె రాజకీయ నాయకురాలు. ,She is a politician. ,เธอเป็นนักการเมือง ,She is a politician ,O bir politikacı. ,"[""He's a politician."", ""She's a politician.""]",Ol syýasatçy. ,He is a politician. ,Вона політик. ,She is a politician. ,ئۇ بىر سىياسەتچى. ,He is a politician. ,U siyosatchi. ,He is a politician. ,Cô ấy là một chính trị gia. ,She is a politician. ,Gwleidydd yw hi. ,She's a politician. ,Ungumpolitiki. ,He is a politician. ,זי איז אַ פּאָליטיקער. ,She is a politician. 
She is a receptionist.,Ул кабул итүче. ,He is the receiver. ,ఆమె రిసెప్షనిస్ట్. ,She is a receptionist. ,เธอเป็นพนักงานต้อนรับ ,She is a receptionist ,O bir resepsiyonist. ,"[""He's a receptionist."", ""She's a receptionist.""]",Ol kabul ediji. ,He is the receiver. ,Вона портьє. ,She is a receptionist. ,ئۇ كۈتۈۋالغۇچى. ,He is the host. ,U resepsiyonist. ,He is a receptionist. ,Cô ấy là một nhân viên lễ tân. ,She is a receptionist. ,Mae hi'n dderbynnydd. ,She is a receptionist. ,Ungumamkeli ziindwendwe. ,You are the host of guests. ,זי איז אַ ופנעמערין. ,She is a receptionist. 
She is a registered nurse.,Ул теркәлгән шәфкать туташы. ,She is a registered nurse. ,ఆమె రిజిస్టర్డ్ నర్సు. ,She is a registered nurse. ,เธอเป็นพยาบาลที่ขึ้นทะเบียน ,She is a registered nurse. ,Kayıtlı bir hemşiredir. ,"['He is a registered nurse.', 'She is a registered nurse.']",Ol hasaba alnan şepagat uýasy. ,She is a registered nurse. ,Вона зареєстрована медсестра. ,She is a registered nurse. ,ئۇ تىزىملاتقان سېستىرا. ,She is a registered nurse. ,U ro'yxatdan o'tgan hamshira. ,She is a registered nurse. ,Cô ấy là một y tá đã đăng ký. ,She is a registered nurse. ,Mae hi'n nyrs gofrestredig. ,She is a registered nurse. ,Ungumongikazi obhalisiweyo. ,She is a registered nurse. ,זי איז אַ רעגיסטרירט ניאַניע. ,She is a registered nurse. 
She is a salesman.,Ул сатучы. ,He is a salesman. ,ఆమె సేల్స్ మాన్. ,She is a salesman. ,เธอเป็นพนักงานขาย ,She is a salesman ,O bir satıcı. ,"[""He's a seller."", ""She's a seller.""]",Ol satyjy. ,He is a salesman. ,Вона продавець. ,She is a saleswoman. ,ئۇ بىر ساتقۇچى. ,He is a salesman. ,U sotuvchi. ,He is a salesman. ,Cô ấy là một nhân viên bán hàng. ,She is a salesman. ,Mae hi'n werthwr. ,She is a salesman. ,Ungumthengisi. ,He is a salesman. ,זי איז אַ פאַרקויפער. ,She is a saleswoman. 
She is a salesperson.,Ул сатучы. ,He is a salesman. ,ఆమె సేల్స్ పర్సన్. ,She is a sales person. ,เธอเป็นพนักงานขาย ,She is a salesman ,O bir satış elemanı. ,"[""He's a salesperson."", ""She's a salesperson.""]",Ol satyjy. ,He is a salesman. ,Вона - продавець. ,She is a seller. ,ئۇ بىر ساتقۇچى. ,He is a salesman. ,U sotuvchi. ,He is a salesman. ,Cô ấy là một nhân viên bán hàng. ,She is a salesman. ,Mae hi'n werthwr. ,She is a salesman. ,Ungumthengisi. ,He is a salesman. ,זי איז אַ פאַרקויפערין. ,She is a saleswoman. 
She is a scientist.,Ул галим. ,He is a scientist. ,ఆమె శాస్త్రవేత్త. ,She is a scientist. ,เธอเป็นนักวิทยาศาสตร์ ,She is a scientist ,O bir bilim adamıdır. ,"['He is a scientist.', 'She is a scientist.']",Ol alym. ,He is a scientist. ,Вона вчений. ,She is a scientist. ,ئۇ بىر ئالىم. ,He is a scientist. ,U olim. ,He is a scientist. ,Cô ấy là một nhà khoa học. ,She is a scientist. ,Mae hi'n wyddonydd. ,She is a scientist. ,Ungusosayensi. ,He is a scientist. ,זי איז אַ געלערנטער. ,She is a scientist. 
She is a sea captain.,Ул диңгез капитаны. ,He is the captain of the sea. ,ఆమె సీ కెప్టెన్. ,She is the Sea Captain. ,เธอเป็นกัปตันเรือ ,She is the captain of the ship ,O bir deniz kaptanı. ,"[""He's a sea captain."", ""She's a sea captain.""]",Ol deňiz kapitany. ,He is a sea captain. ,Вона морський капітан. ,She is a sea captain. ,ئۇ بىر دېڭىز باشلىقى. ,He is a captain. ,U dengiz kapitani. ,He is a naval captain. ,Cô ấy là một thuyền trưởng biển. ,She is a marine captain. ,Mae hi'n gapten môr. ,She is a sea captain. ,Ungukapteni wolwandle. ,He is the captain of the sea. ,זי איז אַ ים קאַפּיטאַן. ,She is a sea captain. 
She is a secretary.,Ул секретарь. ,Street secretary. ,ఆమే సహయకురాలు. ,She is an assistant. ,เธอเป็นเลขานุการ. ,She is a secretary. ,O bir sekreter. ,"[""He's a secretary."", ""She's a secretary.""]",Döwlet sekretary. ,Secretary of State. ,Вона секретар. ,She is the secretary. ,ئۇ بىر كاتىپ. ,He is a secretary. ,U kotib. ,He is a secretary. ,Cô ấy là thư kí. ,She is a secretary. ,Mae hi'n ysgrifennydd. ,She is a secretary. ,Ungunobhala. ,She is the secretary. ,זי איז א סעקרעטאר. ,She is a secretary. 
She is a singer.,Ул җырчы. ,She is a singer. ,ఆమె గాయని. ,She is a singer. ,เธอเป็นนักร้อง. ,She is a singer. ,O bir şarkıcı. ,"[""He's a singer."", ""She's a singer.""]",Ol aýdymçy. ,She is a singer. ,Вона співачка. ,She is a singer. ,ئۇ بىر ناخشىچى. ,She is a singer. ,U qo'shiqchi. ,She is a singer. ,Cô ấy là ca sĩ. ,She is a singer. ,Mae hi'n gantores. ,She is a singer. ,Uyimvumi. ,She is a singer. ,זי איז א זינגערין. ,She is a singer. 
She is a solicitor.,Ул яклаучы. ,He is a defender. ,ఆమె ఒక న్యాయవాది. ,She is a lawyer. ,เธอเป็นผู้ชักชวน ,She is the persuader ,O bir avukattır. ,"['He is a lawyer.', 'She is a lawyer.']",Ol aklawçy. ,He is a lawyer. ,Вона є адвокатом. ,She is a lawyer. ,ئۇ ئادۋوكات. ,He is a lawyer. ,U advokat. ,He is a lawyer. ,Cô ấy là một luật sư. ,She is a lawyer. ,Mae hi'n gyfreithiwr. ,She is a lawyer. ,Uligqwetha. ,He is a lawyer. ,זי איז אַ אַדוואָקאַט. ,She is a lawyer. 
She is a speech pathologist.,Ул сөйләм патологы. ,He is a speech pathologist. ,ఆమె స్పీచ్ పాథాలజిస్ట్. ,She is a speech pathologist. ,เธอเป็นพยาธิสภาพการพูด ,She is a speech pathology. ,Konuşma patoloğu. ,Speech pathologist. ,Ol söz patology. ,It is a word pathology. ,Вона - дефектолог. ,She is a speech pathologist. ,ئۇ بىر نۇتۇق كېسەللىكلىرى دوختۇرى. ,He is a speech therapist. ,U defektolog. ,The defectologist. ,Cô ấy là một nhà nghiên cứu bệnh học về giọng nói. ,She is a speech pathologist. ,Mae hi'n batholegydd lleferydd. ,She is a speech pathologist. ,Uyingcali yendlela yokuthetha. ,He is a master of speech. ,זי איז אַ רעדע פּאַטאַלאַדזשאַסט. ,She is a speech pathologist. 
She is a speech-language pathologist.,Ул сөйләм телендәге патолог. ,He is a speech pathologist. ,ఆమె స్పీచ్-లాంగ్వేజ్ పాథాలజిస్ట్. ,She is a speech-language pathologist. ,เธอเป็นพยาธิสภาพการพูด - ภาษา ,She is a speech-language pathology. ,Konuşma dili patoloğu. ,Speech language pathologist. ,Ol sözleýiş dilindäki patolog. ,He is a speech pathologist. ,Вона - мовний патолог. ,She is a speech pathologist. ,ئۇ نۇتۇق تىلى كېسەللىكلىرى دوختۇرى. ,He is a speech pathologist. ,U logoped-patolog. ,He is a speech therapist-pathologist. ,Cô ấy là một nhà nghiên cứu bệnh học về ngôn ngữ. ,She is a language pathologist. ,Mae hi'n batholegydd iaith lafar. ,She is an oral language pathologist. ,Uyi-pathologist yolwimi. ,You are a language pathologist. ,זי איז אַ רעדע-שפּראַך פּאַטאַלאַדזשאַסט. ,She is a speech-language pathologist. 
She is a statistician.,Ул статистик. ,He is a statistician. ,ఆమె గణాంకవేత్త. ,She is a statistician. ,เธอเป็นนักสถิติ ,She is a statistician ,O bir istatistikçi. ,"[""He's a statistician."", ""She's a statistician.""]",Ol statistikaçy. ,He is a statistician. ,Вона - статистик. ,She is a statistician. ,ئۇ بىر ستاتىستىكا خادىمى. ,He is a statistician. ,U statistik. ,In statistics. ,Cô ấy là một nhà thống kê. ,She is a statistician. ,Mae hi'n ystadegydd. ,She is a statistician. ,Ungumlingisi weenkcukacha-manani. ,She is a statistician. ,זי איז אַ סטאַטיסטיש. ,She is a statistician. 
She is a surveyor.,Ул - тикшерүче. ,He is a researcher. ,ఆమె ఒక సర్వేయర్. ,She is a surveyor. ,เธอเป็นนักสำรวจ ,She is an explorer ,O bir eksper. ,"[""He's an expert."", ""She's an expert.""]",Gözlegçi. ,Researcher. ,Вона - геодезист. ,She is a surveyor. ,ئۇ بىر تەكشۈرگۈچى. ,He is an investigator. ,U yershunos. ,He is a geologist. ,Cô ấy là một nhà khảo sát. ,She is a surveyor. ,Syrfëwr yw hi. ,She is a surveyor. ,Ungumvavanyi. ,He is a tester. ,זי איז אַ סורווייער. ,She is a Surveyor. 
She is a therapist.,Ул терапевт. ,He is a therapist. ,ఆమె చికిత్సకుడు. ,She is a therapist. ,เธอเป็นนักบำบัด ,She is a therapist ,O bir terapist. ,"[""He's a therapist."", ""She's a therapist.""]",Terapewt. ,Therapist. ,Вона терапевт. ,She is a therapist. ,ئۇ بىر داۋالاش دوختۇرى. ,He is a medical doctor. ,U terapevt. ,He is a therapist. ,Cô ấy là một nhà trị liệu. ,She is a therapist. ,Mae hi'n therapydd. ,She is a therapist. ,Ungumgqirha. ,She is a doctor. ,זי איז אַ טעראַפּיסט. ,She is a therapist. 
She is an undertaker.,Ул эш алып баручы. ,He is the conductor. ,ఆమె ఒక పనివాడు. ,She is a workaholic. ,เธอเป็นสัปเหร่อ ,She is an undertaker ,O bir cenazecidir. ,He is a funeral man. ,Ol kärhanaçy. ,He is an entrepreneur. ,Вона трунар. ,She is a coffin. ,ئۇ بىر ھۆددىگە ئالغۇچى. ,He is a contractor. ,U ishbilarmon. ,He is a businessman. ,Cô ấy là một người đảm nhận. ,She is an undertaker. ,Mae hi'n ymgymerwr. ,She is an undertaker. ,Ungumngcwabi. ,He is the undertaker. ,זי איז אַן אונטערנעמער. ,She is an entrepreneur. 
She is an urban planner.,Ул шәһәрне планлаштыручы. ,He is a city planner. ,ఆమె అర్బన్ ప్లానర్. ,She is an Urban Planner. ,เธอเป็นนักวางผังเมือง ,She is an urban planner ,O bir şehir plancısı. ,"[""He's a city planner."", ""She's a city planner.""]",Ol şäher meýilleşdiriji. ,He is a city planner. ,Вона містобудівник. ,She is a city planner. ,ئۇ شەھەر پىلانلىغۇچىسى. ,He is a city planner. ,U shaharsozlik bilan shug'ullanadi. ,He is involved in urban planning. ,Cô ấy là một nhà quy hoạch đô thị. ,She is an urban planner. ,Mae hi'n gynllunydd trefol. ,She is an urban planner. ,Ungumcwangcisi wedolophu. ,She is a town planner. ,זי איז אַ שטאָטיש פּלאַננער. ,She is an urban planner. 
She is a videographer.,Ул видеограф. ,He is a videographer. ,ఆమె వీడియోగ్రాఫర్. ,She is a videographer. ,เธอเป็นนักถ่ายวิดีโอ ,She is a videographer ,O bir kameraman. ,He's a cameraman. ,Ol wideograf. ,He is a videographer. ,Вона - відеооператор. ,She is a videographer. ,ئۇ سىن ئالغۇچى. ,He is a videographer. ,U videograf. ,The videographer. ,Cô ấy là một nhà quay phim. ,She is a cameraman. ,Mae hi'n fideograffydd. ,She is a videographer. ,Ungumfoti wevidiyo. ,You are a video photographer. ,זי איז אַ ווידעאָגראַפער. ,She is a videographer. 
She is a virologist.,Ул вирусолог. ,Ul virologist. ,ఆమె వైరాలజిస్ట్. ,She is a virologist. ,เธอเป็นนักไวรัสวิทยา ,She is a virologist ,O bir virolog. ,"[""He's a virologist."", ""She's a virologist.""]",Wirusolog. ,Virologist. ,Вона вірусолог. ,She is a virologist. ,ئۇ بىر ۋىرۇسشۇناس. ,He is a virologist. ,U virusolog. ,He is a virologist. ,Cô ấy là một nhà virus học. ,She is a virologist. ,Mae hi'n firolegydd. ,She firolegydd . ,Ingcali yentsholongwane. ,A pathologist. ,זי איז אַ וויראָלאָגיסט. ,She is a virologist. 
She is a visual artist.,Ул визуаль рәссам. ,He is a visual artist. ,ఆమె విజువల్ ఆర్టిస్ట్. ,She is a visual artist. ,เธอเป็นศิลปินด้านภาพ ,She is a visual artist ,Görsel bir sanatçıdır. ,It is a visual artist. ,Ol wizual suratkeş. ,He is a visual artist. ,Вона художник-візуаліст. ,She is a visual artist. ,ئۇ بىر كۆرۈنۈشلۈك سەنئەتكار. ,He is a prominent artist. ,U tasviriy rassom. ,He is a fine artist. ,Cô ấy là một nghệ sĩ thị giác. ,She is a visual artist. ,Mae hi'n arlunydd gweledol. ,She is a visual artist. ,Ungumculi obonakalayo. ,He is a visible artist. ,זי איז אַ וויזשאַוואַל קינסטלער. ,She is a visual artist. 
She is a waiter.,Ул официант. ,Street waiter. ,ఆమె వెయిటర్. ,She is a waiter. ,เธอเป็นพนักงานเสิร์ฟ ,She is a waitress ,O bir garson. ,He's a waitress. ,Ol ofisiant. ,He's a waitress. ,Вона офіціант. ,She is a waiter. ,ئۇ بىر كۈتكۈچى. ,She is a waitress. ,U ofitsiant. ,The waiter. ,Cô ấy là một bồi bàn. ,She is a waiter. ,Mae hi'n weinydd. ,She is a waitress. ,Ungumncedisi. ,She is a helper. ,זי איז א קעלנער. ,She is a waiter. 
She is a web designer.,Ул веб-дизайнер. ,She is a web designer. ,ఆమె వెబ్ డిజైనర్. ,She is a web designer. ,เธอเป็นนักออกแบบเว็บไซต์ ,She is a web designer ,O bir web tasarımcısıdır. ,"['He is a web designer.', 'She is a web designer.']",Web dizaýneri. ,Web designer. ,Вона веб-дизайнер. ,She is a web designer. ,ئۇ بىر تور لايىھىلىگۈچىسى. ,He is a web designer. ,U veb-dizayner. ,He is a web designer. ,Cô ấy là một nhà thiết kế web. ,She is a web designer. ,Mae hi'n ddylunydd gwe. ,She is a web designer. ,Uyilo lwewebhu. ,Web design. ,זי איז אַ וועב דיזיינער. ,She is a web designer. 
She is a web developer.,Ул веб ясаучы. ,He is a web developer. ,ఆమె వెబ్ డెవలపర్. ,She is a web developer. ,เธอเป็นนักพัฒนาเว็บ ,She is a web developer. ,O bir web geliştiricisidir. ,"['He is a web developer.', 'She is a web developer.']",Web ýasaýjy. ,Web developer. ,Вона веб-розробник. ,She is a web developer. ,ئۇ بىر تور ئاچقۇچى. ,It is a web developer. ,U veb-dasturchi. ,He is a web developer. ,Cô ấy là một nhà phát triển web. ,She is a web developer. ,Mae hi'n ddatblygwr gwe. ,She is a web developer. ,Ungumphuhlisi wewebhu. ,You are a web developer. ,זי איז אַ וועב דעוועלאָפּער. ,She is a web developer. 
She is a zoologist.,Ул зоолог. ,He is a zoologist. ,ఆమె జువాలజిస్ట్. ,She is a zoologist. ,เธอเป็นนักสัตววิทยา ,She is a zoologist ,O bir zoolog. ,"[""He's a zoologist."", ""She's a zoologist.""]",Ol zoolog. ,He is a zoologist. ,Вона зоолог. ,She is a zoologist. ,ئۇ ھايۋاناتلار دوختۇرى. ,He is a veterinarian. ,U zoolog. ,He is a zoologist. ,Cô ấy là một nhà động vật học. ,She is a zoologist. ,Mae hi'n sŵolegydd. ,She is a zoologist. ,Ungugqirha wezilwanyana. ,He is a veterinarian. ,זי איז אַ זאָאָלאָג. ,She is a zoologist. 
