original,En2Pashto,Pashto2En,En2Persian,Persian2En,En2Polish,Polish2En,En2Portuguese,Portuguese2En,En2Punjabi,Punjabi2En,En2Romanian,Romanian2En,En2Russian,Russian2En,En2Samoan,Samoan2En,En2Scots_Gaelic,Scots_Gaelic2En,En2Serbian,Serbian2En,En2Sesotho,Sesotho2En,En2Shona,Shona2En
She is an advocate.,هغه مدافع ده ,She is a defender ,او یک مدافع است. ,He is a defender. ,Jest adwokatem. ,He is an attorney. ,Ela é uma defensora. ,She is an advocate. ,ਉਹ ਇੱਕ ਵਕੀਲ ਹੈ. ,He is a lawyer. ,Este un avocat. ,He's a lawyer. ,Она адвокат. ,She is a lawyer. ,O ia o se fautua. ,He is an advocate. ,Tha i na neach-tagraidh. ,She is an advocate. ,Она је адвокат. ,She is a lawyer. ,Ke mmuelli. ,I am an advocate. ,Ndiye mumiriri. ,He is the ambassador. 
She is an agriculturist.,هغه کرهنیزه ده. ,She is an agriculturist. ,او یک کشاورز است. ,He is a farmer. ,Jest rolnikiem. ,He is a farmer. ,Ela é uma agricultora. ,She is a farmer. ,ਉਹ ਇੱਕ ਖੇਤੀਬਾੜੀ ਹੈ. ,He is an agriculturist. ,Este agricultor. ,He is a farmer. ,Она агроном. ,She is an agronomist. ,O ia o se faifaatoaga. ,He is a farmer. ,Tha i na neach-àiteachais. ,She is an farmer. ,Она је пољопривредник. ,She is a farmer. ,Ke setsebi sa temo. ,I am an agricultural expert. ,Iye inyanzvi yekurima. ,He is an agricultural expert. 
She is an aircraft pilot.,هغه د الوتکې پیلوټ ده ,She is a pilot ,او یک خلبان هواپیما است. ,He is a pilot. ,Jest pilotem samolotu. ,He is an airplane pilot. ,Ela é piloto de avião. ,She is an airplane pilot. ,ਉਹ ਇਕ ਏਅਰਕ੍ਰਾਫਟ ਪਾਇਲਟ ਹੈ। ,He is an aircraft pilot. ,Este pilot de aeronavă. ,He's an aircraft pilot. ,Она летчик самолета. ,She is an airplane pilot. ,O ia o se vaalele vaalele. ,He is an airplane pilot. ,Tha i na pìleat itealain. ,She is a flight pilot. ,Она је пилот авиона. ,She is an airplane pilot. ,Ke mofofisi oa sefofane. ,I am a pilot. ,Iye mutyairi wendege. ,He is a pilot. 
She is an artist.,هغه یوه هنرمند ده ,She is an artist ,او یک هنرمند است. ,He is an artist. ,Ona jest artystką. ,She is an artist. ,Ela é uma artista. ,She is an artist. ,ਉਹ ਇੱਕ ਕਲਾਕਾਰ ਹੈ. ,He is an artist. ,Ea este o artistă. ,She is an artist. ,Она - художник. ,She is an artist. ,O ia o se atisi. ,He is an artist. ,Tha i na neach-ealain. ,She is an artist. ,Она је уметница. ,She is an artist. ,Ke setaki. ,I am an artist. ,Ndiye muimbi. ,He is a singer. 
She is an astronomer.,هغه ستورپیژندونکې ده ,She is an astrologer ,او یک ستاره شناس است. ,He is an astronomer. ,Jest astronomem. ,He is an astronomer. ,Ela é uma astrônoma. ,She is an astronomer. ,ਉਹ ਇੱਕ ਖਗੋਲ ਵਿਗਿਆਨੀ ਹੈ. ,He is an astronomer. ,Ea este astronomă. ,She is an astronomer. ,Она астроном. ,She is an astronomer. ,O ia o se tagata vaʻai fetu. ,He is an astrologer. ,Tha i na speuradair. ,She is an astronaut. ,Она је астроном. ,She is an astronomer. ,Ke setsebi sa linaleli. ,I am an astronomer. ,Iye nyanzvi yemuchadenga. ,He is an astronomer. 
She is an attorney.,هغه څارنواله ده ,She is a prosecutor ,او وكیل است. ,He is a lawyer. ,Jest prawnikiem. ,He is a lawyer. ,Ela é advogada. ,She is a lawyer. ,ਉਹ ਇੱਕ ਵਕੀਲ ਹੈ. ,He is a lawyer. ,Este avocat. ,He's a lawyer. ,Она адвокат. ,She is a lawyer. ,O ia o se loia ,He is a lawyer ,Tha i na neach-lagha. ,She is a lawyer. ,Она је адвокат. ,She is a lawyer. ,Ke 'muelli oa molao. ,He is a lawyer. ,Ndiye gweta. ,He is a lawyer. 
She is an audiologist.,هغه د آډیوولوژیست ده ,She is an audiologist ,او شنوایی شناس است. ,He is an audiologist. ,Jest audiologiem. ,He is an audiologist. ,Ela é uma audiologista. ,She is an audiologist. ,ਉਹ ਇੱਕ ਆਡੀਓਲੋਜਿਸਟ ਹੈ. ,He is an audiologist. ,Este audiolog. ,He's an audiologist. ,Она аудиолог. ,She is an audiologist. ,O ia o se suʻe leo. ,He is a voice actor. ,Tha i na neach-èisdeachd. ,She is a listener. ,Она је аудиолог. ,She is an audiologist. ,Ke setsebi sa kutlo. ,I am a hearing aid. ,Iye ari audiologist. ,He is an audiologist. 
She is a banker.,هغه بانکداره ده ,She is a banker ,او یک بانکدار است. ,He is a banker. ,Ona jest bankierem. ,She is a banker. ,Ela é uma banqueira. ,She is a banker. ,ਉਹ ਇੱਕ ਸ਼ਾਹੂਕਾਰ ਹੈ. ,He is a banker. ,Este bancher. ,He's a banker. ,Она банкир. ,She is a banker. ,O ia o se faletupe. ,He is a banker. ,Tha i na bancair. ,She is a banker. ,Она је банкар. ,She is a banker. ,Ke banki. ,I am a banker. ,Iye mubhengi. ,He's a banker. 
She is a barber.,هغه یو حجام دی. ,He is a barber. ,او آرایشگر است. ,She is a hairdresser. ,Jest fryzjerką. ,She is a hairdresser. ,Ela é uma barbeira. ,She is a barber. ,ਉਹ ਇੱਕ ਨਾਈ ਹੈ. ,She is a barber. ,Este frizer. ,It's a barber. ,Она парикмахер. ,She is a hairdresser. ,O ia o se oti ulu. ,He is a barber. ,Tha i na borbair. ,She is a barber. ,Она је берберина. ,She's a barber. ,Ke mokuti. ,That's right. ,Iye mugeri. ,He's a barber. 
She is a bartender.,هغه بارټینډر ده. ,She is a bartender. ,او یک متصدی بار است. ,He is a bartender. ,Jest barmanką. ,She is a bartender. ,Ela é uma bartender. ,She is a bartender. ,ਉਹ ਬਾਰਟੈਂਡਰ ਹੈ. ,He is a bartender. ,Este barman. ,He's a bartender. ,Она бармен. ,She's a bartender. ,O ia o se pa pia. ,He is a beer bar. ,Tha i na bartender. ,She is a bartender. ,Она је бармен. ,She's a bartender. ,Ke motho ea rekisang joala. ,He is a liquor salesman. ,Iye bharanzi. ,He's a balance. 
She is a biologist.,هغه بیولوژیست ده ,She is a biologist ,او یک زیست شناس است. ,He is a biologist. ,Jest biologiem. ,He is a biologist. ,Ela é bióloga. ,She is a biologist. ,ਉਹ ਜੀਵ-ਵਿਗਿਆਨੀ ਹੈ. ,He is a biologist. ,Este biologă. ,She's a biologist. ,Она биолог. ,She's a biologist. ,O ia o se biologist. ,He is a biologist. ,Tha i na bith-eòlaiche. ,She is a biologist. ,Она је биолог. ,She is a biologist. ,Ke setsebi sa baeloji. ,I am a biologist. ,Iye - biologist. ,He - biologist. 
She is a bookkeeper.,هغه یو کتاب ساتونکی دی ,He is a book keeper ,او دفتردار است. ,He is a clerk. ,Jest księgową. ,She is an accountant. ,Ela é contadora. ,She is an accountant. ,ਉਹ ਇੱਕ ਬੁੱਕ ਕੀਪਰ ਹੈ. ,He is a book keeper. ,Este contabilă. ,She's an accountant. ,Она бухгалтер. ,She is a bookkeeper. ,O ia o se tausi tusi. ,He is an accountant. ,Tha i na neach-glèidhidh leabhraichean. ,She is a bookkeeper. ,Она је књиговођа. ,She is an accountant. ,Ke mohlokomeli oa libuka. ,I am a librarian. ,Iye mubhuki. ,He is a bookmaker. 
She is a botanist.,هغه نباتات ده ,She is a plant ,او گیاه شناس است. ,He is a botanist. ,Jest botanikiem. ,He is a botanist. ,Ela é uma botânica. ,She is a botanist. ,ਉਹ ਇੱਕ ਬਨਸਪਤੀ ਵਿਗਿਆਨੀ ਹੈ. ,He is a botanist. ,Este botanică. ,It's botany. ,Она ботаник. ,She's a nerd. ,O ia o se fai vailaʻau. ,He is a pharmacist. ,Tha i na luibh-eòlaiche. ,She is a botanist. ,Она је ботаничар. ,She is a botanist. ,Ke setsebi sa limela. ,I am a botanist. ,Iye botanist. ,He's a botanist. 
She is a builder.,هغه جوړونکی ده ,He is the creator ,او سازنده است. ,He is a builder. ,Ona jest budowniczym. ,She is a builder. ,Ela é uma construtora. ,She is a builder. ,ਉਹ ਇੱਕ ਬਿਲਡਰ ਹੈ. ,He is a builder. ,Este constructor. ,He's a builder. ,Она строитель. ,She is a builder. ,O ia o se tufuga. ,He is an artist. ,Tha i na neach-togail. ,She is a builder. ,Она је градитељ. ,She is a builder. ,Ke sehahi. ,I am a builder. ,Iye muvaki. ,He is the builder. 
She is a businessperson.,هغه یو سوداګره ښځه ده. ,She is a business woman. ,او یک تاجر است. ,He is a businessman. ,Ona jest biznesmenką. ,She is a businesswoman. ,Ela é uma pessoa de negócios. ,She is a business person. ,ਉਹ ਇਕ ਬਿਜ਼ਨਸਪਰਸਨ ਹੈ. ,He is a businessman. ,Este om de afaceri. ,He's a businessman. ,Она бизнесмен. ,She is a businessman. ,O ia o se pisinisi. ,He is a business. ,Tha i na neach-gnìomhachais. ,She is a businessman. ,Она је пословни човек. ,She is a businessman. ,Ke rakhoebo. ,I'm a businessman. ,Iye muzvinabhizinesi. ,He is a businessman. 
She is a butcher.,هغه قصاب ده ,She is a butcher ,او قصاب است. ,He is a butcher. ,Ona jest rzeźnikiem. ,She is a butcher. ,Ela é uma açougueira. ,She is a butcher. ,ਉਹ ਇੱਕ ਕਸਾਈ ਹੈ. ,He is a butcher. ,Este măcelar. ,He's a butcher. ,Она мясник. ,She's a butcher. ,O ia o se fasi manu. ,He is a piece of animal. ,Tha i na bùidsear. ,She is a butcher. ,Она је месар. ,She is a butcher. ,Ke setlai. ,I am a joker. ,Iye mubhucha. ,He is a butcher. 
She is a carpenter.,هغه ترکاenter ده. ,He is a Turkish enter. ,او نجاری است. ,He is a carpenter. ,Ona jest stolarzem. ,She is a carpenter. ,Ela é carpinteira. ,She is a carpenter. ,ਉਹ ਤਰਖਾਣ ਹੈ। ,He is a carpenter. ,Este dulgher. ,He's a carpenter. ,Она плотник. ,She is a carpenter. ,O ia o se kamuta. ,He is a carpenter. ,Tha i na saoir. ,She is a carpenter. ,Она је столар. ,She is a carpenter. ,Ke 'metli oa mapolanka. ,He is a carpenter. ,Iye muvezi. ,He is a carpenter. 
She is a cashier.,هغه یوه کیشیر ده ,She is a cashier ,او صندوقدار است. ,He is a cashier. ,Jest kasjerką. ,She is a cashier. ,Ela é uma caixa. ,She is a box. ,ਉਹ ਇਕ ਕੈਸ਼ੀਅਰ ਹੈ. ,He is a cashier. ,Este casieră. ,She's a cashier. ,Она кассир. ,She is a cashier. ,O ia o se kesia. ,He is a cashier. ,Tha i na ionmhasair. ,She is a treasurer. ,Она је благајница. ,She's the cashier. ,Ke mofani oa chelete. ,I am a donor. ,Iye mubati. ,He is the master. 
She is a chef.,هغه شیف ده. ,She is a chef. ,او یک آشپز است. ,He is a chef. ,Ona jest szefem kuchni. ,She is the chef. ,Ela é uma chef. ,She is a chef. ,ਉਹ ਇੱਕ ਸ਼ੈੱਫ ਹੈ. ,He is a chef. ,Este bucătar. ,He's a cook. ,Она шеф-повар. ,She's a chef. ,O ia o se kuka. ,She is a cook. ,Tha i na còcaire. ,She is a cook. ,Она је кувар. ,She's a cook. ,Ke seapehi. ,I am a cook. ,Iye shefu. ,He's a boss. 
She is a chemist.,هغه یوه کیمیا ده. ,He is a chemist. ,او یک شیمی دان است. ,He is a chemist. ,Ona jest chemikiem. ,She is a chemist. ,Ela é uma química. ,She's a chemist. ,ਉਹ ਇੱਕ ਕੈਮਿਸਟ ਹੈ. ,He is a chemist. ,Este chimistă. ,She's a chemist. ,Она химик. ,She is a chemist. ,O ia o se kemisi. ,He is a chemist. ,Tha i na ceimigear. ,She is a chemist. ,Она је хемичар. ,She is a chemist. ,Ke rakhemisi. ,I am a pharmacist. ,Iye wemakemikari. ,He's a chemist. 
She is a clergy advisor.,هغه د پادری سلاکاره ده. ,She is a pastor's advisor. ,او مشاور روحانیت است. ,He is an advisor to the clergy. ,Jest doradcą duchowieństwa. ,He is an advisor to the clergy. ,Ela é uma conselheira do clero. ,She is an adviser to the clergy. ,ਉਹ ਇੱਕ ਪਾਦਰੀਆਂ ਦੀ ਸਲਾਹਕਾਰ ਹੈ. ,He is a pastor's counselor. ,Este consilier al clerului. ,He is an adviser to the clergy. ,Она советник духовенства. ,She is an advisor to the clergy. ,O ia o se faufautua faufautua. ,He is a consulting consultant. ,Tha i na comhairliche clèireach. ,She is a clerical councilor. ,Она је саветник за свештенство. ,She is a priest counselor. ,Ke moeletsi oa baruti. ,He is a clergyman's adviser. ,Iye mupi wezano wevafundisi. ,He is the counselor of the clergy. 
She is a clinical lab technician.,هغه د کلینیکي لابراتوار تخنیکي ده. ,She is a clinical laboratory technician. ,او یک تکنسین آزمایشگاه بالینی است. ,He is a clinical laboratory technician. ,Jest technikiem laboratoryjnym. ,He is a laboratory technician. ,Ela é técnica de laboratório clínico. ,She is a clinical laboratory technician. ,ਉਹ ਕਲੀਨਿਕਲ ਲੈਬ ਟੈਕਨੀਸ਼ੀਅਨ ਹੈ. ,He is a Clinical Lab Technician. ,Este tehnician de laborator clinic. ,He is a clinical laboratory technician. ,Она техник клинической лаборатории. ,She is a clinical laboratory technician. ,O ia o se falemaʻi falemaʻi tekinisia. ,He is a medical technician. ,Tha i na theicneòlaiche lab clionaigeach. ,She is a clinical lab technician. ,Она је клинички лабораторијски техничар. ,She is a clinical laboratory technician. ,Ke setsebi sa bongaka sa laboratori. ,I am a medical laboratory technician. ,Iye chiremba wekiriniki. ,She is a clinical doctor. 
She is a coach.,هغه کوچ ده. ,She is a coach. ,او مربی است. ,He is a coach. ,Jest trenerem. ,He is a coach. ,Ela é uma treinadora. ,She is a coach. ,ਉਹ ਕੋਚ ਹੈ। ,He is a coach. ,Este antrenor. ,He's a coach. ,Она тренер. ,She is a coach. ,O ia o se faiaoga. ,He is a teacher. ,Tha i na coidse. ,She is a coach. ,Она је тренер. ,She's a coach. ,Ke mokoetlisi. ,I am a coach. ,Iye murairidzi. ,He is an instructor. 
She is a developer.,هغه پرمختیا کونکی ده ,She is a developer ,او یک توسعه دهنده است. ,He is a developer. ,Jest programistą. ,He is a programmer. ,Ela é uma desenvolvedora. ,She is a developer. ,ਉਹ ਇੱਕ ਵਿਕਾਸਕਾਰ ਹੈ. ,He is a developer. ,Ea este dezvoltator. ,She is a developer. ,Она разработчик. ,She's a developer. ,O ia o se atinaʻe. ,He is an entrepreneur. ,Tha i na leasaiche. ,She is a therapist. ,Она је програмер. ,She is a programmer. ,Ke moqapi. ,I am a designer. ,Iye anovandudza. ,He improves. 
She is a dietitian.,هغه د رژیم متخصصه ده ,She is a dietitian ,او یک متخصص رژیم درمانی است. ,He is a dietitian. ,Jest dietetykiem. ,He is a dietitian. ,Ela é nutricionista. ,She is a nutritionist. ,ਉਹ ਇੱਕ ਡਾਇਟੀਸ਼ੀਅਨ ਹੈ. ,He is a dietitian. ,Este dietetician. ,He's a dietitian. ,Она диетолог. ,She is a nutritionist. ,O ia o se foma i o mea taumafa. ,He is a dietitian. ,Tha i na dietitian. ,She is a dietitian. ,Она је дијететичар. ,She is a dietitian. ,Ke setsebi sa phepo. ,I am a nutritionist. ,Iye chiremba. ,He's a doctor. 
She is an ecologist.,هغه ايکولوژيکه ده. ,She is ecological. ,او یک بوم شناس است. ,He is an ecologist. ,Jest ekologiem. ,He is an ecologist. ,Ela é uma ecologista. ,She is an ecologist. ,ਉਹ ਇਕ ਵਾਤਾਵਰਣ ਸ਼ਾਸਤਰੀ ਹੈ. ,He is an ecologist. ,Este ecologistă. ,She's an environmentalist. ,Она эколог. ,She is an environmentalist. ,O ia o se ecologist. ,He is an ecologist. ,Tha i na eag-eòlaiche. ,She is an ecologist. ,Она је еколог. ,She is an ecologist. ,Ke setsebi sa tikoloho. ,I am an environmentalist. ,Ndiye ecologist. ,I am an ecologist. 
She is an editor.,هغه یوه مدیر ده. ,She is a manager. ,او یک ویراستار است. ,He is an editor. ,Jest redaktorką. ,She is an editor. ,Ela é uma editora. ,She is a publisher. ,ਉਹ ਇੱਕ ਸੰਪਾਦਕ ਹੈ. ,He is an editor. ,Este editor. ,This is the editor. ,Она редактор. ,She's an editor. ,O ia o se faatonu. ,He is a director. ,Tha i na neach-deasachaidh. ,She is an editor. ,Она је уредница. ,She is an editor. ,Ke mohlophisi. ,I am an editor. ,Iye mupepeti. ,He's an editor. 
She is an electrician.,هغه بریښنایی ده. ,He is electric. ,او یک برق است. ,He is an electrician. ,Jest elektrykiem. ,He is an electrician. ,Ela é eletricista. ,She is an electrician. ,ਉਹ ਇਕ ਇਲੈਕਟ੍ਰੀਸ਼ੀਅਨ ਹੈ. ,She is an electrician. ,Este electriciană. ,She's an electrician. ,Она электрик. ,She is an electrician. ,O ia o se fai eletise. ,He is an electrician. ,Tha i na dealanach. ,She is lightning. ,Она је електричар. ,She is an electrician. ,Ke setsebi sa motlakase. ,I am an electrician. ,Iye magetsi. ,He electric. 
She is an EMT specialist.,هغه د EMT متخصص ده. ,She is an EMT specialist. ,او یک متخصص EMT است. ,He is an EMT specialist. ,Jest specjalistą EMT. ,He is an EMT specialist. ,Ela é uma especialista EMT. ,She is an EMT specialist. ,ਉਹ ਇੱਕ ਈਐਮਟੀ ਮਾਹਰ ਹੈ. ,He is an EMT specialist. ,Este specialist EMT. ,He is an EMT specialist. ,Она врач скорой помощи. ,She is an emergency doctor. ,O ia o se EMT faʻapitoa. ,He is a specialist EMT. ,Tha i na eòlaiche EMT. ,She is an EMT expert. ,Она је специјалиста за ЕМТ. ,She is an EMT specialist. ,Ke setsebi sa EMT. ,I am an EMT specialist. ,Iye inyanzvi EMT. ,He is a professional EMT. 
She is a farmer.,هغه بزګره ده ,She is a farmer ,او یک کشاورز است. ,He is a farmer. ,Ona jest rolnikiem. ,She is a farmer. ,Ela é uma agricultora. ,She is a farmer. ,ਉਹ ਇੱਕ ਕਿਸਾਨ ਹੈ. ,He is a farmer. ,Este fermieră. ,She's a farmer. ,Она фермер. ,She is a farmer. ,O ia o se faifaatoʻaga. ,He is a farmer. ,Tha i na thuathanach. ,She is a farmer. ,Она је пољопривредница. ,She is a farmer. ,Ke sehoai. ,I am a farmer. ,Iye murimi. ,He is a farmer. 
She is a filmmaker.,هغه یوه فلم جوړونکې ده ,She is a filmmaker ,او یک فیلمساز است. ,He is a filmmaker. ,Jest filmowcem. ,He is a filmmaker. ,Ela é uma cineasta. ,She is a filmmaker. ,ਉਹ ਇੱਕ ਫਿਲਮ ਨਿਰਮਾਤਾ ਹੈ. ,He is a filmmaker. ,Este cineastă. ,She's a filmmaker. ,Она кинорежиссер. ,She is a filmmaker. ,O ia o se tagata fai ata tifaga. ,He is a filmmaker. ,Tha i na filmeadair. ,She is a filmmaker. ,Она је филмска ауторка. ,She is a filmmaker. ,Ke moetsi oa lifilimi. ,He is a filmmaker. ,Iye mugadziri wefirimu. ,He is a filmmaker. 
She is a firefighter.,هغه اور وژونکې ده ,She is a firefighter ,او یک آتش نشان است. ,He is a firefighter. ,Ona jest strażakiem. ,She is a firefighter. ,Ela é bombeira. ,She is a firefighter. ,ਉਹ ਅੱਗ ਬੁਝਾਉਣ ਵਾਲੀ ਹੈ. ,She is a firefighter. ,Este pompieră. ,She's a firefighter. ,Она пожарный. ,She's a firefighter. ,O ia o se tagata fuimu. ,He is a firefighter. ,Tha i na neach-smàlaidh. ,She is a firefighter. ,Она је ватрогасац. ,She's a firefighter. ,Ke setima-mollo. ,I am a firefighter. ,Iye muridzi wemoto. ,He is the owner of the fire. 
She is a fisherman.,هغه کب نیولی ده ,He has caught fish ,او یک ماهیگیر است. ,He is a fisherman. ,Ona jest rybakiem. ,She is a fisherman. ,Ela é uma pescadora. ,She is a fisherman. ,ਉਹ ਇੱਕ ਮਛੇਰ ਹੈ. ,He is a fisherman. ,Este pescar. ,This fisherman. ,Она рыбак. ,She is a fisherman. ,O ia o se faifaiva. ,He is a fisherman. ,Tha i na iasgair. ,She is a fisherman. ,Она је рибар. ,She is a fisherman. ,Ke motšoasi oa litlhapi. ,I am a fisherman. ,Iye mubati wehove. ,He is a fisherman. 
She is a flight attendant.,هغه د الوتنې خدمتګار ده ,She is a flight attendant ,او یک مهماندار هواپیما است. ,He is a flight attendant. ,Ona jest stewardesą. ,She is a flight attendant. ,Ela é uma comissária de bordo. ,She is a flight attendant. ,ਉਹ ਇੱਕ ਫਲਾਈਟ ਅਟੈਂਡੈਂਟ ਹੈ. ,He is a flight attendant. ,Este însoțitoare de zbor. ,She is a flight attendant. ,Она стюардесса. ,She is a stewardess. ,O ia o se tagata faigaluega vaalele. ,He is an airline employee. ,Tha i na neach-frithealaidh itealain. ,She is a flight attendant. ,Она је стјуардеса. ,She's a flight attendant. ,Ke mosebeletsi oa sefofane. ,I am a flight attendant. ,Iye anoshanda mundege. ,He works on a plane. 
She is a geneticist.,هغه یوه ژنیتیک ده ,She is a geneticist ,او یک متخصص ژنتیک است. ,He is a geneticist. ,Jest genetykiem. ,He is a geneticist. ,Ela é uma geneticista. ,She is a geneticist. ,ਉਹ ਜੈਨੇਟਿਕਿਸਟ ਹੈ. ,He is a geneticist. ,Este geneticiană. ,She's a geneticist. ,Она генетик. ,She is a geneticist. ,O ia o se kenera. ,He is a genius. ,Tha i na eòlaiche ginteil. ,She is a geneticist. ,Она је генетичар. ,She is a geneticist. ,Ke setsebi sa lefutso. ,I am a geneticist. ,Iye genetiki. ,He is genetic. 
She is a geologist.,هغه یوه جیولوژیست ده ,She is a geologist ,او زمین شناس است. ,He is a geologist. ,Jest geologiem. ,He is a geologist. ,Ela é geóloga. ,She is a geologist. ,ਉਹ ਭੂ-ਵਿਗਿਆਨੀ ਹੈ। ,He is a geologist. ,Este geolog. ,He's a geologist. ,Она геолог. ,She is a geologist. ,O ia o se geologist. ,He is a geologist. ,Tha i na clach-eòlaiche. ,She is a geologist. ,Она је геолог. ,She is a geologist. ,Ke setsebi sa jioloji. ,I am a geologist. ,Ndiye geologist. ,She is a geologist. 
She is a graphic designer.,هغه یو ګرافیک ډیزاینر دی. ,He is a graphic designer. ,او یک طراح گرافیک است. ,He is a graphic designer. ,Jest grafikiem. ,He is a graphic designer. ,Ela é designer gráfica. ,She is a graphic designer. ,ਉਹ ਇੱਕ ਗ੍ਰਾਫਿਕ ਡਿਜ਼ਾਈਨਰ ਹੈ. ,She is a graphic designer. ,Este designer grafic. ,He is a graphic designer. ,Она графический дизайнер. ,She is a graphic designer. ,O ia o se tusiata ata. ,He is an artist. ,Tha i na dealbhaiche grafaigeach. ,She is a graphic designer. ,Она је графички дизајнер. ,She is a graphic designer. ,Ke moqapi oa lits'oants'o. ,He is an artist. ,Iye grafiki dhizaini. ,He graphic design. 
She is a human resource specialist.,هغه د بشري سرچینو متخصصه ده. ,She is a human resources specialist. ,وی یک متخصص منابع انسانی است. ,He is a human resources specialist. ,Jest specjalistą ds. Zasobów ludzkich. ,He is a Human Resource Specialist. ,Ela é especialista em recursos humanos. ,She is a specialist in human resources. ,ਉਹ ਮਨੁੱਖੀ ਸਰੋਤ ਮਾਹਰ ਹੈ. ,He is a human resource expert. ,Este specialistă în resurse umane. ,She is a human resources specialist. ,Она специалист по кадрам. ,She is a human resources specialist. ,O ia o se tagata faigaluega faʻapitoa. ,He is a professional worker. ,Tha i na eòlaiche ghoireasan daonna. ,She is a human resources expert. ,Она је специјалиста за људске ресурсе. ,She is a human resources specialist. ,Ke setsebi sa litsebo tsa botho. ,I am a personal skills specialist. ,Iye inyanzvi yehunyanzvi. ,He is a master of art. 
She is an immunologist.,هغه د معافیت څانگه ده ,He is the branch of immunity ,او یک ایمونولوژیست است. ,He is an immunologist. ,Jest immunologiem. ,He is an immunologist. ,Ela é imunologista. ,She is an immunologist. ,ਉਹ ਇਕ ਇਮਿologistਨੋਲੋਜਿਸਟ ਹੈ. ,He is an immunologist. ,Este imunologă. ,She's an immunologist. ,Она иммунолог. ,She is an immunologist. ,O ia o se tui puipuia. ,He is a vaccine. ,Tha i na ban-eòlaiche. ,She is an expert. ,Она је имунолог. ,She's an immunologist. ,Ke ngaka e itšireletsang mafung. ,He is a disease specialist. ,Iye chiremba wezvirwere. ,He is a pathologist. 
She is an interpreters.,هغه یوه ترجمانه ده ,She is a translator ,او مترجم است. ,He is a translator. ,Jest tłumaczką. ,She is a translator. ,Ela é uma intérprete. ,She is an interpreter. ,ਉਹ ਦੁਭਾਸ਼ੀਏ ਹੈ. ,He is the interpreter. ,Ea este interpretă. ,She is an interpreter. ,Она переводчик. ,She is a translator. ,O ia o se faamatalaupu. ,He is an interpreter. ,Tha i na eadar-theangair. ,She is an interpreter. ,Она је преводилац. ,She is a translator. ,Ke batoloki. ,They are interpreters. ,Iye muturikiri. ,He is an interpreter. 
She is a jeweller.,هغه یو ګا .ه ده. ,She is a Ga. ,او یک جواهر فروش است. ,She is a jeweler. ,Ona jest jubilerem. ,She is a jeweler. ,Ela é joalheira. ,She is a jeweler. ,ਉਹ ਇੱਕ ਜੌਹਰੀ ਹੈ. ,He is a jeweler. ,Este bijuterie. ,It's jewelry. ,Она ювелир. ,She is a jeweler. ,O ia o se fai taua. ,He is a warrior. ,Tha i na seudair. ,She is a jeweler. ,Она је драгуљар. ,She is a jeweler. ,Ke mabenyane. ,I am jewelry. ,Iye mutengesi. ,He's a salesman. 
She is a lawyer.,هغه یوه وکیله ده. ,She is a lawyer. ,او یک وکیل است. ,He is a lawyer. ,Ona jest prawnikiem. ,She is a lawyer. ,Ela é uma advogada. ,She is a lawyer. ,ਉਹ ਇੱਕ ਵਕੀਲ ਹੈ। ,He is a lawyer. ,Ea este avocat. ,She is a lawyer. ,Она юрист. ,She is a lawyer. ,O ia o se loia. ,He is a lawyer. ,Tha i na neach-lagha. ,She is a lawyer. ,Она је правник. ,She is a lawyer. ,Ke ramolao. ,I am a lawyer. ,Ndiye gweta. ,He is a lawyer. 
She is a librarian.,هغه کتابتونکی ده ,She is a librarian ,او کتابدار است. ,He is a librarian. ,Jest bibliotekarką. ,She is a librarian. ,Ela é uma bibliotecária. ,She is a librarian. ,ਉਹ ਇਕ ਲਾਇਬ੍ਰੇਰੀਅਨ ਹੈ. ,He is a librarian. ,Este bibliotecară. ,She's a librarian. ,Она библиотекарь. ,She is a librarian. ,O ia o se faletusi. ,He is a library. ,Tha i na leabharlannaiche. ,She is a librarian. ,Она је библиотекарка. ,She is a librarian. ,Ke laeborari. ,It's a library. ,Iye muraibhurari. ,He is in the library. 
She is a licensed practical nurse.,هغه جواز لرونکی عملي نرس ده. ,She is a licensed practical nurse. ,او یک پرستار عملی مجاز است. ,She is a licensed practitioner. ,Jest licencjonowaną praktyczną pielęgniarką. ,She is a licensed practical nurse. ,Ela é uma enfermeira prática licenciada. ,She is a licensed practical nurse. ,ਉਹ ਇਕ ਲਾਇਸੰਸਸ਼ੁਦਾ ਵਿਹਾਰਕ ਨਰਸ ਹੈ. ,She is a licensed practical nurse. ,Este o asistentă practică autorizată. ,She is a licensed practical nurse. ,Она лицензированная практическая медсестра. ,She is a licensed practical nurse. ,O ia o se laisene faʻatinoina tausisoifua. ,She is a licensed nursing practitioner. ,Tha i na banaltram practaigeach ceadaichte. ,She is an approved practical nurse. ,Она је лиценцирана медицинска сестра из праксе. ,She is a licensed nurse in practice. ,Ke mooki ea nang le lengolo la tumello. ,She is a registered nurse. ,Iye mukoti anoshanda ane rezinesi. ,She is a registered nurse with a license. 
She is a mechanic.,هغه میخانیک ده ,He is a mechanic ,او مکانیک است. ,He is a mechanic. ,Ona jest mechanikiem. ,She is a mechanic. ,Ela é uma mecânica. ,She is a mechanic. ,ਉਹ ਇਕ ਮਕੈਨਿਕ ਹੈ. ,He is a mechanic. ,Ea este mecanică. ,She is mechanical. ,Она механик. ,She's a mechanic. ,O ia o se enisinia. ,He is an engineer. ,Tha i na meacanaig. ,She is a mechanic. ,Она је механичар. ,She's a mechanic. ,Ke mak'henike. ,They are mechanics. ,Iye makanika. ,He is a mechanic. 
She is a medical laboratory scientist.,هغه د طبي لابراتوار ساینس پوه ده. ,He is a medical laboratory scientist. ,وی دانشمند آزمایشگاه پزشکی است. ,He is a scientist in a medical laboratory. ,Jest naukowcem z laboratorium medycznego. ,He's a medical lab scientist. ,Ela é uma cientista de laboratório médico. ,She is a medical laboratory scientist. ,ਉਹ ਇੱਕ ਮੈਡੀਕਲ ਪ੍ਰਯੋਗਸ਼ਾਲਾ ਵਿਗਿਆਨੀ ਹੈ. ,He is a medical laboratory scientist. ,Este cercetător în laborator medical. ,He is a researcher in the medical laboratory. ,Она научный сотрудник медицинской лаборатории. ,She is a research assistant at a medical laboratory. ,O ia o se saienitisi falesuesue falemaʻi. ,He is a clinical laboratory scientist. ,Tha i na neach-saidheans obair-lann meidigeach. ,She is a medical laboratory scientist. ,Она је научник из медицинске лабораторије. ,She is a scientist from a medical laboratory. ,Ke rasaense oa laboratori ea bongaka. ,He is a medical laboratory scientist. ,Iye wezvekurapa murabhoritari musayendisiti. ,He is a medical laboratory scientist. 
She is a meteorologist.,هغه د هوا پیژندونکې ده. ,She is a meteorologist. ,او یک کارشناس هواشناسی است. ,He is a meteorologist. ,Jest meteorologiem. ,He is a meteorologist. ,Ela é meteorologista. ,She's a meteorologist. ,ਉਹ ਇੱਕ ਮੌਸਮ ਵਿਗਿਆਨੀ ਹੈ. ,He is a meteorologist. ,Este meteorologă. ,She's a meteorologist. ,Она метеоролог. ,She is a meteorologist. ,O ia o se meteorologist. ,He is a meteorologist. ,Tha i na meteorologist. ,She is a meteorologist. ,Она је метеоролог. ,She's a meteorologist. ,Ke setsebi sa maemo a leholimo. ,He is a meteorologist. ,Ndiye nyanzvi yezvemamiriro ekunze. ,He is an expert on the weather. 
She is a midwife.,هغه قابله ده ,She is a midwife ,او یک ماما است. ,She is a midwife. ,Jest położną. ,She is a midwife. ,Ela é parteira. ,She is a midwife. ,ਉਹ ਇਕ ਦਾਈ ਹੈ. ,She is a midwife. ,Este moașă. ,She's a midwife. ,Она акушерка. ,She is a midwife. ,O ia o se faatosaga. ,She is a midwife. ,Tha i na bean-ghlùine. ,She is a midwife. ,Она је бабица. ,She is a midwife. ,Ke 'melehisi. ,I am a midwife. ,Iye ndiye nyamukuta. ,She is the midwife. 
She is a military officer.,هغه نظامي افسره ده. ,She is a military officer. ,او یک افسر نظامی است. ,He is a military officer. ,Jest oficerem wojskowym. ,He is a military officer. ,Ela é uma oficial militar. ,She is a military officer. ,ਉਹ ਇੱਕ ਫੌਜੀ ਅਧਿਕਾਰੀ ਹੈ. ,He is a military officer. ,Este ofițer militar. ,He's a military officer. ,Она военный офицер. ,She is a military officer. ,O ia o se fitafita fitafita. ,He was a military soldier. ,Tha i na oifigear armachd. ,She is an army officer. ,Она је војни официр. ,She is a military officer. ,Ke molaoli oa sesole. ,I am a military commander. ,Iye mukuru wemauto. ,He is an army general. 
She is a nutritionist.,هغه د تغذیه کونکی ده. ,She is a nutritionist. ,او یک متخصص تغذیه است. ,He is a nutritionist. ,Jest dietetykiem. ,He is a dietitian. ,Ela é nutricionista. ,She is a nutritionist. ,ਉਹ ਇੱਕ ਪੌਸ਼ਟਿਕ ਤੱਤ ਹੈ. ,They are a nutrient. ,Este nutriționistă. ,She's a nutritionist. ,Она диетолог. ,She is a nutritionist. ,O ia o se nutrist. ,He is a nutrist. ,Tha i na neach-beathachaidh. ,She is a nutritionist. ,Она је нутрициониста. ,She is a nutritionist. ,Ke setsebi sa phepo e nepahetseng. ,She is a nutritionist. ,Ndiye nyanzvi yezvokudya. ,He is a nutritionist. 
She is an oceanographer.,هغه یو ساینسپوه ده. ,She is a scientist. ,او یک اقیانوس شناس است. ,He is an oceanographer. ,Jest oceanografem. ,He is an oceanographer. ,Ela é uma oceanógrafa. ,She is an oceanographer. ,ਉਹ ਇਕ ਸਮੁੰਦਰ ਵਿਗਿਆਨੀ ਹੈ. ,He is an oceanographer. ,Este oceanografă. ,It's an oceanographer. ,Она океанограф. ,She is an oceanographer. ,O ia o se vasa. ,He is an ocean. ,Tha i na eòlaiche-mara. ,She is a marine expert. ,Она је океанограф. ,She is an oceanographer. ,Ke sebapali sa leoatle. ,I am a sea player. ,Iye nyanzvi yegungwa. ,He is a master of the sea. 
She is an osteopath.,هغه د اوسیدو درملنه ده. ,She is a treat for living. ,او یک استئوپات است. ,He is an osteopath. ,Jest osteopatką. ,She is an osteopath. ,Ela é uma osteopata. ,She is an osteopath. ,ਉਹ ਇੱਕ ਗਠੀਏ ਹੈ. ,He has arthritis. ,Este osteopată. ,She's an osteopath. ,Она остеопат. ,She is an osteopath. ,O ia o se osteopath. ,He is an osteopath. ,Tha i na osteopath. ,She is an osteopath. ,Она је остеопат. ,She is an osteopath. ,Ke osteopath. ,I am an osteopath. ,Iye osteopath. ,He is an osteopath. 
She is a painter.,هغه یوه نقاشي ده ,She is a painter ,او یک نقاش است. ,He is a painter. ,Ona jest malarką. ,She is a painter. ,Ela é pintora. ,She is a painter. ,ਉਹ ਇੱਕ ਪੇਂਟਰ ਹੈ. ,He is a painter. ,Este pictor. ,He is a painter. ,Она художник. ,She is an artist. ,O ia o se atavali. ,He is a painter. ,Tha i na peantair. ,She is a painter. ,Она је сликарка. ,She is a painter. ,Ke setaki. ,I am an artist. ,Iye mupendi. ,He is a painter. 
She is a paramedic.,هغه پارامیډیک ده ,She is paramedic ,او یک پیراپزشک است. ,He is a paramedic. ,Jest ratownikiem medycznym. ,He is a paramedic. ,Ela é uma paramédica. ,She's a paramedic. ,ਉਹ ਇੱਕ ਪੈਰਾ ਮੈਡੀਕਲ ਹੈ. ,He is a paramedic. ,Este paramedic. ,He's a paramedic. ,Она фельдшер. ,She is a paramedic. ,O ia o se fomaʻi. ,He is a doctor. ,Tha i na paramedic. ,She is a paramedic. ,Она је болничар. ,She's a paramedic. ,Ke paramedic. ,I am a paramedic. ,Iye ari paramedic. ,He is a paramedic. 
She is a pathologist.,هغه رنځپوه ده. ,She is a pathologist. ,او یک آسیب شناس است. ,He is a pathologist. ,Jest patologiem. ,He is a pathologist. ,Ela é uma patologista. ,She is a pathologist. ,ਉਹ ਇੱਕ ਰੋਗ ਵਿਗਿਆਨੀ ਹੈ. ,He is a pathologist. ,Este patolog. ,He's a pathologist. ,Она патологоанатом. ,She is a pathologist. ,O ia o se pathologist. ,He is a pathologist. ,Tha i na pathologist. ,She is a pathologist. ,Она је патолог. ,She is a pathologist. ,Ke setsebi sa mafu. ,I am a pathologist. ,Iye chiremba. ,He's a doctor. 
She is a pharmacologist.,هغه د درملتون جوړونکې ده ,She is a pharmacist ,او یک داروساز است. ,He is a pharmacist. ,Jest farmakologiem. ,He is a pharmacologist. ,Ela é farmacologista. ,She is a pharmacologist. ,ਉਹ ਇੱਕ ਫਾਰਮਾਸੋਲੋਜਿਸਟ ਹੈ. ,He is a pharmacologist. ,Este farmacolog. ,He's a pharmacologist. ,Она фармаколог. ,She is a pharmacologist. ,O ia o se fomaʻi vailaʻau. ,He was a doctor chemicals . ,Tha i na cungadair. ,She is a pharmacist. ,Она је фармаколог. ,She is a pharmacologist. ,Ke setsebi sa meriana. ,I am a medical professional. ,Iye chiremba wemishonga. ,He is a medical doctor. 
She is a philosopher.,هغه یوه فیلسوفه ده ,He is a philosopher ,او یک فیلسوف است. ,He is a philosopher. ,Jest filozofem. ,He is a philosopher. ,Ela é uma filósofa. ,She is a philosopher. ,ਉਹ ਇੱਕ ਦਾਰਸ਼ਨਿਕ ਹੈ. ,He is a philosopher. ,Este filozof. ,He is a philosopher. ,Она философ. ,She is a philosopher. ,O ia o se faifilosofia. ,He is a philosopher. ,Tha i na feallsanaiche. ,She is a philosopher. ,Она је филозоф. ,She is a philosopher. ,Ke rafilosofi. ,He is a philosopher. ,Iye muzivi. ,He is a philosopher. 
She is a photographer.,هغه عکاسه ده ,She is a photographer ,او یک عکاس است. ,He is a photographer. ,Jest fotografem. ,He is a photographer. ,Ela é fotógrafa. ,She is photographer. ,ਉਹ ਇਕ ਫੋਟੋਗ੍ਰਾਫਰ ਹੈ. ,He is a photographer. ,Este fotograf. ,He's a photographer. ,Она фотограф. ,She is a photographer. ,O ia o se pueata. ,He is a photographer. ,Tha i na dhealbhadair. ,She is a photographer. ,Она је фотограф. ,She is a photographer. ,Ke ralifoto. ,I am a photographer. ,Iye mutori wemifananidzo. ,He is a photographer. 
She is a physician assistant.,هغه د معاون ډاکټر ده. ,She is an assistant doctor. ,او دستیار پزشک است. ,He is a physician's assistant. ,Jest asystentem lekarza. ,He is an assistant physician. ,Ela é uma médica assistente. ,She is a medical assistant. ,ਉਹ ਇੱਕ ਡਾਕਟਰ ਦੀ ਸਹਾਇਕ ਹੈ. ,He is a doctor's assistant. ,Este asistentă medicală. ,She's a nurse. ,Она помощник врача. ,She is a physician assistant. ,O ia o se fomaʻi fesoasoani. ,He is an assistant physician. ,Tha i na neach-cuideachaidh lighiche. ,She is a medical assistant. ,Она је помоћник лекара. ,She is a medical assistant. ,Ke mothusi oa ngaka. ,I am a medical assistant. ,Ndiye chiremba mubatsiri. ,She is a medical assistant. 
She is a physicist.,هغه فزیک پوه ده ,He is a physicist ,او یک فیزیکدان است. ,He is a physicist. ,Ona jest fizykiem. ,She is a physicist. ,Ela é uma física. ,She is a physicist. ,ਉਹ ਇੱਕ ਭੌਤਿਕ ਵਿਗਿਆਨੀ ਹੈ. ,He is a physicist. ,Este fizician. ,He's a physicist. ,Она физик. ,She is a physicist. ,O ia o se fisiki. ,He is a physicist. ,Tha i na eòlaiche-fiosaig. ,She is a physicist. ,Она је физичар. ,She is a physicist. ,Ke fisiks. ,It's physics. ,Iye fizikisi. ,He is a physicist. 
She is a pilot.,هغه یوه پیلوټه ده ,She is a pilot ,او یک خلبان است. ,He is a pilot. ,Ona jest pilotem. ,She is a pilot. ,Ela é uma piloto. ,She is a pilot. ,ਉਹ ਇੱਕ ਪਾਇਲਟ ਹੈ. ,He is a pilot. ,Este pilot. ,He's a pilot. ,Она пилот. ,She's a pilot. ,O ia o se pailate. ,He is a pilot. ,Tha i na pìleat. ,She is a pilot. ,Она је пилот. ,She's a pilot. ,Ke mofofisi oa sefofane. ,I am a pilot. ,Iye mutyairi wendege. ,He is a pilot. 
She is a plumber.,هغه پلمبره ده ,She is a plumber ,او یک لوله کش است. ,He is a plumber. ,Ona jest hydraulikiem. ,She is a plumber. ,Ela é uma encanadora. ,She is a plumber. ,ਉਹ ਇਕ ਪਲੰਬਰ ਹੈ. ,He is a plumber. ,Este instalator. ,He is a plumber. ,Она сантехник. ,She is a plumber. ,O ia o se palama. ,He is a plumber. ,Tha i na plumair. ,She is a plumber. ,Она је водоинсталатер. ,She is a plumber. ,Ke setsebi sa lipeipi tsa metsi. ,I am a plumber. ,Iye ndiye pombi. ,He is the pump. 
She is a politician.,هغه یوه سیاستواله ده ,She is a politician ,او سیاستمدار است. ,He is a politician. ,Ona jest politykiem. ,She is a politician. ,Ela é uma política. ,It is a policy. ,ਉਹ ਇਕ ਰਾਜਨੇਤਾ ਹੈ। ,He is a politician. ,Este politician. ,He's a politician. ,Она политик. ,She is a politician. ,O ia o se polokiki. ,He is a politician. ,Tha i na neach-poilitigs. ,She is a politician. ,Она је политичарка. ,She is a politician. ,Ke ralipolotiki. ,I am a politician. ,Iye wezvematongerwo enyika. ,He is a politician. 
She is a receptionist.,هغه یوه استوګنه ده ,She is a resident ,او یک پذیرنده است. ,He is an acceptor. ,Jest recepcjonistką. ,She is a receptionist. ,Ela é uma recepcionista. ,She is a receptionist. ,ਉਹ ਇੱਕ ਰਿਸੈਪਸ਼ਨਿਸਟ ਹੈ. ,She is a receptionist. ,Este recepționistă. ,She's a receptionist. ,Она администратор. ,She's an administrator. ,O ia o se tagata talimalo. ,He is a host. ,Tha i na neach-fàilteachaidh. ,She is a receptionist. ,Она је рецепционарка. ,She's a receptionist. ,Ke moamoheli oa baeti. ,I am a receptionist. ,Iye anogamuchira vaenzi. ,He is hospitable. 
She is a registered nurse.,هغه راجسټر شوې نرس ده. ,She is a registered nurse. ,او یک پرستار ثبت شده است. ,She is a registered nurse. ,Jest dyplomowaną pielęgniarką. ,She is a registered nurse. ,Ela é uma enfermeira registrada. ,She is a registered nurse. ,ਉਹ ਇੱਕ ਰਜਿਸਟਰਡ ਨਰਸ ਹੈ। ,She is a registered nurse. ,Este asistentă medicală înregistrată. ,She is a registered nurse. ,Она медсестра. ,She is a nurse. ,O ia o se tausimai pasi. ,She is a registered nurse. ,Tha i na banaltram clàraichte. ,She is a registered nurse. ,Она је регистрована медицинска сестра. ,She is a registered nurse. ,Ke mooki ea ngolisitsoeng ka molao. ,She is a registered nurse. ,Iye mukoti akanyoreswa. ,The registered nurse. 
She is a salesman.,هغه یو پلورونکی دی ,He is a salesman ,او یک فروشنده است. ,He is a salesman. ,Jest sprzedawcą. ,He is a dealer. ,Ela é uma vendedora. ,She is a saleswoman. ,ਉਹ ਇਕ ਸੇਲਜ਼ਮੈਨ ਹੈ. ,He is a salesman. ,Este vânzătoare. ,She's a saleswoman. ,Она продавец. ,She is a salesperson. ,O ia o se tagata faʻatau. ,He is a customer. ,Tha i na neach-reic. ,She is a salesman. ,Она је продавац. ,She's a saleswoman. ,Ke morekisi. ,I am a salesperson. ,Iye mutengesi. ,He's a salesman. 
She is a salesperson.,هغه د پلورنې مشره ده ,She is the sales leader ,او فروشنده است. ,He is a salesman. ,Jest sprzedawcą. ,He is a dealer. ,Ela é uma vendedora. ,She is a saleswoman. ,ਉਹ ਇੱਕ ਸੇਲਸਪਰਸਨ ਹੈ. ,She is a salesperson. ,Este vânzătoare. ,She's a saleswoman. ,Она продавец. ,She is a salesperson. ,O ia o se tagata faʻatau. ,He is a customer. ,Tha i na neach-reic. ,She is a salesman. ,Она је продавац. ,She's a saleswoman. ,Ke morekisi. ,I am a salesperson. ,Iye mutengesi. ,He's a salesman. 
She is a scientist.,هغه ساینس پوه ده. ,He is a scientist. ,او دانشمند است. ,He is a scientist. ,Ona jest naukowcem. ,She is a scientist. ,Ela é uma cientista. ,She is a scientist. ,ਉਹ ਇੱਕ ਵਿਗਿਆਨੀ ਹੈ. ,He is a scientist. ,Este om de știință. ,He's a scientist. ,Она ученый. ,She is a scientist. ,O ia o se saienitisi. ,He is a scientist. ,Tha i na neach-saidheans. ,She is a scientist. ,Она је научник. ,She is a scientist. ,Ke ramahlale. ,He is a scientist. ,Iye musayendisiti. ,He is a scientist. 
She is a sea captain.,هغه د سمندر کپتان ده ,He is the captain of the sea ,او یک ناخدای دریا است. ,He is a captain of the sea. ,Jest kapitanem morskim. ,He is a sea captain. ,Ela é uma capitã do mar. ,She is a sea captain. ,ਉਹ ਸਮੁੰਦਰੀ ਕਪਤਾਨ ਹੈ। ,He is the captain of the sea. ,Este căpitan de mare. ,He is a sea captain. ,Она капитан дальнего плавания. ,She is a sea captain. ,O ia o se kapeteni o le sami. ,He is a sea captain. ,Tha i na sgiobair mara. ,She is a sea captain. ,Она је поморски капетан. ,She is a naval captain. ,Ke molaoli oa likepe. ,I am a naval officer. ,Iye kaputeni wegungwa. ,He is the captain of the sea. 
She is a secretary.,هغه منشي ده. ,She is the secretary. ,او منشی است. ,He is a secretary. ,Ona jest sekretarką. ,She is a secretary. ,Ela é uma secretária. ,She is a secretary. ,ਉਹ ਸੈਕਟਰੀ ਹੈ। ,She is the secretary. ,Ea este o secretara. ,She is a secretary. ,Она секретарь. ,She's a secretary. ,O ia o se failautusi. ,He is a secretary. ,Tha i na rùnaire. ,She is a secretary. ,Она је секретарица. ,She's a secretary. ,Ke mongoli. ,I am a writer. ,Iye munyori. ,He is a writer. 
She is a singer.,هغه سندرغاړې ده ,She is a singer ,او یک خواننده است. ,he is a singer. ,Ona jest piosenkarką. ,She is a singer. ,Ela é uma cantora. ,She is a singer. ,ਉਹ ਇਕ ਗਾਇਕਾ ਹੈ। ,She is a singer. ,Ea este o cântăreață. ,She is a singer. ,Она певица. ,She is a singer. ,O ia o se pepese. ,She is a singer. ,Tha i na seinneadair. ,She is a singer. ,Она је певачица. ,She is a singer. ,Ke sebini. ,I am a musician. ,Iye muimbi. ,He's a singer. 
She is a solicitor.,هغه یوه وکیله ده. ,She is a lawyer. ,او وكیل است. ,He is a lawyer. ,Jest prawnikiem. ,He is a lawyer. ,Ela é uma advogada. ,She is a lawyer. ,ਉਹ ਇੱਕ ਵਕੀਲ ਹੈ. ,He is a lawyer. ,Este avocat. ,He's a lawyer. ,Она адвокат. ,She is a lawyer. ,O ia o le loia faufautua. ,He is a solicitor. ,Tha i na neach-lagha. ,She is a lawyer. ,Она је адвокат. ,She is a lawyer. ,Ke 'muelli oa molao. ,He is a lawyer. ,Gweta. ,Lawyer. 
She is a speech pathologist.,هغه د وینا رنځپوه ده. ,She is a speech pathologist. ,او یک آسیب شناس گفتاری است. ,He is a speech pathologist. ,Jest logopedą. ,He is a speech therapist. ,Ela é fonoaudióloga. ,She is a speech therapist. ,ਉਹ ਸਪੀਚ ਪੈਥੋਲੋਜਿਸਟ ਹੈ. ,He is a speech pathologist. ,Este logopedă. ,She's a speech therapist. ,Она логопед. ,She is a speech therapist. ,O ia o se failauga faʻapitoa. ,He is a professional speaker. ,Tha i na eòlaiche-cainnt. ,She is an orator. ,Она је логопед. ,She is a speech therapist. ,Ke setsebi sa mafu a puo. ,I am a speech therapist. ,Ndiye chiremba wekutaura. ,He is a speech therapist. 
She is a speech-language pathologist.,هغه د بیان ژبې رنځپوه ده. ,She is a rhetorician. ,او یک آسیب شناس گفتار زبان است. ,He is a speech-language pathologist. ,Jest logopedą. ,He is a speech therapist. ,Ela é fonoaudióloga. ,She is a speech therapist. ,ਉਹ ਭਾਸ਼ਣ ਦੀ ਭਾਸ਼ਾ ਦਾ ਇਕ ਰੋਗ ਵਿਗਿਆਨੀ ਹੈ. ,He is a pathologist of speech language. ,Este patolog-vorbitor. ,He is a pathologist-speaker. ,Она патолог речи. ,She is a speech pathologist. ,O ia o se failauga-gagana pathologist. ,He is a speaker-language pathologist. ,Tha i na eòlaiche-cainnt cainnt. ,She is a speech therapist. ,Она је патолог говорног језика. ,She is a pathologist of spoken language. ,Ke setsebi sa puo ea puo. ,I am a linguist. ,Iye - mutauro-mutauro pathologist. ,He - a language-language pathologist. 
She is a statistician.,هغه احصاییه ده ,He is a statistician ,او آماری است. ,He is a statistician. ,Jest statystykiem. ,He is a statistician. ,Ela é uma estatística. ,She is a statistic. ,ਉਹ ਇੱਕ ਅੰਕੜਾ ਹੈ. ,That's a statistic. ,Este statistică. ,It's statistics. ,Она статистик. ,She's a statistician. ,O ia o se numera. ,He is a number. ,Tha i na neach-staitistig. ,She is a statistician. ,Она је статистичар. ,She is a statistician. ,Ke setsebi sa lipalo-palo. ,I am a statistician. ,Iye muverengi. ,He is a reader. 
She is a surveyor.,هغه یوه سروی ده. ,He is a surveyor. ,او نقشه بردار است. ,He is a surveyor. ,Ona jest geodetą. ,She is a surveyor. ,Ela é uma agrimensora. ,She is a surveyor. ,ਉਹ ਇਕ ਨਿਰੀਖਕ ਹੈ. ,He is an observer. ,Este topograf. ,He's a surveyor. ,Она геодезист. ,She is a surveyor. ,O ia o se fuafanua. ,He is a surveyor. ,Tha i na neach-tomhais. ,She is a surveyor. ,Она је геодет. ,She is a surveyor. ,Ke mofuputsi. ,I am a researcher. ,Iye muongorori. ,He is a detective. 
She is a therapist.,هغه یو معالجه ده. ,She is a therapist. ,او یک درمانگر است. ,He is a therapist. ,Jest terapeutką. ,She is a therapist. ,Ela é uma terapeuta. ,She is a therapist. ,ਉਹ ਇੱਕ ਚਿਕਿਤਸਕ ਹੈ. ,He is a physician. ,Este terapeut. ,He's a therapist. ,Она терапевт. ,She is a therapist. ,O ia o se fomai. ,He is a doctor. ,Tha i na leasaiche. ,She is a therapist. ,Она је терапеут. ,She is a therapist. ,Ke setsebi. ,I am an expert. ,Ndiye murapi. ,He is the healer. 
She is an undertaker.,هغه ژمنه کونکی ده ,She is promising ,او یک مأمور کار است. ,He is a labor officer. ,Ona jest grabarzem. ,She is the undertaker. ,Ela é uma funerária. ,She's a funeral director. ,ਉਹ ਇਕ ਅੰਡਰਟੇਕਰ ਹੈ. ,He is an Undertaker. ,Este funerară. ,She's a funeral. ,Она гробовщик. ,She's an undertaker. ,O ia o se undertaker. ,He is an undertaker. ,Tha i na adhlacair. ,She is a gravedigger. ,Она је погребник. ,She is an undertaker. ,Ke moeki. ,I am a traitor. ,Iye mutengesi. ,He's a salesman. 
She is an urban planner.,هغه ښاري پلان جوړونکې ده. ,She is an urban planner. ,او یک برنامه ریز شهری است. ,He is an urban planner. ,Jest urbanistką. ,She is an urban planner. ,Ela é uma planejadora urbana. ,She is an urban planner. ,ਉਹ ਇੱਕ ਸ਼ਹਿਰੀ ਯੋਜਨਾਬੰਦੀ ਕਰਨ ਵਾਲੀ ਹੈ. ,She is an urban planner. ,Ea este un urbanist. ,She is an urban planner. ,Она урбанист. ,She is an urbanist. ,O ia o se taulaga fuafua. ,He is a planned town. ,Tha i na dealbhaiche bailteil. ,She is an urban designer. ,Она је урбаниста. ,She is an urban planner. ,Ke moralo oa litoropo. ,It is an urban plan. ,Iye anoronga zvemaguta. ,He plans the cities. 
She is a videographer.,هغه یوه ویډیوګرافر ده ,She is a videographer ,او فیلمبردار است. ,He is a cameraman. ,Jest filmowcem. ,He is a filmmaker. ,Ela é cinegrafista. ,She is a videographer. ,ਉਹ ਇਕ ਵੀਡੀਓਗ੍ਰਾਫਰ ਹੈ. ,He is a videographer. ,Este videograf. ,He's a videographer. ,Она видеооператор. ,She is a videographer. ,O ia o se videographer. ,He is a videographer. ,Tha i na videographer. ,She is a videographer. ,Она је видеограф. ,She is a videographer. ,Ke sebini sa video. ,I am a video artist. ,Iye vhidhiyo vhidhiyo. ,He’s a video player. 
She is a virologist.,هغه یوه ویروژیست ده. ,She is a virologist. ,وی یک ویروس شناس است. ,He is a virologist. ,Jest wirusologiem. ,He is a virologist. ,Ela é virologista. ,She is a virologist. ,ਉਹ ਇਕ ਵਾਇਰਲੋਜਿਸਟ ਹੈ. ,He is a virologist. ,Este virologă. ,She's a virologist. ,Она вирусолог. ,She is a virologist. ,O ia o se virologist. ,He is a virologist. ,Tha i na virologist. ,She is a virologist. ,Она је виролог. ,She is a virologist. ,Ke ngaka ea likokoana-hloko. ,I am a pathologist. ,Iye ari virologist. ,She is a virologist. 
She is a visual artist.,هغه لید لیدونکی دی. ,He is a visionary. ,او یک هنرمند تجسمی است. ,He is a visual artist. ,Jest artystką wizualną. ,She is a visual artist. ,Ela é uma artista visual. ,She is a visual artist. ,ਉਹ ਇਕ ਦਰਸ਼ਨੀ ਕਲਾਕਾਰ ਹੈ. ,He is a visual artist. ,Este un artist vizual. ,He is a visual artist. ,Она визуальный художник. ,She is a visual artist. ,O ia o se atisi ata. ,He is an artist. ,Tha i na neach-ealain lèirsinneach. ,She is a visual artist. ,Она је визуелна уметница. ,She is a visual artist. ,Ke sebini sa pono. ,He is a visionary singer. ,Iye muoni anoona. ,He the seer sees. 
She is a waiter.,هغه منتظر ده ,She is waiting ,او پیشخدمت است. ,He is a waitress. ,Ona jest kelnerem. ,She is a waiter. ,Ela é uma garçonete. ,She is a waitress. ,ਉਹ ਇੱਕ ਵੇਟਰ ਹੈ. ,He is a waiter. ,Este chelner. ,He's a waiter. ,Она официант. ,She is a waiter. ,O ia o se tausi. ,She is a caregiver. ,Tha i na neach-frithealaidh. ,She is a waitress. ,Она је конобар. ,She's a waiter. ,Ke mofani oa lijo. ,I am a food supplier. ,Iye hweta. ,He is a waiter. 
She is a web designer.,هغه یوه ویب ڈیزائنر ده ,She is a web designer ,او یک طراح وب است. ,He is a web designer. ,Jest projektantem stron internetowych. ,He is a web designer. ,Ela é uma web designer. ,She is a web designer. ,ਉਹ ਇੱਕ ਵੈੱਬ ਡਿਜ਼ਾਈਨਰ ਹੈ. ,She is a web designer. ,Este designer de web. ,He is a web designer. ,Она веб-дизайнер. ,She is a web designer. ,O ia o se web designer. ,She is a web designer. ,Tha i na dealbhaiche lìn. ,She is a web designer. ,Она је веб дизајнер. ,She is a web designer. ,Ke moqapi oa webo. ,I am a web designer. ,Iye webhu dhizaini. ,She's a web designer. 
She is a web developer.,هغه د ویب پرمختیا کونکی ده ,She is a web developer ,او یک توسعه دهنده وب است. ,He is a web developer. ,Jest programistą stron internetowych. ,He is a website developer. ,Ela é uma desenvolvedora web. ,She is a web developer. ,ਉਹ ਇੱਕ ਵੈੱਬ ਵਿਕਾਸਕਾਰ ਹੈ. ,He is a web developer. ,Ea este dezvoltator web. ,She is a web developer. ,Она веб-разработчик. ,She is a web developer. ,O ia o se web developer. ,He is a web developer. ,Tha i na leasaiche lìn. ,She is a web developer. ,Она је веб програмер. ,She is a web developer. ,Ke moqapi oa webo. ,I am a web designer. ,Iye mugadziri wewebhu. ,He is a web developer. 
She is a zoologist.,هغه ژوولوژیسته ده ,She is a zoologist ,او یک جانورشناس است. ,He is a zoologist. ,Jest zoologiem. ,He is a zoologist. ,Ela é uma zoóloga. ,She is a zoologist. ,ਉਹ ਇੱਕ ਜੀਵ-ਵਿਗਿਆਨੀ ਹੈ। ,He is a biologist. ,Ea este zoologă. ,She's a zoologist. ,Она зоолог. ,She is a zoologist. ,O ia o se zoologist. ,He is a zoologist. ,Tha i na eòlaiche-sùla. ,She is an ophthalmologist. ,Она је зоолог. ,She is a zoologist. ,Ke setsebi sa liphoofolo. ,I am a veterinarian. ,Iye chiremba wezvemhuka. ,He is a veterinarian. 
