original,En2Finnish,Finnish2En,En2French,French2En,En2Frisian,Frisian2En,En2Galician,Galician2En,En2Georgian,Georgian2En,En2German,German2En,En2Greek,Greek2En,En2Gujarati,Gujarati2En,En2Haitian Creole,Haitian Creole2En,En2Hausa,Hausa2En,En2Hawaiian,Hawaiian2En,En2Hebrew,Hebrew2En
She is an advocate.,Hän on puolestapuhuja. ,He is an advocate. ,Elle est une avocate. ,She is a lawyer. ,Se is in advokaat. ,She's a lawyer. ,Ela é unha defensora. ,She is an advocate. ,ის არის ადვოკატი. ,He is a lawyer. ,Sie ist eine Anwältin. ,She is a lawyer. ,Είναι δικηγόρος. ,He is a lawyer. ,તે એક હિમાયતી છે. ,She is an advocate. ,Li se yon avoka. ,He is a lawyer. ,Ita mai bayar da shawara ce. ,She is a consultant. ,He kākoʻo ʻo ia. ,He is supportive. ,היא תומכת. ,She is supportive. 
She is an agriculturist.,Hän on maanviljelijä. ,He is a farmer. ,Elle est agricultrice. ,She is a farmer. ,Se is lânboukundige. ,She is an agriculturist. ,É agricultora. ,She is a farmer. ,იგი არის სოფლის მეურნე. ,She is an agriculturist. ,Sie ist Landwirtin. ,She is a farmer. ,Είναι γεωργό. ,He is a farmer. ,તે એક કૃષિવિજ્ .ાની છે. ,He is an agronomist. ,Li se yon agrikiltè. ,He is a farmer. ,Ita mai aikin gona ce. ,She is a farmer. ,He mea mahiʻai ʻo ia. ,He was a farmer. ,היא חקלאית. ,She is a farmer. 
She is an aircraft pilot.,Hän on lentäjä. ,He is a pilot. ,Elle est pilote d'avion. ,She is an airplane pilot. ,Se is in fleantúchpiloat. ,She's an airplane pilot. ,É piloto de avión. ,He is an airplane pilot. ,ის თვითმფრინავის მფრინავია. ,He is an airplane pilot. ,Sie ist Flugzeugpilotin. ,She is an airplane pilot. ,Είναι πιλότη αεροσκαφών. ,He is an aircraft pilot. ,તે એક વિમાન પાઇલટ છે. ,He is an aircraft pilot. ,Li se yon pilòt avyon. ,He is an airplane pilot. ,Ita matukin jirgi ne. ,She is a pilot. ,He pailaka mokulele ia. ,It is an airplane pilot. ,היא טייסת מטוסים. ,She is an aircraft pilot. 
She is an artist.,Hän on taiteilija. ,He is an artist. ,Elle est une artiste. ,She is an artist. ,Se is in artyst. ,She's an artist. ,É unha artista. ,She is an artist. ,ის არის მხატვარი. ,He is an artist. ,Sie ist eine Künstlerin. ,She is an artist. ,Είναι καλλιτέχνης. ,He is an artist. ,તે એક કલાકાર છે. ,He is an artist. ,Li se yon atis. ,He is an artist. ,Ita mai fasaha ce. ,She is talented. ,He mea kaha kiʻi ʻo ia. ,He was an artist. ,היא אומנית. ,She is an artist. 
She is an astronomer.,Hän on tähtitieteilijä. ,He is an astronomer. ,C'est une astronome. ,She's an astronomer. ,Se is in astronoom. ,She's an astronomer. ,É astrónoma. ,She is an astronomer. ,ის არის ასტრონომი. ,He is an astronomer. ,Sie ist Astronomin. ,She is an astronomer. ,Είναι αστρονόμος. ,He is an astronomer. ,તે એક ખગોળશાસ્ત્રી છે. ,He is an astronomer. ,Li se yon astwonòm. ,He is an astronomer. ,Ita masanin taurari ce. ,She is an astronomer. ,He kilo hōkū ʻo ia. ,He is a astrologer. ,היא אסטרונומית. ,She is an astronomer. 
She is an attorney.,Hän on asianajaja. ,He is a lawyer. ,Elle est avocate. ,She is a lawyer. ,Se is in advokaat. ,She's a lawyer. ,É avogada. ,She is a lawyer. ,ის არის ადვოკატი. ,He is a lawyer. ,Sie ist Anwältin. ,She is a lawyer. ,Είναι δικηγόρος. ,He is a lawyer. ,તે એક એટર્ની છે. ,She is an attorney. ,Li se yon avoka. ,He is a lawyer. ,Ita lauya ce. ,She is a lawyer. ,He loio ʻo ia. ,He is a lawyer. ,היא עורכת דין. ,She's a lawyer. 
She is an audiologist.,Hän on audiologi. ,He is an audiologist. ,Elle est audiologiste. ,She is an audiologist. ,Se is audiologist. ,She's an audiologist. ,É audióloga. ,She is an audiologist. ,ის აუდიოლოგია. ,He is an audiologist. ,Sie ist Audiologin. ,She is an audiologist. ,Είναι ακτινολόγος. ,He is a radiologist. ,તે iડિઓલોજિસ્ટ છે. ,He is an idiologist. ,Li se yon odyolojis. ,He is an audiologist. ,Ita masaniyar jiyo sauti ne. ,She is a master of sound. ,He audiologist ʻo ia. ,He is an audiologist. ,היא אודיולוגית. ,She's an audiologist. 
She is a banker.,Hän on pankkiiri. ,He is a banker. ,Elle est banquière. ,She is a banker. ,Se is in bankier. ,She's a banker. ,É banqueira. ,She is a banker. ,ის ბანკირია. ,He is a banker. ,Sie ist Bankerin. ,She is a banker. ,Είναι τραπεζίτης. ,He is a banker. ,તે એક બેંકર છે. ,He is a banker. ,Li se yon Bankye. ,He is a banker. ,Ita ma'aikaciyar banki ce. ,She is a banker. ,He banako ʻo ia. ,He is a bank. ,היא בנקאית. ,She's a banker. 
She is a barber.,Hän on parturi. ,She is a barber. ,Elle est coiffeuse. ,She is a hairdresser. ,Se is in kapper. ,She's a hairdresser. ,É barbeira. ,She is a barber. ,იგი დალაქია. ,He is a barber. ,Sie ist Friseurin. ,She is a hairdresser. ,Είναι κουρέας. ,He is a barber. ,તે એક વાળંદ છે. ,She is a barber. ,Li se yon kwafè. ,She is a barber. ,Ita wanzami ce. ,She is a barber. ,He ʻaihae ʻo ia. ,He is a thief. ,היא ספרה. ,She counted. 
She is a bartender.,Hän on baarimikko. ,He is a bartender. ,Elle est barman. ,She's a bartender. ,Se is in barman. ,She's a bartender. ,É barman. ,He is a bartender. ,ის ბარმენია. ,He is a bartender. ,Sie ist Barkeeperin. ,She is a bartender. ,Είναι μπάρμαν. ,He is a bartender. ,તે બાર્ટેન્ડર છે. ,He is a bartender. ,Li se yon Barman. ,He is a bartender. ,Ita mashaya ce. ,She is a bartender. ,He pā paina ʻo ia. ,It was a pine forest. ,היא ברמנית. ,She's a bartender. 
She is a biologist.,Hän on biologi. ,He is a biologist. ,Elle est biologiste. ,She's a biologist. ,Se is in biolooch. ,She's a biologist. ,É bióloga. ,She is a biologist. ,ის ბიოლოგია. ,He is a biologist. ,Sie ist Biologin. ,She is a biologist. ,Είναι βιολόγος. ,He is a biologist. ,તે એક જીવવિજ્ .ાની છે. ,He is a biologist. ,Li se yon byolojis. ,He is a biologist. ,Ita masaniyar halitta ce. ,She is a biologist. ,He meaolaola ʻo ia. ,He is an organism. ,היא ביולוגית. ,It is biological. 
She is a bookkeeper.,Hän on kirjanpitäjä. ,He is an accountant. ,Elle est comptable. ,She is an accountant. ,Se is in boekhâlder. ,She is an accountant. ,É contable. ,He is an accountant. ,იგი ბუღალტერია. ,He is an accountant. ,Sie ist Buchhalterin. ,She is an accountant. ,Είναι λογιστής. ,He is an accountant. ,તે એક બુકકીપર છે. ,He is a bookkeeper. ,Li se yon kontab. ,He is an accountant. ,Ita ce mai kula da littafi. ,She is the custodian of the book. ,He kahu puke ʻo ia. ,He is a librarian. ,היא מנהלת חשבונות. ,She is an accountant. 
She is a botanist.,Hän on kasvitieteilijä. ,He is a botanist. ,Elle est botaniste. ,She's a botanist. ,Se is botanikus. ,She's a botanist. ,É botánica. ,It is botanical. ,ის ბოტანიკოსია. ,He is a botanist. ,Sie ist Botanikerin. ,She is a botanist. ,Είναι βοτανολόγος. ,He is a botanist. ,તે વનસ્પતિશાસ્ત્રી છે. ,He is a botanist. ,Li se yon botanik. ,He is a botanist. ,Ita masanin ilimin tsirrai ne. ,She is a botanist. ,He botanist ʻo ia. ,He is a botanist. ,היא בוטנאינית. ,She's a botanist. 
She is a builder.,Hän on rakentaja. ,He is a builder. ,Elle est un constructeur. ,She is a builder. ,Se is in bouwer. ,She's a builder. ,Ela é unha construtora. ,She is a builder. ,ის არის მშენებელი. ,He is a builder. ,Sie ist eine Baumeisterin. ,She is a builder. ,Είναι οικοδόμος. ,He is a builder. ,તે એક બિલ્ડર છે. ,He is a builder. ,Li se yon mason. ,He is a builder. ,Ita mai gini ce. ,It is a building . ,He mea kūkulu hale ʻo ia. ,He was a builder. ,היא בונה. ,She's building. 
She is a businessperson.,Hän on liikemies. ,He is a businessman. ,C'est une femme d'affaires. ,She's a business woman. ,Se is in sakeman. ,She's a businessman. ,É empresaria. ,She is an entrepreneur. ,ის არის ბიზნესმენი. ,He is a businessman. ,Sie ist Geschäftsfrau. ,She is a businesswoman. ,Είναι επαγγελματίας. ,He is a professional. ,તે એક બિઝનેસમેન છે. ,He is a businessman. ,Li se yon businessperson. ,He is a businessperson. ,Ita yar kasuwa ce. ,She is a businesswoman. ,He ʻoihana ʻo ia. ,He is a professional. ,היא איש עסקים. ,She's a businessman. 
She is a butcher.,Hän on teurastaja. ,He is a butcher. ,Elle est boucherie. ,She is a butcher. ,Se is in slachter. ,She's a butcher. ,É carniceira. ,She is a butcher. ,ის ჯალათია. ,He is a butcher. ,Sie ist Metzgerin. ,She is a butcher. ,Είναι χασάπης. ,He is a butcher. ,તે કસાઈ છે. ,He is a butcher. ,Li se yon bouche. ,He is a butcher. ,Ita mahauta ce. ,She is a butcher. ,He kīʻaha wahine ʻo ia. ,She is a woman's cup. ,היא שוחטת. ,She's slaughtering. 
She is a carpenter.,Hän on puuseppä. ,He is a carpenter. ,Elle est charpentière. ,She is a carpenter. ,Se is timmerman. ,She's a carpenter. ,É carpinteira. ,She is a carpenter. ,იგი დურგალია. ,He is a carpenter. ,Sie ist Zimmermann. ,She is a carpenter. ,Είναι ξυλουργός. ,He is a carpenter. ,તે સુથાર છે. ,He is a carpenter. ,Li se yon bòs chapant. ,He is a carpenter. ,Ita kafinta ce. ,She is a carpenter. ,He kamana ʻo ia. ,He is a carpenter. ,היא נגרית. ,She's a carpenter. 
She is a cashier.,Hän on kassanhoitaja. ,She is a cashier. ,Elle est caissière. ,She's a cashier. ,Se is kassier. ,She's a cashier. ,É caixeira. ,She is a cashier. ,იგი მოლარეა. ,She is a cashier. ,Sie ist Kassiererin. ,She is a cashier. ,Είναι ταμίας. ,She is a treasurer. ,તે કેશિયર છે. ,He is the cashier. ,Li se yon kesye. ,He is a cashier. ,Ita mai karbar kudi ce. ,She is a cashier. ,He cashier ʻo ia. ,He is a cashier. ,היא קופאית. ,She's a cashier. 
She is a chef.,Hän on kokki. ,He is a cook. ,Elle est chef. ,She's a chef. ,Se is in chef. ,She's a chef. ,É cociñeira. ,She is a cook. ,იგი შეფ-მზარეულია. ,She is a chef. ,Sie ist eine Köchin. ,She is a cook. ,Είναι σεφ. ,He is a chef. ,તે એક રસોઇયા છે. ,She is a chef. ,Li se yon chef. ,He is a chef. ,Ita mai dafa abinci ce. ,She is a cook. ,He chef ʻo ia. ,He is a chef. ,היא שף. ,She's a chef. 
She is a chemist.,Hän on kemisti. ,He is a chemist. ,Elle est chimiste. ,She's a chemist. ,Se is gemikus. ,She's a musician. ,Ela é química. ,She is a chemist. ,ის არის ქიმიკოსი. ,He is a chemist. ,Sie ist Chemikerin. ,She is a chemist. ,Είναι χημική. ,It is chemical. ,તે રસાયણશાસ્ત્રી છે. ,He is a chemist. ,Li se yon famasi. ,It is a pharmacy. ,Ita mai ilmin hada magunguna ce. ,She is a chemist. ,He kemika ʻo ia. ,He is a chemical. ,היא כימיקאית. ,She's a chemist. 
She is a clergy advisor.,Hän on papiston neuvonantaja. ,He is a counselor to the clergy. ,Elle est conseillère du clergé. ,She is a counselor to the clergy. ,Se is geastlike adviseur. ,She is a spiritual advisor. ,É asesora do clero. ,She is an adviser to the clergy. ,ის არის სასულიერო პირების მრჩეველი. ,He is an advisor to the clergy. ,Sie ist Geistliche Beraterin. ,She is a spiritual advisor. ,Είναι σύμβουλος κληρικών. ,He is a clergy counselor. ,તે પાદરી સલાહકાર છે. ,He is a pastor counselor. ,Li se yon konseye klèje yo. ,He is a counselor to the clergy. ,Ita ce mai ba da shawara ga malamai. ,She is a mentor to teachers. ,He kākāʻōlelo kahuna pule ʻo ia. ,He was a pastor counselor. ,היא יועצת כמורה. ,She is a consultant as a teacher. 
She is a clinical lab technician.,Hän on kliininen laboratorioteknikko. ,He is a clinical laboratory technician. ,Elle est technicienne de laboratoire clinique. ,She is a clinical laboratory technician. ,Se is in klinysk labtechnikus. ,She is a clinical lab technician. ,É técnica de laboratorio clínico. ,It is a clinical laboratory technique. ,ის არის კლინიკური ლაბორატორიის ტექნიკოსი. ,He is a clinical laboratory technician. ,Sie ist klinische Labortechnikerin. ,She is a clinical laboratory technician. ,Είναι κλινική τεχνική εργαστηρίου. ,It is a clinical laboratory technique. ,તે ક્લિનિકલ લેબ ટેકનિશિયન છે. ,She is a clinical lab technician. ,Li se yon teknisyen laboratwa klinik. ,He is a clinical laboratory technician. ,Ita ma'aikaciyar asibiti ce. ,She is a hospital worker. ,He loea keʻena hoʻokolohua lapaʻau ʻo ia. ,He is a medical laboratory specialist. ,היא טכנאית מעבדה קלינית. ,She is a clinical lab technician. 
She is a coach.,Hän on valmentaja. ,He is a coach. ,Elle est coach. ,She is a coach. ,Se is in coach. ,She's a coach. ,É adestradora. ,She is a coach. ,ის არის მწვრთნელი. ,He is a coach. ,Sie ist eine Trainerin. ,She is a trainer. ,Είναι προπονητής. ,He is a coach. ,તે કોચ છે. ,He is a coach. ,Li se yon antrenè. ,He is a coach. ,Ita mai horarwa ce. ,She is a trainer. ,He kumu kaʻa ʻo ia. ,He was a car teacher. ,היא מאמנת. ,She is a coach. 
She is a developer.,Hän on kehittäjä. ,He is a developer. ,Elle est développeur. ,She is a developer. ,Se is in ûntwikkelder. ,She is a developer. ,É desenvolvedora. ,She is a developer. ,ის დეველოპერია. ,He is a developer. ,Sie ist Entwicklerin. ,She is a developer. ,Είναι προγραμματιστής. ,He is a programmer. ,તે ડેવલપર છે. ,He is a developer. ,Li se yon pwomotè. ,He is a developer. ,Ita mai tasowa ce. ,She is a rising star. ,He mea hoʻomohala ʻo ia. ,He is a developer. ,היא מפתחת. ,She is developing. 
She is a dietitian.,Hän on ravitsemusterapeutti. ,She is a nutritionist. ,Elle est diététiste. ,She is a dietitian. ,Se is in diëtist. ,She is a dietitian. ,É dietista. ,He is a dietitian. ,ის არის დიეტოლოგი. ,He is a nutritionist. ,Sie ist Ernährungsberaterin. ,She is a nutritionist. ,Είναι διαιτολόγος. ,He is a dietitian. ,તે ડાયેટિશિયન છે. ,She is a dietitian. ,Li se yon dyetetist. ,He is a dietitian. ,Ita masaniyar abinci ce. ,She is an expert in food. ,He meaʻaiʻai ʻo ia. ,He was a foodie. ,היא דיאטנית. ,She's a dietitian. 
She is an ecologist.,Hän on ekologi. ,He is an ecologist. ,Elle est écologiste. ,She is an environmentalist. ,Se is in ekolooch. ,She's an ecologist. ,É ecoloxista. ,He is an ecologist. ,ის არის ეკოლოგი. ,He is an ecologist. ,Sie ist Ökologin. ,She is an ecologist. ,Είναι οικολόγος. ,He is an ecologist. ,તે ઇકોલોજીસ્ટ છે. ,She is an ecologist. ,Li se yon ekolojis. ,He is an ecologist. ,Ita masanin kimiyyar halittu ne. ,She is a biologist. ,He kaiaolaola ʻo ia. ,He is an ecosystem. ,היא אקולוגית. ,It is ecological. 
She is an editor.,Hän on toimittaja. ,He is a journalist. ,Elle est rédactrice. ,She is a writer. ,Se is redakteur. ,She's an editor. ,É editora. ,She is a publisher. ,იგი არის რედაქტორი. ,He is the editor. ,Sie ist Redakteurin. ,She is an editor. ,Είναι συντάκτης. ,He is an author. ,તે એક સંપાદક છે. ,He is an editor. ,Li se yon editè. ,He is an editor. ,Ita edita ce. ,She is the editor said . ,He hoʻoponopono ʻo ia. ,He is an editor. ,היא עורכת. ,She's an editor. 
She is an electrician.,Hän on sähköasentaja. ,He is an electrician. ,Elle est électricienne. ,She is an electrician. ,Se is elektricien. ,She's an electrician. ,Ela é electricista. ,She is an electrician. ,ის არის ელექტრიკოსი. ,He is an electrician. ,Sie ist Elektrikerin. ,She is an electrician. ,Είναι ηλεκτρολόγος. ,He is an electrician. ,તે ઇલેક્ટ્રિશિયન છે. ,He is an electrician. ,Li se yon elektrisyen. ,He is an electrician. ,Ita ma'aikaciyar lantarki ce. ,She is an electrician. ,He uila ia. ,It is lightning. ,היא חשמלאית. ,She's an electrician. 
She is an EMT specialist.,Hän on EMT-asiantuntija. ,He is an EMT expert. ,Elle est spécialiste EMT. ,She is an EMT specialist. ,Se is in EMT-spesjalist. ,She is an EMT specialist. ,É especialista en EMT. ,He specializes in EMT. ,ის არის EMT სპეციალისტი. ,He is an EMT specialist. ,Sie ist eine EMT-Spezialistin. ,She is an EMT specialist. ,Είναι ειδική στο EMT. ,She is an EMT specialist. ,તે ઇએમટી નિષ્ણાત છે. ,He is an EMT specialist. ,Li se yon espesyalis EMT. ,He is an EMT specialist. ,Ita kwararriyar EMT ce. ,She is a professional EMT. ,He loea EMT ʻo ia. ,He is an EMT specialist. ,היא מומחית ב- EMT. ,She is an EMT expert. 
She is a farmer.,Hän on maanviljelijä. ,He is a farmer. ,Elle est agricultrice. ,She is a farmer. ,Se is boer. ,She's a farmer. ,É labrega. ,She is a farmer. ,იგი ფერმერია. ,He is a farmer. ,Sie ist ein Landwirt. ,She is a farmer. ,Είναι αγρότης. ,He is a farmer. ,તે ખેડૂત છે. ,He is a farmer. ,Li se yon kiltivatè. ,He is a farmer. ,Ita manomi ce. ,She is a farmer. ,He mahiʻai ʻo ia. ,He was a farmer. ,היא חקלאית. ,She is a farmer. 
She is a filmmaker.,Hän on elokuvantekijä. ,He is a filmmaker. ,Elle est cinéaste. ,She is a filmmaker. ,Se is in filmmakker. ,She is a filmmaker. ,É cineasta. ,He is a filmmaker. ,ის არის კინორეჟისორი. ,He is a film director. ,Sie ist Filmemacherin. ,She is a filmmaker. ,Είναι σκηνοθέτης. ,He is a director. ,તે એક ફિલ્મ નિર્માતા છે. ,He is a filmmaker. ,Li se yon sineast. ,He is a filmmaker. ,Ita yar fim ce. ,She is a movie star. ,He mea paʻi kiʻi ʻo ia. ,He is a photographer. ,היא קולנוענית. ,She is a filmmaker. 
She is a firefighter.,Hän on palomies. ,He's a firefighter. ,Elle est pompier. ,She is a firefighter. ,Se is brânwachtman. ,She's a firefighter. ,É unha bombeira. ,She's a firefighter. ,ის მეხანძრეა. ,He is a firefighter. ,Sie ist eine Feuerwehrfrau. ,She is a firefighter. ,Είναι πυροσβέστης. ,He is a firefighter. ,તે અગ્નિશામક છે. ,It is a fire extinguisher. ,Li se yon ponpye. ,He is a firefighter. ,Ita ma'aikaciyar kashe gobara ce. ,She is a firefighter. ,He kinai ahi ʻo ia. ,He is a firefighter. ,היא כבאי. ,She's a firefighter. 
She is a fisherman.,Hän on kalastaja. ,He is a fisherman. ,C'est une pêcheuse. ,She is a fisherwoman. ,Se is in fisker. ,She's a fisherman. ,É pescadora. ,She is a fisherwoman. ,ის მეთევზეა. ,He is a fisherman. ,Sie ist Fischerin. ,She is a fisherwoman. ,Είναι ψαρά. ,They are fishermen. ,તે માછીમાર છે. ,He is a fisherman. ,Li se yon pechè. ,He is a fisherman. ,Ita masunta ce. ,She is a fisherman. ,He lawaiʻa ʻo ia. ,He was a fisherman. ,היא דייגת. ,She's a fisherman. 
She is a flight attendant.,Hän on lentoemäntä. ,She's a flight attendant. ,Elle est hôtesse de l'air. ,She is a flight attendant. ,Se is in stewardess. ,She's a stewardess. ,É auxiliar de voo. ,He is a flight attendant. ,ის არის ბორტგამცილებელი. ,He is a flight attendant. ,Sie ist eine Flugbegleiterin. ,She is a flight attendant. ,Ειναι αεροσυνοδος. ,He is a flight attendant. ,તે ફ્લાઇટ એટેન્ડન્ટ છે. ,She is a flight attendant. ,Li se yon asistan vòl. ,He is a flight attendant. ,Ita ma'aikaciyar jirgin sama ce. ,She is a flight attendant. ,He kahu lele ʻo ia. ,He was a flying pilot. ,היא דיילת. ,She's a flight attendant. 
She is a geneticist.,Hän on geenitieteilijä. ,He is a geneticist. ,Elle est généticienne. ,She's a geneticist. ,Se is in genetikus. ,She's a geneticist. ,É xenetista. ,He is a geneticist. ,ის არის გენეტიკოსი. ,He is a geneticist. ,Sie ist Genetikerin. ,She is a geneticist. ,Είναι γενετιστής. ,He is a geneticist. ,તે જિનેટિક્સિસ્ટ છે. ,She is a geneticist. ,Li se yon jenetisyen. ,He is a geneticist. ,Ita masaniyar kwayar halitta ce. ,She is a biologist. ,He genistist ʻo ia. ,He is a genist. ,היא גנטיקאית. ,She's a geneticist. 
She is a geologist.,Hän on geologi. ,He is a geologist. ,Elle est géologue. ,She's a geologist. ,Se is geolooch. ,She's a geologist. ,É xeóloga. ,She is a geologist. ,ის გეოლოგია. ,He is a geologist. ,Sie ist Geologin. ,She is a geologist. ,Είναι γεωλόγος. ,He is a geologist. ,તે ભૂસ્તરશાસ્ત્રી છે. ,He is a geologist. ,Li se yon jewolojis. ,He is a geologist. ,Ita masanin kimiyyar kasa ne. ,She is a geologist. ,He hulihonua ʻo ia. ,He is a geologist. ,היא גיאולוגית. ,It is geological. 
She is a graphic designer.,Hän on graafinen suunnittelija. ,He is a graphic designer. ,Elle est graphiste. ,She is a graphic designer. ,Se is in grafysk ûntwerper. ,She is a graphic designer. ,É deseñadora gráfica. ,She is a graphic designer. ,იგი გრაფიკული დიზაინერია. ,She is a graphic designer. ,Sie ist Grafikdesignerin. ,She is a graphic designer. ,Είναι γραφίστρια. ,She is a graphic designer. ,તે ગ્રાફિક ડિઝાઇનર છે. ,She is a graphic designer. ,Li se yon designer grafik. ,He is a graphic designer. ,Ita mai zane ce. ,Her jersey . ,He mea hoʻolālā kiʻi ʻo ia. ,He is a graphic designer. ,היא מעצבת גרפית. ,She is a graphic designer. 
She is a human resource specialist.,Hän on henkilöstöasiantuntija. ,He is a human resources expert. ,Elle est spécialiste des ressources humaines. ,She is a human resources specialist. ,Se is in spesjalist foar minsklike boarnen. ,She is a specialist in human resources. ,É especialista en recursos humanos. ,He specializes in human resources. ,ის არის ადამიანური რესურსების სპეციალისტი. ,He is a human resources specialist. ,Sie ist Personalfachfrau. ,She is a human resources specialist. ,Είναι ειδική σε ανθρώπινους πόρους. ,It is specialized in human resources. ,તે માનવ સંસાધન નિષ્ણાત છે. ,He is a human resource expert. ,Li se yon espesyalis resous imen. ,He is a human resources specialist. ,Ita kwararriyar ma’aikata ce. ,She is a professional worker. ,He loea kumuwaiwai ʻo ia. ,He is a resource engineer. ,היא מומחית בתחום משאבי אנוש. ,She is an expert in the field of human resources. 
She is an immunologist.,Hän on immunologi. ,He is an immunologist. ,Elle est immunologiste. ,She's an immunologist. ,Se is in immunolooch. ,She's an immunologist. ,É inmunóloga. ,She is an immunologist. ,ის იმუნოლოგია. ,He's immunology. ,Sie ist Immunologin. ,She is an immunologist. ,Είναι ανοσολόγος. ,He is an immunologist. ,તે એક ઇમ્યુનોલોજિસ્ટ છે. ,She is an immunologist. ,Li se yon iminològ. ,He is an immunologist. ,Ita masaniyar rigakafi ce. ,She is an immunologist. ,He maʻi pale maʻi ʻo ia. ,It is an immune system. ,היא אימונולוגית. ,She's immunological. 
She is an interpreters.,Hän on tulkkia. ,He is an interpreter. ,Elle est interprète. ,She is an interpreter. ,Se is in tolken. ,She's an interpreter. ,É intérprete. ,He is an interpreter. ,იგი თარჯიმანია. ,She is a translator. ,Sie ist Dolmetscherin. ,She is an interpreter. ,Είναι διερμηνέας. ,He is an interpreter. ,તે દુભાષિયા છે. ,She is an interpreter. ,Li se yon entèprèt. ,He is an interpreter. ,Ita mai fassara ce. ,She is a translator. ,He unuhi'ōlelo ʻo ia. ,He is a translator. ,היא מתורגמנית. ,She is an interpreter. 
She is a jeweller.,Hän on kultaseppä. ,He is a jeweler. ,Elle est bijoutière. ,She is a jeweler. ,Se is in juwelier. ,She's a jeweler. ,É xoieira. ,She is a jeweler. ,იგი არის იუველირი. ,She is a jeweler. ,Sie ist Juwelierin. ,She is a jeweler. ,Είναι κοσμηματοπωλείο. ,It is a jewelry store. ,તે એક ઝવેરી છે. ,She is a jeweler. ,Li se yon bijou. ,It is a jewel. ,Ita ce mai yin kayan ado. ,She is a jeweler. ,He mea hoʻohiwahiwa ʻo ia. ,He was an entertainer. ,היא תכשיטנית. ,She's a jeweler. 
She is a lawyer.,Hän on lakimies. ,He is a lawyer. ,Elle est avocate. ,She is a lawyer. ,Se is in advokaat. ,She's a lawyer. ,É avogada. ,She is a lawyer. ,ის არის იურისტი. ,He is a lawyer. ,Sie ist Anwältin. ,She is a lawyer. ,Αυτή είναι δικηγόρος. ,She is a lawyer. ,તે એક વકીલ છે. ,He is a lawyer. ,Li se yon avoka. ,He is a lawyer. ,Lauya ce. ,She is a lawyer. ,He loio ʻo ia. ,He is a lawyer. ,היא עורכת דין. ,She's a lawyer. 
She is a librarian.,Hän on kirjastonhoitaja. ,She is a librarian. ,Elle est bibliothécaire. ,She's a librarian. ,Se is in bibletekaris. ,She is a librarian. ,É bibliotecaria. ,She is a librarian. ,ის არის ბიბლიოთეკარი. ,He is a librarian. ,Sie ist Bibliothekarin. ,She is a librarian. ,Είναι βιβλιοθηκάριος. ,He is a librarian. ,તે એક ગ્રંથપાલ છે. ,He is a librarian. ,Li se yon bibliyotekè. ,He is a librarian. ,Ita ma'aikaciya ce. ,She is a worker. ,He kahu puke ʻo ia. ,He is a librarian. ,היא ספרנית. ,She's a librarian. 
She is a licensed practical nurse.,Hän on lisensoitu käytännön sairaanhoitaja. ,She is a licensed practical nurse. ,Elle est infirmière auxiliaire autorisée. ,She is a licensed practical nurse. ,Se is in fergunning praktyske ferpleechkundige. ,She is a licensed practical nurse. ,É enfermeira práctica con licenza. ,She is a licensed practical nurse. ,ის არის ლიცენზირებული პრაქტიკული მედდა. ,She is a licensed practical nurse. ,Sie ist eine lizenzierte praktische Krankenschwester. ,She is a licensed practical nurse. ,Είναι άδεια πρακτικής νοσοκόμας. ,It is a license of a nurse practitioner. ,તે લાઇસન્સવાળી પ્રેક્ટિકલ નર્સ છે. ,She is a licensed practical nurse. ,Li se yon enfimyè ki gen lisans pratik. ,She is a licensed practice nurse. ,Ita ma'aikaciyar likita ce mai aiki. ,She is an active medical worker. ,He kahu maʻi laikini ʻo ia. ,He is a licensed nurse. ,היא אחות מעשית מורשית. ,She is a licensed practical nurse. 
She is a mechanic.,Hän on mekaanikko. ,He's a mechanic. ,Elle est mécanicienne. ,She's a mechanic. ,Se is monteur. ,She's a mechanic. ,É mecánica. ,It's mechanical. ,ის არის მექანიკოსი. ,He is a mechanic. ,Sie ist Mechanikerin. ,She is a mechanic. ,Είναι μηχανικός. ,He is an engineer. ,તે મિકેનિક છે. ,He is a mechanic. ,Li se yon mekanisyen. ,He is a mechanic. ,Ita makaniki ce. ,She is a mechanic . ,He mīkini ʻo ia. ,He is a machine. ,היא מכונאית. ,She's a mechanic. 
She is a medical laboratory scientist.,Hän on lääketieteellinen laboratoriotutkija. ,He is a medical laboratory researcher. ,Elle est scientifique de laboratoire médical. ,She is a medical laboratory scientist. ,Se is in medysk laboratoarium wittenskipper. ,She is a medical laboratory scientist. ,É científica de laboratorio médico. ,She is a medical laboratory scientist. ,ის არის სამედიცინო ლაბორატორიის მეცნიერი. ,He is a medical laboratory scientist. ,Sie ist medizinische Laborwissenschaftlerin. ,She is a medical laboratory scientist. ,Είναι επιστήμονας ιατρικού εργαστηρίου. ,He is a medical laboratory scientist. ,તે તબીબી પ્રયોગશાળા વૈજ્ .ાનિક છે. ,He is a medical laboratory scientist. ,Li se yon syantis laboratwa medikal. ,He is a medical laboratory scientist. ,Ita masanin kimiyyar dakin gwaje-gwaje ce. ,She is a laboratory scientist. ,He ʻepekema ʻepekema lapaʻau ʻo ia. ,He is a medical scientist. ,היא מדענת מעבדה רפואית. ,She is a medical laboratory scientist. 
She is a meteorologist.,Hän on meteorologi. ,He is a meteorologist. ,C'est une météorologue. ,She's a meteorologist. ,Se is in meteorolooch. ,She's a meteorologist. ,É meteoróloga. ,She is a meteorologist. ,ის მეტეოროლოგია. ,He is a meteorologist. ,Sie ist Meteorologin. ,She is a meteorologist. ,Είναι μετεωρολόγος. ,He is a meteorologist. ,તે હવામાનશાસ્ત્રી છે. ,He is a meteorologist. ,Li se yon meteyorolojis. ,He is a meteorologist. ,Masana ilimin yanayi ne. ,They are meteorologists. ,He meteorologist ʻo ia. ,He is a meteorologist. ,היא מטאורולוגית. ,She is a meteorologist. 
She is a midwife.,Hän on kätilö. ,She is a midwife. ,Elle est sage-femme. ,She is a midwife. ,Se is ferloskundige. ,She is an obstetrician. ,É unha matrona. ,She is a midwife. ,ის ბებიაქალია. ,She is a midwife. ,Sie ist Hebamme. ,She is a midwife. ,Είναι μαία. ,She is a midwife. ,તે એક મિડવાઇફ છે. ,She is a midwife. ,Li se yon fanmsaj. ,She is a midwife. ,Ita ungozoma ce. ,She is a midwife. ,He palekeiki ʻo ia. ,She was a midwife. ,היא מיילדת. ,She's a midwife. 
She is a military officer.,Hän on armeijan upseeri. ,He's an army officer. ,Elle est officier militaire. ,She is a military officer. ,Se is in militêr offisier. ,She is a military officer. ,É oficial militar. ,He is a military officer. ,იგი სამხედრო ოფიცერია. ,He is a military officer. ,Sie ist Militäroffizierin. ,She is a military officer. ,Είναι στρατιωτική αξιωματική. ,She is a military officer. ,તે લશ્કરી અધિકારી છે. ,He is a military officer. ,Li se yon ofisye militè. ,He is a military officer. ,Ita jami’ar soja ce. ,She is a military officer. ,He luna pūʻali koa ʻo ia. ,He was a military officer. ,היא קצינה צבאית. ,She is a military officer. 
She is a nutritionist.,Hän on ravitsemusterapeutti. ,She is a nutritionist. ,Elle est nutritionniste. ,She is a nutritionist. ,Se is in fiedingsdeskundige. ,She is a nutritionist. ,É nutricionista. ,He is a nutritionist. ,ის არის დიეტოლოგი. ,He is a nutritionist. ,Sie ist Ernährungsberaterin. ,She is a nutritionist. ,Είναι διατροφολόγος. ,He is a nutritionist. ,તે ન્યુટ્રિશનિસ્ટ છે. ,He is a nutritionist. ,Li se yon nitrisyonis. ,She is a nutritionist. ,Ita masaniyar abinci ce. ,She is an expert in food. ,He mea hānai meaʻai ʻo ia. ,She was a foodie. ,היא תזונאית. ,She is a nutritionist. 
She is an oceanographer.,Hän on merentutkija. ,He is a marine scientist. ,Elle est océanographe. ,She is an oceanographer. ,Se is oseanograaf. ,She's an oceanographer. ,É oceanógrafa. ,She is an oceanographer. ,ის არის ოკეანოგრაფი. ,He is an oceanographer. ,Sie ist Ozeanographin. ,She is an oceanographer. ,Είναι ωκεανογράφος. ,He is an oceanographer. ,તે એક સમુદ્રવિજ્ .ાની છે. ,He is an oceanographer. ,Li se yon oseyanograf. ,He is an oceanographer. ,Ita masaniyar teku ce. ,She is an expert on the sea. ,He mea kākau moʻolelo kai ʻo ia. ,He is also a marine historian. ,היא אוקיאנוגרפית. ,It is oceanographic. 
She is an osteopath.,Hän on osteopaatti. ,He is an osteopath. ,Elle est ostéopathe. ,She is an osteopath. ,Se is in osteopaat. ,She's an osteopath. ,É osteópata. ,He is an osteopath. ,ის ოსტეოპატია. ,He is an osteopath. ,Sie ist Osteopathin. ,She is an osteopath. ,Είναι οστεοπαθητική. ,It is osteopathic. ,તે એક osસ્ટિઓપેથ છે. ,It's an os steopath. ,Li se yon osteyopat. ,He is an osteopath. ,Ita ce osteopath. ,She osteopath . ,He osteopath ʻo ia. ,He is an osteopath. ,היא אוסטאופת. ,She's an osteopath. 
She is a painter.,Hän on taidemaalari. ,He is a painter. ,Elle est peintre. ,She is a painter. ,Se is in skilder. ,She is a painter. ,É pintora. ,She is a painter. ,ის არის მხატვარი. ,He is an artist. ,Sie ist eine Malerin. ,She is a painter. ,Είναι ζωγράφος. ,He is a painter. ,તે એક ચિત્રકાર છે. ,He is a painter. ,Li se yon pent. ,He is a painter. ,Ita ce mai zane. ,She jersey . ,He mea pena kiʻi. ,He is a painter. ,היא ציירת. ,She painted. 
She is a paramedic.,Hän on ensihoitaja. ,She is a paramedic. ,Elle est paramédicale. ,She is a paramedic. ,Se is in paramedika. ,She's a paramedic. ,É unha paramédica. ,She is a paramedic. ,ის არის ექთანი. ,She is a nurse. ,Sie ist Sanitäterin. ,She is a medic. ,Είναι παραϊατρική. ,It is paramedical. ,તે પેરામેડિક છે. ,It is paramedic. ,Li se yon paramedik. ,He is a paramedic. ,Ita ma'aikaciyar lafiya ce. ,She is a health worker. ,He paramedic ʻo ia. ,He is a paramedic. ,היא פרמדיקית. ,She's a paramedic. 
She is a pathologist.,Hän on patologi. ,He is a pathologist. ,Elle est pathologiste. ,She's a pathologist. ,Se is in patolooch. ,She's a pathologist. ,É patóloga. ,She is a pathologist. ,ის პათოლოგია. ,It is a pathology. ,Sie ist Pathologin. ,She is a pathologist. ,Είναι παθολόγος. ,He is a physician. ,તે પેથોલોજીસ્ટ છે. ,He is a pathologist. ,Li se yon patolojis. ,He is a pathologist. ,Ita likita ce. ,She is a doctor. ,He pathologist ia. ,He is a pathologist. ,היא פתולוגית. ,It is pathological. 
She is a pharmacologist.,Hän on farmakologi. ,He is a pharmacologist. ,Elle est pharmacologue. ,She is a pharmacologist. ,Se is farmakolooch. ,She is a pharmacologist. ,É farmacóloga. ,She is a pharmacologist. ,ის არის ფარმაკოლოგი. ,He is a pharmacologist. ,Sie ist Pharmakologin. ,She is a pharmacologist. ,Είναι φαρμακολόγος. ,He is a pharmacist. ,તે ફાર્માકોલોજિસ્ટ છે. ,He is a pharmacologist. ,Li se yon famasi. ,It is a pharmacy. ,Ita masaniyar magunguna ce. ,She is an expert in medicine. ,He kauka lāʻau lapaʻau ʻo ia. ,He was a medical doctor. ,היא פרמקולוגית. ,She is a pharmacologist. 
She is a philosopher.,Hän on filosofi. ,He is a philosopher. ,C'est une philosophe. ,She is a philosopher. ,Se is in filosoof. ,She's a philosopher. ,É unha filósofa. ,She is a philosopher. ,ის ფილოსოფოსია. ,He is a philosopher. ,Sie ist Philosophin. ,She is a philosopher. ,Είναι φιλόσοφος. ,He is a philosopher. ,તે ફિલોસોફર છે. ,He is a philosopher. ,Li se yon filozòf. ,He is a philosopher. ,Ita falsafa ce. ,She is philosophical . ,He akeakamai ia. ,He is a philosopher. ,היא פילוסופית. ,She is philosophical. 
She is a photographer.,Hän on valokuvaaja. ,He is a photographer. ,Elle est photographe. ,She is a photographer. ,Se is in fotograaf. ,She is a photographer. ,É fotógrafa. ,She is a photographer. ,ის არის ფოტოგრაფი. ,He is a photographer. ,Sie ist Fotografin. ,She is a photographer. ,Είναι φωτογράφος. ,He is a photographer. ,તે એક ફોટોગ્રાફર છે. ,She is a photographer. ,Li se yon fotograf. ,He is a photographer. ,Ita ce mai daukar hoto. ,She is a photographer. ,He mea paʻi kiʻi ʻo ia. ,He is a photographer. ,היא צלמת. ,She's a photographer. 
She is a physician assistant.,Hän on lääkäriavustaja. ,She is a medical assistant. ,Elle est assistante médicale. ,She is a medical assistant. ,Se is dokterassistint. ,She's a doctor's assistant. ,É axudante de médico. ,He is an assistant doctor. ,ის არის ექიმის ასისტენტი. ,He is a physician assistant. ,Sie ist Arzthelferin. ,She is a doctor's assistant. ,Είναι βοηθός γιατρού. ,He is a doctor's assistant. ,તે એક ચિકિત્સક સહાયક છે. ,She is a physician assistant. ,Li se yon asistan doktè. ,He is an assistant doctor. ,Ta kasance mataimakiyar likita. ,She was an assistant doctor. ,He kauka kōkua ʻo ia. ,He is an assistant doctor. ,היא עוזרת רופאים. ,She helps doctors. 
She is a physicist.,Hän on fyysikko. ,He is a physicist. ,Elle est physicienne. ,She is a physicist. ,Se is in natuerkundige. ,She's a physicist. ,É física. ,It’s physical. ,ის ფიზიკოსია. ,He is a physicist. ,Sie ist Physikerin. ,She is a physicist. ,Είναι φυσική. ,It is natural. ,તે એક ભૌતિકશાસ્ત્રી છે. ,He is a physicist. ,Li se yon fizisyen. ,He is a physicist. ,Ita masaniyar ilimin lissafi ce. ,She is a mathematician. ,He physicist ʻo ia. ,He was a physicist. ,היא פיזיקאית. ,She's a physicist. 
She is a pilot.,Hän on lentäjä. ,He is a pilot. ,Elle est pilote. ,She's a pilot. ,Se is piloat. ,She's a pilot. ,Ela é piloto. ,She is a pilot. ,ის მფრინავია. ,He's a pilot. ,Sie ist Pilotin. ,She is a pilot. ,Είναι πιλότος. ,He is a pilot. ,તે પાયલોટ છે. ,He is a pilot. ,Li se yon pilòt. ,He is a pilot. ,Matukin jirgi ne. ,He is a pilot. ,He pailaka ʻo ia. ,He is a pilot. ,היא טייסת. ,She's a squadron. 
She is a plumber.,Hän on putkimies. ,He's a plumber. ,Elle est plombière. ,She is a plumber. ,Se is in loodgieter. ,She's a plumber. ,É fontaneira. ,She is a plumber. ,ის სანტექნიკოსია. ,He is a plumber. ,Sie ist Klempnerin. ,She is a plumber. ,Είναι υδραυλικός. ,He is a plumber. ,તે પ્લમ્બર છે. ,She is a plumber. ,Li se yon plonbye. ,He is a plumber. ,Ita ma'aikaciya ce. ,She is a worker. ,He paipala ʻo ia. ,It is a bible. ,היא אינסטלטור. ,She's a plumber. 
She is a politician.,Hän on poliitikko. ,He is a politician. ,C'est une politicienne. ,She's a politician. ,Se is in politikus. ,She's a politician. ,É política. ,It's politics. ,ის არის პოლიტიკოსი. ,He is a politician. ,Sie ist Politikerin. ,She is a politician. ,Είναι πολιτική. ,It is political. ,તે રાજકારણી છે. ,She is a politician. ,Li se yon politisyen. ,He is a politician. ,Ita yar siyasa ce. ,She is a politician. ,He mea kālaiʻāina ʻo ia. ,He is a politician. ,היא פוליטיקאית. ,She's a politician. 
She is a receptionist.,Hän on vastaanottovirkailija. ,He is a receptionist. ,Elle est réceptionniste. ,She's a receptionist. ,Se is resepsjoniste. ,She's a receptionist. ,É recepcionista. ,He is a receptionist. ,ის არის მიმღები პირი. ,He is a recipient. ,Sie ist Empfangsdame. ,She is a receptionist. ,Είναι ρεσεψιονίστ. ,He is a receptionist. ,તે રિસેપ્શનિસ્ટ છે. ,She is a receptionist. ,Li se yon resepsyonis. ,He is a receptionist. ,Ita ce mai karbar baki. ,She is the host. ,He mea hoʻokipa ia. ,It is entertaining. ,היא פקידת קבלה. ,She is a receptionist. 
She is a registered nurse.,Hän on rekisteröity sairaanhoitaja. ,She is a registered nurse. ,Elle est infirmière autorisée. ,She is a registered nurse. ,Se is in registrearre ferpleechkundige. ,She is a registered nurse. ,É enfermeira rexistrada. ,She is a registered nurse. ,იგი რეგისტრირებული მედდაა. ,She is a registered nurse. ,Sie ist Krankenschwester. ,She is a nurse. ,Είναι εγγεγραμμένη νοσοκόμα. ,She is a registered nurse. ,તે રજિસ્ટર્ડ નર્સ છે. ,She is a registered nurse. ,Li se yon enfimyè ki anrejistre. ,She is a registered nurse. ,Ita ma'aikaciyar jinya ce. ,She is a nurse. ,He kahu kahu maʻi ʻo ia. ,She was a nurse. ,היא אחות מוסמכת. ,She is a registered nurse. 
She is a salesman.,Hän on myyjä. ,He is a salesman. ,Elle est vendeuse. ,She's a saleswoman. ,Se is ferkeaper. ,She's a saleswoman. ,É vendedora. ,She is a saleswoman. ,ის გამყიდველია. ,He is a salesman. ,Sie ist Verkäuferin. ,She is a saleswoman. ,Είναι πωλητής. ,He is a seller. ,તે સેલ્સમેન છે. ,He is a salesman. ,Li se yon vandè. ,He is a salesman. ,Ita ce mai sayarwa. ,She is a salesperson. ,He kanaka kūʻai aku ʻo ia. ,He was a salesman. ,היא מוכרת. ,She sells. 
She is a salesperson.,Hän on myyjä. ,He is a salesman. ,Elle est vendeuse. ,She's a saleswoman. ,Se is in ferkeaper. ,She's a saleswoman. ,É vendedora. ,She is a saleswoman. ,ის გამყიდველია. ,He is a salesman. ,Sie ist Verkäuferin. ,She is a saleswoman. ,Είναι πωλητής. ,He is a seller. ,તે સેલ્સપર્સન છે. ,She is a salesperson. ,Li se yon vandè. ,He is a salesman. ,Ita ce mai sayarwa. ,She is a salesperson. ,He kanaka kūʻai aku ʻo ia. ,He was a salesman. ,היא איש מכירות. ,She's a salesman. 
She is a scientist.,Hän on tiedemies. ,He is a scientist. ,C'est une scientifique. ,She's a scientist. ,Se is in wittenskipper. ,She is a scientist. ,É científica. ,It is scientific. ,ის მეცნიერია. ,He is a scientist. ,Sie ist Wissenschaftlerin. ,She is a scientist. ,Είναι επιστήμονας. ,He is a scientist. ,તે વૈજ્ .ાનિક છે. ,He is a scientist. ,Li se yon syantis. ,He is a scientist. ,Ita masanin kimiyya ce. ,She is a scientist. ,He ʻepekema ʻo ia. ,He is a scientist. ,היא מדענית. ,She's a scientist. 
She is a sea captain.,Hän on merikapteeni. ,He is the sea captain. ,Elle est capitaine de la marine. ,She's a sea captain. ,Se is seekaptein. ,She's sea captain. ,É unha capitá de mar. ,She is a sea captain. ,ის არის ზღვის კაპიტანი. ,He is the captain of the sea. ,Sie ist eine Kapitänin. ,She is a captain. ,Είναι καπετάνιος της θάλασσας. ,He is the captain of the sea. ,તે સમુદ્ર કેપ્ટન છે. ,He is the sea captain. ,Li se yon kòmandan lanmè. ,He is a sea captain. ,Ita ce kyaftin din teku. ,She is the captain of the sea. ,He kāpena kai ʻo ia. ,He was a sea captain. ,היא קפטן ים. ,She's a sea captain. 
She is a secretary.,Hän on sihteeri. ,He is a secretary. ,Elle est secrétaire. ,She is a secretary. ,Se is in sekretaris. ,She's a secretary. ,É secretaria. ,She is a secretary. ,Იგი არის მდივანი. ,ᲘYou are the secretary. ,Sie ist eine Sekretärin. ,She is a secretary. ,Είναι γραμματέας. ,He is a secretary. ,તે સેક્રેટરી છે. ,She is the secretary. ,Li se yon sekretè. ,He is a secretary. ,Ita ce sakatare. ,She is the secretary. ,He kākau ʻōlelo ʻo ia. ,He is a scribe. ,היא מזכירה. ,She reminds. 
She is a singer.,Hän on laulaja. ,He is a singer. ,Elle est chanteuse. ,She is a singer. ,Sy is in sjongeres. ,She's a singer. ,É cantante. ,She is a singer. ,Ის მომღერალია. ,Ი is a singer. ,Sie ist eine Sängerin. ,She is a singer. ,Είναι τραγουδιστρια. ,She is a singer. ,તે એક ગાયિકા છે. ,She is a singer. ,Li se yon chantè. ,She is a singer. ,Mawakiya ce. ,She is a singer. ,He mele ʻo ia. ,It is a song. ,היא זמרת. ,she is a singer. 
She is a solicitor.,Hän on asianajaja. ,He is a lawyer. ,Elle est avocate. ,She is a lawyer. ,Se is in advokaat. ,She's a lawyer. ,É procuradora. ,She is a solicitor. ,ის არის ადვოკატი. ,He is a lawyer. ,Sie ist Anwältin. ,She is a lawyer. ,Είναι δικηγόρος. ,He is a lawyer. ,તે એક વકીલ છે. ,He is a lawyer. ,Li se yon avoka. ,He is a lawyer. ,Ita lauya ce. ,She is a lawyer. ,He loio ʻo ia. ,He is a lawyer. ,היא עורכת דין. ,She's a lawyer. 
She is a speech pathologist.,Hän on puhepatologi. ,He is a speech pathologist. ,Elle est orthophoniste. ,She is a speech therapist. ,Se is in spraakpatolooch. ,She's a speech pathologist. ,É patóloga do fala. ,She is a speech pathologist. ,ის არის მეტყველების პათოლოგი. ,He is a speech pathologist. ,Sie ist Sprachpathologin. ,She is a speech pathologist. ,Είναι παθολόγος ομιλίας. ,He is a speech therapist. ,તે ભાષણ રોગવિજ્ .ાની છે. ,He is a speech pathologist. ,Li se yon patolojis lapawòl. ,He is a speech pathologist. ,Ita masaniyar ilimin magana ne. ,She is an expert in speech science. ,He pathologist haʻiʻōlelo ʻo ia. ,He is a speech pathologist. ,היא פתולוגית דיבור. ,Is a pathological speech. 
She is a speech-language pathologist.,Hän on puhekielipatologi. ,He is a colloquial pathologist. ,Elle est orthophoniste. ,She is a speech therapist. ,Se is in spraak-taal patolooch. ,She is a speech-language pathologist. ,É patóloga da fala. ,She is a speech pathologist. ,ის არის მეტყველების პათოლოგი. ,He is a speech pathologist. ,Sie ist Sprachpathologin. ,She is a speech pathologist. ,Είναι παθολόγος ομιλίας-γλώσσας. ,He is a speech-language physician. ,તે ભાષણ ભાષાના પેથોલોજીસ્ટ છે. ,He is a pathologist of speech language. ,Li se yon patolojis lapawòl-lang. ,He is a speech-language pathologist. ,Ita masaniya ce ta ilimin harshe. ,She is a linguist. ,He pathologist ʻōlelo haʻiʻōlelo ʻo ia. ,He is a speech pathologist. ,היא פתולוגית בשפת הדיבור. ,It is pathological in spoken language. 
She is a statistician.,Hän on tilastotieteilijä. ,He is a statistician. ,Elle est statisticienne. ,She is a statistician. ,Se is in statistikus. ,She's a statistician. ,É estatística. ,It’s statistical. ,იგი სტატისტიკოსია. ,He is a statistician. ,Sie ist Statistikerin. ,She is a statistician. ,Είναι στατιστικολόγος. ,He is a statistician. ,તે આંકડાશાસ્ત્રી છે. ,He is a statistician. ,Li se yon statistisyen. ,He is a statistician. ,Ita mai ilimin lissafi ce. ,She is a mathematician. ,He Heluhelu ʻo ia. ,He is a Reader. ,היא סטטיסטיקאית. ,She's a statistician. 
She is a surveyor.,Hän on katsastaja. ,He is a surveyor. ,Elle est géomètre. ,She is a surveyor. ,Se is in lânmjitter. ,She is a surveyor. ,É topógrafa. ,She is a surveyor. ,იგი არის გეოდეზი. ,He is a surveyor. ,Sie ist Vermesserin. ,She is a surveyor. ,Είναι επιθεωρητής. ,He is an inspector. ,તે એક સર્વેયર છે. ,He is a surveyor. ,Li se yon Geometry. ,He is a surveyor. ,Ita mai binciken ce. ,She is a researcher. ,He anaʻo ia. ,It is a measure. ,היא מודדת. ,She measures. 
She is a therapist.,Hän on terapeutti. ,He is a Therapist. ,Elle est thérapeute. ,She's a therapist. ,Se is in terapeut. ,She's a therapist. ,É terapeuta. ,She is a therapist. ,ის თერაპევტია. ,He is a therapist. ,Sie ist Therapeutin. ,She is a therapist. ,Είναι θεραπευτής. ,He is a therapist. ,તે એક ચિકિત્સક છે. ,He is a physician. ,Li se yon terapis. ,He is a therapist. ,Ita ce mai ilimin kwantar da hankali. ,She is a psychologist. ,He mea hoʻoponopono. ,It’s an editor. ,היא מטפלת. ,She cares. 
She is an undertaker.,Hän on hautausmaa. ,He is a cemetery. ,Elle est une pompes funèbres. ,She's a funeral director. ,Se is in ûndernimmer. ,She is an entrepreneur. ,É unha funeraria. ,It is a funeral home. ,ის მეწარმეა. ,He is an entrepreneur. ,Sie ist Bestatterin. ,She is an undertaker. ,Είναι επιχείρηση. ,It is a business. ,તે બાંયધરી આપનાર છે. ,He is the guarantor. ,Li se yon antreprenè. ,He is an entrepreneur. ,Ita ma'aikaciya ce. ,She is a worker. ,He mea lawelawe ʻo ia. ,He is a servant. ,היא קברנית. ,She's a gravedigger. 
She is an urban planner.,Hän on kaupunkisuunnittelija. ,She is an urban planner. ,Elle est urbaniste. ,She is an urban planner. ,Se is in stedsplaner. ,She's a city planner. ,É urbanista. ,He is an urban planner. ,ის არის ურბანული დაგეგმარება. ,It is urban planning. ,Sie ist Stadtplanerin. ,She is an urban planner. ,Είναι πολεοδόμος. ,He is an urban planner. ,તે એક શહેરી યોજના છે. ,It is an urban plan. ,Li se yon planifikatè iben. ,He is an urban planner. ,Ita mai tsara birni ce. ,She is a city planner. ,He mea hoʻolālā kūlanakauhale ʻo ia. ,He was a town planner. ,היא מתכננת ערים. ,She plans cities. 
She is a videographer.,Hän on videokuvaaja. ,He is a videographer. ,Elle est vidéaste. ,She is a videographer. ,Se is in fotograaf. ,She is a photographer. ,É videógrafa. ,She is a videographer. ,იგი არის ვიდეოგრაფი. ,He is a videographer. ,Sie ist Videografin. ,She is a videographer. ,Είναι βιντεογράφος. ,He is a videographer. ,તે એક વિડીયોગ્રાફર છે. ,She is a videographer. ,Li se yon videograf. ,He is a videographer. ,Ita mai daukar hoto ne. ,She is a photographer. ,He mea paʻi wikiō ʻo ia. ,He is a videographer. ,היא צלמת וידיאו. ,She is a videographer. 
She is a virologist.,Hän on virologi. ,He is a virologist. ,Elle est virologue. ,She's a virologist. ,Se is in virolooch. ,She's a virologist. ,É viróloga. ,She is a virologist. ,ის არის ვირუსოლოგი. ,He is a virologist. ,Sie ist Virologin. ,She is a virologist. ,Είναι ιολόγος. ,He is a virologist. ,તે વાઇરોલોજીસ્ટ છે. ,She is a virologist. ,Li se yon virolog. ,He is a virologist. ,Ita masanin ilmin likitanci ne. ,She is a medical scientist. ,He virologist ʻo ia. ,He is a virologist. ,היא וירולוגית. ,It is virological. 
She is a visual artist.,Hän on kuvataiteilija. ,He is a visual artist. ,Elle est une artiste visuelle. ,She is a visual artist. ,Se is in byldzjend keunstner. ,She is a visual artist. ,É unha artista visual. ,She is a visual artist. ,იგი არის ვიზუალური მხატვარი. ,She is a visual artist. ,Sie ist bildende Künstlerin. ,She is a visual artist. ,Είναι εικαστική καλλιτέχνης. ,She is a visual artist. ,તે દ્રશ્ય કલાકાર છે. ,He is a visual artist. ,Li se yon atis vizyèl. ,He is a visual artist. ,Ita mai fasaha ce mai gani. ,She is a visual artist. ,He mea pena kiʻi ʻike ʻo ia. ,He was an experienced painter. ,היא אמנית חזותית. ,She is a visual artist. 
She is a waiter.,Hän on tarjoilija. ,She is a waitress. ,Elle est serveur. ,She's a waiter. ,Se is in ober. ,She's a waiter. ,É camareira. ,She is a waitress. ,ის ოფიციანტია. ,He is a waiter. ,Sie ist Kellnerin. ,She is a waitress. ,Είναι σερβιτόρα. ,She is a waitress. ,તે વેઈટર છે. ,He is a waiter. ,Li se yon gason. ,He is a man. ,Ita ma'aikaciya ce. ,She is a worker. ,He waiter ʻo ia. ,He is a waiter. ,היא מלצרית. ,She's a waitress. 
She is a web designer.,Hän on web-suunnittelija. ,She is a web designer. ,Elle est designer Web. ,She is a web designer. ,Se is in webûntwerper. ,She is a web designer. ,É deseñadora web. ,She is a web designer. ,ის ვებ დიზაინერია. ,He is a web designer. ,Sie ist Webdesignerin. ,She is a web designer. ,Είναι σχεδιαστής ιστοσελίδων. ,He is a web designer. ,તે વેબ ડિઝાઇનર છે. ,She is a web designer. ,Li se yon designer entènèt. ,He is a web designer. ,Ita mai tsara yanar gizo ce. ,She is a web designer. ,He mea hoʻolālā pūnaewele ʻo ia. ,He is a web developer. ,היא מעצבת אתרים. ,She is a web designer. 
She is a web developer.,Hän on web-kehittäjä. ,He is a web developer. ,Elle est développeur Web. ,She is a web developer. ,Se is in webûntwikkelder. ,She is a web developer. ,É desenvolvedora web. ,She is a web developer. ,ის არის ვებ – შემქმნელი. ,He is a web developer. ,Sie ist Webentwicklerin. ,She is a web developer. ,Είναι προγραμματιστής ιστού. ,He is a web developer. ,તે વેબ ડેવલપર છે. ,He is a web developer. ,Li se yon pwomotè entènèt. ,He is an internet developer. ,Ita ce mai bunkasa yanar gizo. ,She is a web developer. ,He mea hoʻomohala pūnaewele ʻo ia. ,He is a web developer. ,היא מפתחת אתרים. ,She develops websites. 
She is a zoologist.,Hän on eläintieteilijä. ,He is a zoologist. ,Elle est zoologiste. ,She is a zoologist. ,Se is in soölooch. ,She's a zoologist. ,É zoóloga. ,She is a zoologist. ,ის არის ზოოლოგი. ,He is a zoologist. ,Sie ist Zoologe. ,She is a zoologist. ,Είναι ζωολόγος. ,He is a zoologist. ,તે પ્રાણીશાસ્ત્રી છે. ,He is a zoologist. ,Li se yon zoologist. ,He is a zoologist. ,Ita masaniyar dabba ce. ,She is an animal expert. ,He Zoologist ʻo ia. ,He is a Zoologist. ,היא זואולוגית. ,She's a zoologist. 
