original,En2Malagasy,Malagasy2En,En2Malay,Malay2En,En2Malayalam,Malayalam2En,En2Maltese,Maltese2En,En2Maori,Maori2En,En2Marathi,Marathi2En,En2Mongolian,Mongolian2En,En2Burmese,Burmese2En,En2Nepali,Nepali2En,En2Norwegian,Norwegian2En,En2Nyanja_Chichewa,Nyanja_Chichewa2En,En2Oriya,Oriya2En
She is an advocate.,Mpisolovava izy. ,He is a lawyer. ,Dia adalah peguam bela. ,He is an advocate. ,അവൾ ഒരു അഭിഭാഷകയാണ്. ,She is a lawyer. ,Hija avukata. ,She is a lawyer. ,He kaitautoko ia. ,He is a supporter. ,ती एक वकील आहे. ,She is a lawyer. ,Тэр бол өмгөөлөгч юм. ,He is a lawyer. ,သူမသည်တစ် ဦး ထောက်ခံသူဖြစ်ပါတယ်။ ,She is a supporter. ,उनी एक वकिल हुन्। ,He is a lawyer. ,Hun er advokat. ,She's a lawyer. ,Iye ndi woimira mulandu. ,He is the prosecutor. ,ସେ ଜଣେ ଓକିଲ। ,He is a lawyer. 
She is an agriculturist.,Mpamboly izy. ,He is a farmer. ,Dia seorang ahli pertanian. ,He is a farmer. ,അവൾ ഒരു കൃഷിക്കാരിയാണ്. ,She is a farmer. ,Hija agrikoltura. ,It is agriculture. ,He tangata ahu whenua ia. ,He was a farmer. ,ती एक कृषक आहे. ,She is a farmer. ,Тэр хөдөө аж ахуй эрхэлдэг. ,He is engaged in agriculture. ,သူမသည်လယ်သမားတစ် ဦး ဖြစ်သည်။ ,She is a farmer. ,उनी एक कृषिविद् हुन्। ,He is an agriculturist. ,Hun er landbruker. ,She is a farmer. ,Ndi mlimi. ,It's a farmer. ,ସେ ଜଣେ କୃଷକ। ,He is a farmer. 
She is an aircraft pilot.,Izy dia mpanamory fiaramanidina. ,He is a pilot. ,Dia adalah juruterbang pesawat. ,He is a pilot. ,അവൾ ഒരു വിമാന പൈലറ്റാണ്. ,She is an airline pilot. ,Hija pilota tal-ajruplan. ,She is an airplane pilot. ,He paerata rererangi a ia. ,He is an airline pilot. ,ती विमानाची पायलट आहे. ,She is the pilot of the aircraft. ,Тэр бол нисэх онгоцны нисгэгч юм. ,He is a pilot. ,သူမသည်လေယာဉ်မှူးဖြစ်သည်။ ,She is a pilot. ,उनी एक विमान पायलट हुन्। ,He is a pilot. ,Hun er flypilot. ,She's a pilot. ,Ndioyendetsa ndege. ,He is a pilot. ,ସେ ଜଣେ ବିମାନ ପାଇଲଟ୍ | ,He is a pilot 
She is an artist.,Mpanakanto izy. ,He is an artist. ,Dia seorang artis. ,He is an artist. ,അവൾ ഒരു കലാകാരിയാണ്. ,She is an artist. ,Hija artista. ,She is an artist. ,He kaitoi ia. ,He is an artist. ,ती एक कलाकार आहे. ,She is an artist. ,Тэр бол зураач. ,He is an artist. ,သူမသည်အနုပညာရှင်တစ် ဦး ဖြစ်သည်။ ,She is an artist. ,उनी एक कलाकार हुन्। ,He is an artist. ,Hun er kunstner. ,She's an artist. ,Ndi wojambula. ,He is an artist. ,ସେ ଜଣେ କଳାକାର | ,He is an artist 
She is an astronomer.,Mpanandro izy. ,He is an astrologer. ,Dia adalah ahli astronomi. ,He is an astronomer. ,അവൾ ഒരു ജ്യോതിശാസ്ത്രജ്ഞയാണ്. ,She is an astronomer. ,Hija astronomu. ,She is an astronomer. ,He tohunga matakite ia. ,He was a seer. ,ती एक खगोलशास्त्रज्ञ आहे. ,She is an astronomer. ,Тэр бол одон орон судлаач юм. ,He is an astronomer. ,သူမသည်နက္ခတ္တဗေဒပညာရှင်ဖြစ်သည်။ ,She is an astronomer. ,उनी खगोलविद् हुन्। ,He is an astronomer. ,Hun er astronom. ,She's an astronomer. ,Iye ndi katswiri wa zakuthambo. ,He is an astronomer. ,ସେ ଜଣେ ଜ୍ୟୋତିର୍ବିଜ୍ଞାନୀ | ,He is an astronomer 
She is an attorney.,Mpisolovava izy. ,He is a lawyer. ,Dia adalah seorang peguam. ,He is a lawyer. ,അവൾ ഒരു അഭിഭാഷകയാണ്. ,She is a lawyer. ,Hija avukat. ,She is a lawyer. ,He roia ia. ,He is a lawyer. ,ती एक वकील आहे. ,She is a lawyer. ,Тэр өмгөөлөгч. ,He is a lawyer. ,သူမသည်ရှေ့နေဖြစ်သည်။ ,She is a lawyer. ,उनी एक वकिल हुन्। ,He is a lawyer. ,Hun er advokat. ,She's a lawyer. ,Iye ndi loya. ,He is a lawyer. ,ସେ ଜଣେ ଓକିଲ। ,He is a lawyer. 
She is an audiologist.,Audiologist izy. ,He is an audiologist. ,Dia adalah pakar audiologi. ,He is an audiologist. ,അവൾ ഒരു ഓഡിയോളജിസ്റ്റാണ്. ,She is an audiologist. ,Hija awdjologa. ,She is an audiologist. ,He tohunga whakarongo ia. ,He is a listening expert. ,ती ऑडिओलॉजिस्ट आहे. ,She is an audiologist. ,Тэр бол дууны эмч юм. ,He is a sound doctor. ,သူမသည်စာရင်းစစ်ပညာရှင်ဖြစ်သည်။ ,She is an auditor. ,उनी एक अडियोलॉजिस्ट हुन्। ,He is an audiologist. ,Hun er audiolog. ,She's an audiologist. ,Ndi katswiri womvera. ,He is an obedient listener. ,ସେ ଜଣେ ଅଡିଓୋଲୋଜିଷ୍ଟ | ,He is an audiologist 
She is a banker.,Banky izy. ,He is a banker. ,Dia seorang pegawai bank. ,He is a bank officer. ,അവൾ ഒരു ബാങ്കറാണ്. ,She is a banker. ,Hija bankiera. ,She is a banker. ,He peeke putea ia. ,He is a banker. ,ती एक बँकर आहे. ,She is a banker. ,Тэр бол банкир. ,He is a banker. ,သူမသည်ဘဏ်လုပ်ငန်းရှင်တစ် ဦး ဖြစ်သည်။ ,She is a banker. ,उनी एक बैंकर हुन्। ,He is a banker. ,Hun er bankmann. ,She's a banker. ,Ndiwabanki. ,I am a banker. ,ସେ ଜଣେ ବ୍ୟାଙ୍କର। ,He is a banker. 
She is a barber.,Mpanety izy. ,He is a barber. ,Dia adalah tukang gunting rambut. ,She is a barber. ,അവൾ ഒരു ബാർബർ ആണ്. ,She is a barber. ,Hija barbiera. ,She is a barber. ,He barber ia. ,A Barber him. ,ती एक नाई आहे. ,She is a barber. ,Тэр үсчин юм. ,She is a barber. ,သူမသည်ဆံပင်ညှပ်သည်။ ,She cuts her hair. ,उनी नाई हुन्। ,She is a barber. ,Hun er barberer. ,She's a barber. ,Ndi wometa. ,He is a barber. ,ସେ ଜଣେ ବାରବାଟୀ | ,She is a barbati 
She is a bartender.,Mpisotro toaka izy. ,He is an alcoholic. ,Dia seorang bartender. ,He is a bartender. ,അവൾ ഒരു ബാർട്ടൻഡറാണ്. ,She is a bartender. ,Hija barman. ,She is a bartender. ,He kaimanaaki ia. ,He is a host. ,ती बारटेंडर आहे. ,She is a bartender. ,Тэр бол бармен. ,He is a bartender. ,သူမသည်ဖျော်ယမကာစပ်သူဖြစ်၏။ ,She is an alcoholic. ,उनी बार्टेन्डर हुन्। ,He is a bartender. ,Hun er bartender. ,She's a bartender. ,Ndiwogulitsa. ,I am a retailer. ,ସେ ଜଣେ ବାର୍ଟମେନ୍ | ,He is a bartender 
She is a biologist.,Mpahay biolojia izy. ,He is a biologist. ,Dia adalah ahli biologi. ,He is a biologist. ,അവൾ ഒരു ബയോളജിസ്റ്റാണ്. ,She is a biologist. ,Hija bijoloġista. ,She is a biologist. ,He tohunga koiora ia. ,He is a biologist. ,ती एक जीवशास्त्रज्ञ आहे. ,She is a biologist. ,Тэр бол биологич. ,He is a biologist. ,သူမသည်ဇီဝဗေဒပညာရှင်ဖြစ်သည်။ ,She is a biologist. ,उनी जीवविज्ञानी हुन्। ,He is a biologist. ,Hun er biolog. ,She's a biologist. ,Ndi biologist. ,I am a biologist. ,ସେ ଜଣେ ଜୀବବିଜ୍ଞାନୀ | ,He is a biologist 
She is a bookkeeper.,Mpandraharaha boky izy. ,He is a bookkeeper. ,Dia adalah penjaga buku. ,He is the bookkeeper. ,അവൾ ഒരു പുസ്തക സൂക്ഷിപ്പുകാരിയാണ്. ,She is a bookkeeper. ,Hija żamma tal-kotba. ,It is bookkeeping. ,He kaipupuri pukapuka ia. ,He is a librarian. ,ती एक बुककीपर आहे. ,She is a bookkeeper. ,Тэр нягтлан бодогч юм. ,He is an accountant. ,သူမဟာစာရင်းကိုင်တစ်ယောက်ပါ။ ,She is an accountant. ,उनी एक बुककीपर हुन्। ,He is a bookkeeper. ,Hun er bokholder. ,She is an accountant. ,Ndiwosunga mabuku. ,He is a librarian. ,ସେ ଜଣେ ବୁକକିପର | ,He is a bookkeeper 
She is a botanist.,Mpamboly botanista izy. ,He is a botanist. ,Dia adalah ahli botani. ,He is a botanist. ,അവൾ ഒരു സസ്യശാസ്ത്രജ്ഞയാണ്. ,She is a botanist. ,Hija botanika. ,It is botanical. ,He kaihoko rongoa ia. ,He is a drug dealer. ,ती एक वनस्पतिशास्त्रज्ञ आहे. ,She is a botanist. ,Тэр бол ургамал судлаач. ,He is a botanist. ,သူမသည်ရုက္ခဗေဒပညာရှင်ဖြစ်သည်။ ,She is a botanist. ,उनी वनस्पति विज्ञ हुन्। ,He is a botanist. ,Hun er botaniker. ,She's a botanist. ,Iye ndi botanist. ,He is a botanist. ,ସେ ଜଣେ ଉଦ୍ଭିଦ ବିଜ୍ଞାନୀ | ,He is a botanist 
She is a builder.,Mpanangana izy. ,He is a founder. ,Dia adalah pembina. ,He is a builder. ,അവൾ ഒരു നിർമ്മാതാവാണ്. ,She is a producer. ,Hija bennejja. ,It is builders. ,He kaihanga ia. ,He is a creator. ,ती एक बिल्डर आहे. ,She is a builder. ,Тэр барилгачин. ,He is a builder. ,သူမသည်ဆောက်သူတစ် ဦး ဖြစ်သည်။ ,She is a builder. ,उनी एक निर्माणकर्ता हुन्। ,He is a builder. ,Hun er en byggmester. ,She's a builder. ,Iye ndi womanga. ,He is the builder. ,ସେ ଜଣେ ବିଲଡର୍ | ,He is a builder 
She is a businessperson.,Mpandraharaha izy. ,He is an entrepreneur. ,Dia adalah ahli perniagaan. ,He is a businessman. ,അവൾ ഒരു ബിസിനസുകാരിയാണ്. ,She is a businesswoman. ,Hija negozjant. ,She is a businessman. ,He tangata pakihi ia. ,He is a business man. ,ती एक व्यावसायिक आहे. ,She is a professional. ,Тэр бол бизнес эрхлэгч. ,He is an entrepreneur. ,သူမသည်စီးပွားရေးသမားတစ် ဦး ဖြစ်သည်။ ,She is a businessman. ,उनी एक व्यवसायी हुन्। ,He is a businessman. ,Hun er en forretningsmann. ,She's a businessman. ,Ndi wochita bizinesi. ,He is a businessman. ,ସେ ଜଣେ ବ୍ୟବସାୟୀ | ,He is a businessman 
She is a butcher.,Mpivaro-kena izy. ,He is a butcher. ,Dia adalah tukang daging. ,He is a butcher. ,അവൾ ഒരു കശാപ്പുകാരിയാണ്. ,She is a butcher. ,Hija biċċiera. ,She is a butcher. ,He kaipatu patu ia. ,He is a murderer. ,ती एक कसाई आहे. ,She is a butcher. ,Тэр махны махчин. ,He is a carnivore. ,သူမသည်အသားသမား ,She is a butcher ,उनी एक कसाई हुन्। ,He is a butcher. ,Hun er slakter. ,She's a butcher. ,Iye ndi wogulitsa nyama. ,He is a butcher. ,ସେ ଜଣେ ବୁଟର୍। ,He is a butler. 
She is a carpenter.,Mpandrafitra izy. ,He is a carpenter. ,Dia adalah tukang kayu. ,He is a carpenter. ,അവൾ ഒരു മരപ്പണിക്കാരിയാണ്. ,She is a carpenter. ,Hija mastrudaxxa. ,She is a carpenter. ,He kamura ia. ,He is a carpenter. ,ती सुतार आहे. ,She is a carpenter. ,Тэр мужаан мэргэжилтэй. ,He is a carpenter. ,သူမသည်လက်သမားတစ် ဦး ဖြစ်သည်။ ,She is a carpenter. ,उनी एक सिकर्मी हुन्। ,He is a carpenter. ,Hun er snekker. ,She's a carpenter. ,Iye ndi mmisiri wa matabwa. ,He is a carpenter. ,ସେ ଜଣେ କାର୍ପେରର। ,He is a carpenter. 
She is a cashier.,Mpanambola izy. ,He is a financier. ,Dia adalah juruwang. ,He is a cashier. ,അവൾ ഒരു കാഷ്യറാണ്. ,She is a cashier. ,Hija kaxxiera. ,She is a cashier. ,He kaituku moni ia. ,He is a lender. ,ती रोखपाल आहे. ,She is a cashier. ,Тэр бол кассчин. ,He is a cashier. ,သူမသည်ငွေရှင်းကောင်တာတွင် ,She is at the checkout counter ,उनी कैशियर हुन्। ,He is a cashier. ,Hun er kasserer. ,She's a cashier. ,Ndiwogula ndalama. ,I am a money buyer. ,ସେ ଜଣେ କ୍ୟାସିଅର୍ | ,He is a cashier 
She is a chef.,Chef izy. ,He is a chef. ,Dia adalah tukang masak. ,He is a cook. ,അവൾ ഒരു പാചകക്കാരിയാണ്. ,She is a cook. ,Hija kok. ,She cooks. ,He Kaitao ia. ,He is a Chef. ,ती एक शेफ आहे. ,She is a chef. ,Тэр бол тогооч. ,She is a cook. ,သူမသည်စားဖိုမှူးတစ် ဦး ဖြစ်သည်။ ,She is a chef. ,उनी शेफ हुन्। ,He is a chef. ,Hun er kokk. ,She's a cook. ,Ndi wophika. ,He is a cook. ,ସେ ଜଣେ ରୋଷେୟା | ,She is a cook 
She is a chemist.,Mpahay simia izy. ,He is a chemist. ,Dia adalah ahli kimia. ,He is a chemist. ,അവൾ ഒരു രസതന്ത്രജ്ഞയാണ്. ,She is a chemist. ,Hija spiżjara. ,She is a pharmacist. ,He matū ia. ,He is a chemical. ,ती एक केमिस्ट आहे. ,She is a chemist. ,Тэр бол химич мэргэжилтэй. ,He is a chemist. ,သူမသည်ဓာတုဗေဒပညာရှင်ဖြစ်သည်။ ,She is a chemist. ,उनी केमिस्ट हुन्। ,He is a chemist. ,Hun er kjemiker. ,She's a chemist. ,Iye ndi katswiri wamagetsi. ,He is an electrician. ,ସେ ଜଣେ ରସାୟନ ବିଜ୍ଞାନୀ | ,He is a chemist 
She is a clergy advisor.,Mpanolotsaina mpitondra fivavahana izy. ,He is a religious counselor. ,Dia adalah penasihat paderi. ,He is the pastor's advisor. ,അവൾ ഒരു പുരോഹിത ഉപദേശകയാണ്. ,She is a priestly counselor. ,Hija konsulent tal-kleru. ,She is a consultant to the clergy. ,He kaitohutohu tohunga ia. ,He is an expert consultant. ,ती पाद्री सल्लागार आहेत. ,She is a pastor counselor. ,Тэр бол шашны зөвлөх юм. ,He is a religious counselor. ,သူမသည်ဓမ္မဆရာအကြံပေးဖြစ်သည်။ ,She is an adviser to the pastor. ,उनी पादरी सल्लाहकार हुन्। ,He is a pastor counselor. ,Hun er geistlig rådgiver. ,She is a spiritual counselor. ,Ndi mlangizi wachipembedzo. ,He is a religious adviser. ,ସେ ଜଣେ ଧର୍ମଗୁରୁ ପରାମର୍ଶଦାତା। ,He is a religious adviser. 
She is a clinical lab technician.,Teknika amin'ny laboratoara klinika izy. ,He is a technician in a clinical laboratory. ,Dia adalah juruteknik makmal klinikal. ,He is a clinical laboratory technician. ,അവൾ ഒരു ക്ലിനിക്കൽ ലാബ് ടെക്നീഷ്യനാണ്. ,She is a Clinical Lab Technician. ,Hija teknika tal-laboratorju kliniku. ,It is a clinical laboratory technique. ,He tohunga hangarau taiwhanga haumanu a ia. ,She is a clinical laboratory technician. ,ती क्लिनिकल लॅब तंत्रज्ञ आहे. ,She is a clinical lab technician. ,Тэрээр клиникийн лабораторийн техникч юм. ,He is a clinical laboratory technician. ,သူမသည်လက်တွေ့ဓာတ်ခွဲခန်းပညာရှင်ဖြစ်သည်။ ,She is a clinical lab technician. ,उनी क्लिनिकल ल्याब टेक्नीशियन हुन्। ,He is a clinical lab technician. ,Hun er klinisk laboratorietekniker. ,She is a clinical laboratory technician. ,Ndi mlangizi wazachipatala. ,She is a medical consultant. ,ସେ ଜଣେ କ୍ଲିନିକାଲ୍ ଲ୍ୟାବ୍ ଟେକ୍ନିସିଆନ୍ | ,He is a clinical lab technician 
She is a coach.,Mpanazatra izy. ,He is a coach. ,Dia adalah jurulatih. ,He is the coach. ,അവൾ ഒരു പരിശീലകയാണ്. ,She is a coach. ,Hija kowċ. ,She is a coach. ,He kaiako ia. ,She is a teacher. ,ती एक प्रशिक्षक आहे. ,She is a coach. ,Тэр дасгалжуулагч. ,He is a coach. ,သူမသည်နည်းပြတစ်ယောက်ဖြစ်သည်။ ,She is a coach. ,उनी एक कोच हुन्। ,He is a coach. ,Hun er trener. ,She's a coach. ,Ndi mphunzitsi. ,He is a teacher. ,ସେ ଜଣେ ପ୍ରଶିକ୍ଷକ | ,He is a coach 
She is a developer.,Mpandrindra izy. ,He is a coordinator. ,Dia adalah pemaju. ,He is a developer. ,അവൾ ഒരു ഡവലപ്പർ ആണ്. ,She is a developer. ,Hija żviluppatur. ,She is a developer. ,He kaiwhakawhanake ia. ,He is a developer. ,ती विकासक आहे. ,She is a developer. ,Тэр бол хөгжүүлэгч юм. ,He is a developer. ,သူမသည် developer ဖြစ်ပါတယ်။ ,She is a developer. ,उनी विकासकर्ता हुन्। ,He is a developer. ,Hun er en utvikler. ,She is a developer. ,Iye ndi wopanga mapulogalamu. ,He is a programmer. ,ସେ ଜଣେ ବିକାଶକାରୀ | ,He is a developer 
She is a dietitian.,Sakafo ara-tsakafo izy. ,It is a nutritious food. ,Dia adalah pakar diet. ,He is a dietitian. ,അവൾ ഒരു ഡയറ്റീഷ്യൻ ആണ്. ,She is a dietitian. ,Hija dietista. ,She is a dietitian. ,He tohunga kai ia. ,He is a food expert. ,ती आहारतज्ञ आहे. ,She is a dietitian. ,Тэрээр хоолны дэглэм барьдаг. ,He is on a diet. ,သူမသည်အာဟာရဗေဒပညာရှင်ဖြစ်သည်။ ,She is a nutritionist. ,उनी डाईटिसियन हुन्। ,He is a dietitian. ,Hun er kostholdsekspert. ,She is a dietitian. ,Ndi katswiri wazakudya. ,He is a nutritionist. ,ସେ ଜଣେ ଡାଏଟିସିଆନ୍ | ,He is a dietitian 
She is an ecologist.,Mpahay ekolojia izy. ,He is an ecologist. ,Dia adalah ahli ekologi. ,He is an ecologist. ,അവൾ ഒരു പരിസ്ഥിതി ശാസ്ത്രജ്ഞയാണ്. ,She is an environmental scientist. ,Hija ekoloġista. ,She is an ecologist. ,He kaiao ia. ,It is ecologically . ,ती एक पर्यावरणशास्त्रज्ञ आहे. ,She is an environmentalist. ,Тэр бол экологич. ,He is an ecologist. ,သူမသည်ဂေဟဗေဒပညာရှင်ဖြစ်သည်။ ,She is an ecologist. ,उनी एक इकोलजिस्ट हुन्। ,She is an ecologist. ,Hun er økolog. ,She is an ecologist. ,Ndi katswiri wazachilengedwe. ,He is a naturalist. ,ସେ ଜଣେ ପରିବେଶବିତ୍ | ,He is an environmentalist 
She is an editor.,Mpanonta izy. ,He is a publisher. ,Dia adalah seorang penyunting. ,He is an editor. ,അവൾ ഒരു പത്രാധിപരാണ്. ,She is an editor. ,Hija editur. ,She is an editor. ,He etita ia. ,He is an editor. ,ती एक संपादक आहे. ,She is an editor. ,Тэр редактор юм. ,He is the editor. ,သူမသည်အယ်ဒီတာတစ် ဦး ဖြစ်သည်။ ,She is an editor. ,उनी एक सम्पादक हुन्। ,He is an editor. ,Hun er redaktør. ,She is an editor. ,Ndi mkonzi. ,It's an editor. ,ସେ ଜଣେ ସମ୍ପାଦକ | ,He is an editor 
She is an electrician.,Herinaratra izy. ,It is electric. ,Dia adalah juruelektrik. ,He is an electrician. ,അവൾ ഒരു ഇലക്ട്രീഷ്യനാണ്. ,She is an electrician. ,Hija elettriċista. ,She is an electrician. ,He hiko ia. ,He is an electrician. ,ती एक इलेक्ट्रिशियन आहे. ,She is an electrician. ,Тэр цахилгаанчин. ,He is an electrician. ,သူမသည်လျှပ်စစ်ဖြစ်သည်။ ,She is an electrician. ,उनी एक इलेक्ट्रिशियन हुन्। ,He is an electrician. ,Hun er elektriker. ,She's an electrician. ,Ndi wamagetsi. ,It's electric. ,ସେ ଜଣେ ବ electric ଦ୍ୟୁତିକ କର୍ମଚାରୀ | ,He is an electrician 
She is an EMT specialist.,Manam-pahaizana manokana momba ny EMT izy. ,He is an EMT specialist. ,Dia adalah pakar EMT. ,He is an EMT expert. ,അവൾ ഒരു ഇ എം ടി സ്പെഷ്യലിസ്റ്റാണ്. ,She is an EMT specialist. ,Hija speċjalista fl-EMT. ,She is an EMT specialist. ,He tohunga EMT ia. ,He is an EMT expert. ,ती ईएमटी तज्ञ आहे. ,She is an EMT expert. ,Тэрээр EMT-ийн мэргэжилтэн юм. ,He is an EMT specialist. ,သူမသည် EMT အထူးကျွမ်းကျင်သူဖြစ်သည်။ ,She is an EMT Specialist. ,उनी एक EMT विशेषज्ञ हुन्। ,He is an EMT specialist. ,Hun er EMT-spesialist. ,She is an EMT specialist. ,Ndi katswiri wa EMT. ,He is an EMT specialist. ,ସେ ଜଣେ EMT ବିଶେଷଜ୍ଞ | ,He is an EMT specialist 
She is a farmer.,Mpamboly izy. ,He is a farmer. ,Dia adalah seorang petani. ,He is a farmer. ,അവൾ ഒരു കർഷകയാണ്. ,She is a farmer. ,Hija bidwi. ,She is a farmer. ,He tangata ahu whenua ia. ,He was a farmer. ,ती एक शेतकरी आहे. ,She is a farmer. ,Тэр фермер. ,He is a farmer. ,သူသည်လယ်သမားတစ် ဦး ဖြစ်သည်။ ,He is a farmer. ,उनी एक किसान हुन्। ,He is a farmer. ,Hun er bonde. ,She's a farmer. ,Iye ndi mlimi. ,He is a farmer. ,ସେ ଜଣେ କୃଷକ | ,He is a farmer 
She is a filmmaker.,Mpanatontosa sarimihetsika izy. ,He is a filmmaker. ,Dia adalah seorang pembuat filem. ,He is a filmmaker. ,അവർ ഒരു ചലച്ചിത്രകാരിയാണ്. ,She is a filmmaker. ,Hija produttur tal-films. ,She is a film producer. ,He kaihanga kiriata ia. ,He is a filmmaker. ,ती एक चित्रपट निर्माते आहे. ,She is a filmmaker. ,Тэр бол кино найруулагч. ,He is a film director. ,သူမသည်ရုပ်ရှင်ရိုက်ကူးသူဖြစ်သည်။ ,She is a filmmaker. ,उनी एक फिल्म निर्माता हुन्। ,He is a filmmaker. ,Hun er filmskaper. ,She is a filmmaker. ,Ndiwopanga makanema. ,It's a movie maker. ,ସେ ଜଣେ ଚଳଚ୍ଚିତ୍ର ନିର୍ମାତା | ,He is a filmmaker 
She is a firefighter.,Izy dia mpamono afo. ,He is a firefighter. ,Dia adalah ahli bomba. ,He is a firefighter. ,അവൾ ഒരു അഗ്നിശമന സേനാംഗമാണ്. ,She is a firefighter. ,Hija pumpiera. ,She is a firefighter. ,He tangata tahu ahi ia. ,He was a firefighter. ,ती अग्निशामक आहे. ,She is a firefighter. ,Тэр бол гал сөнөөгч. ,He is a firefighter. ,သူမသည်မီးသတ်သမား ,She is a firefighter ,उनी फायर फाइटर हुन्। ,He is a firefighter. ,Hun er brannmann. ,She's a firefighter. ,Iye ndi wozimitsa moto. ,He is a firefighter. ,ସେ ଜଣେ ଅଗ୍ନିଶମ କର୍ମଚାରୀ। ,He is a firefighter. 
She is a fisherman.,Mpanjono izy. ,He is a fisherman. ,Dia adalah seorang nelayan. ,He is a fisherman. ,അവൾ ഒരു മത്സ്യത്തൊഴിലാളിയാണ്. ,She is a fisherman. ,Hija sajjied. ,She is a fisherman. ,He tangata hii ika ia. ,He is a fisherman. ,ती एक मच्छीमार आहे. ,She is a fisherman. ,Тэр бол загасчин юм. ,He is a fisherman. ,သူမသည်တံငါသည်ဖြစ်သည်။ ,She is a fisherman. ,उनी एक मछुवा हुन्। ,He is a fisherman. ,Hun er fisker. ,She's a fisherman. ,Iye ndi msodzi. ,He is a fisherman. ,ସେ ଜଣେ ମତ୍ସ୍ୟଜୀବୀ | ,He is a fisherman 
She is a flight attendant.,Mpanampy amin'ny sidina izy. ,He is a flight attendant. ,Dia adalah pramugari. ,She is a flight attendant. ,അവൾ ഒരു ഫ്ലൈറ്റ് അറ്റൻഡന്റാണ്. ,She is a flight attendant. ,Hija akkompanjatur tat-titjira. ,She is a flight attendant. ,He kaimahi rere ia. ,He is a flight attendant. ,ती फ्लाइट अटेंडंट आहे. ,She is a flight attendant. ,Тэр онгоцны үйлчлэгч юм. ,He is a flight attendant. ,သူမသည်လေယာဉ်မယ်။ ,She will fly. ,उनी एक उडान परिचर हुन्। ,She is a flight attendant. ,Hun er flyvertinne. ,She's a flight attendant. ,Ndiwothandizira ndege. ,He is a flight attendant. ,ସେ ଜଣେ ବିମାନ କର୍ମଚାରୀ। ,He is a flight attendant. 
She is a geneticist.,Izy dia génistista. ,He is a geneticist. ,Dia adalah ahli genetik. ,He is a geneticist. ,അവൾ ഒരു ജനിതകശാസ്ത്രജ്ഞയാണ്. ,She is a geneticist. ,Hija ġenetista. ,She is a geneticist. ,He tangata whakapapa ia. ,He is a genealogist. ,ती एक अनुवंशशास्त्रज्ञ आहे. ,She is a geneticist. ,Тэр бол генетикч. ,He is a geneticist. ,သူမသည်မျိုးရိုးဗီဇပညာရှင်ဖြစ်သည်။ ,She is a geneticist. ,उनी जेनेटिक विशेषज्ञ हुन्। ,He is a geneticist. ,Hun er genetiker. ,She's a geneticist. ,Ndi chibadwa. ,It's nature. ,ସେ ଜଣେ ଜେନେଟିକ୍ | ,He is a geneticist 
She is a geologist.,Izy dia geology. ,He is a geologist. ,Dia seorang ahli geologi. ,He is a geologist. ,അവൾ ഒരു ജിയോളജിസ്റ്റാണ്. ,She is a geologist. ,Hija ġeologa. ,She is a geologist. ,He tangata whenua ia. ,He is a native. ,ती भूगर्भशास्त्रज्ञ आहे. ,She is a geologist. ,Тэр бол геологич. ,He is a geologist. ,သူမသည်ဘူမိဗေဒပညာရှင်ဖြစ်သည်။ ,She is a geologist. ,उनी भूविज्ञानी हुन्। ,He is a geologist. ,Hun er geolog. ,She's a geologist. ,Iye ndi katswiri wa sayansi ya nthaka. ,He is a geologist. ,ସେ ଜଣେ ଭୂବିଜ୍ଞାନୀ | ,He is a geologist 
She is a graphic designer.,Mpamorona sary izy. ,He is a painter. ,Dia adalah pereka grafik. ,He is a graphic designer. ,അവൾ ഒരു ഗ്രാഫിക് ഡിസൈനറാണ്. ,She is a graphic designer. ,Hija disinjatur grafiku. ,She is a graphic designer. ,He kaihoahoa whakairoiro ia. ,He is a graphic designer. ,ती एक ग्राफिक डिझायनर आहे. ,She is a graphic designer. ,Тэр бол график дизайнер юм. ,He is a graphic designer. ,သူမသည်ဂရပ်ဖစ်ဒီဇိုင်နာတစ်ယောက်ဖြစ်သည်။ ,She is a graphic designer. ,उनी एक ग्राफिक डिजाइनर हुन्। ,She is a graphic designer. ,Hun er grafisk designer. ,She is a graphic designer. ,Ndiwojambula. ,He is an artist. ,ସେ ଜଣେ ଗ୍ରାଫିକ୍ ଡିଜାଇନର୍ | ,He is a graphic designer 
She is a human resource specialist.,Manampahaizana manokana momba ny olombelona izy. ,He is an expert on humanity. ,Dia adalah pakar sumber manusia. ,He is a human resource expert. ,അവൾ ഒരു ഹ്യൂമൻ റിസോഴ്‌സ് സ്‌പെഷ്യലിസ്റ്റാണ്. ,She is a Human Resource Specialist. ,Hija speċjalista tar-riżorsi umani. ,She is a human resources specialist. ,He tohunga rauemi tangata ia. ,He is a human resource expert. ,ती मानव संसाधन तज्ञ आहे. ,She is a human resource expert. ,Тэр бол хүний нөөцийн мэргэжилтэн юм. ,He is a human resources specialist. ,သူမသည်လူ့စွမ်းအားအရင်းအမြစ်အထူးကုဖြစ်သည်။ ,She is a Human Resources Specialist. ,उनी मानव संसाधन विशेषज्ञ हुन्। ,He is a human resource expert. ,Hun er en menneskelig ressursspesialist. ,She is a human resources specialist. ,Ndi katswiri wothandiza anthu. ,He is a social worker. ,ସେ ଜଣେ ମାନବ ସମ୍ବଳ ବିଶେଷଜ୍ଞ | ,He is a human resources expert 
She is an immunologist.,Immunologista izy. ,He is an immunologist. ,Dia adalah ahli imunologi. ,He is an immunologist. ,അവൾ ഒരു ഇമ്മ്യൂണോളജിസ്റ്റാണ്. ,She is an immunologist. ,Hija immunologa. ,She is an immunologist. ,He kaimanaaki mate ia. ,He was a sick caretaker. ,ती एक इम्यूनोलॉजिस्ट आहे. ,She is an immunologist. ,Тэр дархлаа судлаач. ,He is an immunologist. ,သူသည်ရောဂါပြီးပညာရှင်ဖြစ်သည်။ ,He is a disease specialist. ,उनी एक प्रतिरक्षाविज्ञानी हुन्। ,He is an immunologist. ,Hun er immunolog. ,She's an immunologist. ,Ndiwachipatala. ,I am medical. ,ସେ ଜଣେ ପ୍ରତିରକ୍ଷା ବିଶେଷଜ୍ଞ | ,He is a defense expert 
She is an interpreters.,Mpandika teny izy. ,He is a translator. ,Dia adalah seorang jurubahasa. ,He is an interpreter. ,അവൾ ഒരു വ്യാഖ്യാതാവാണ്. ,She is a commentator. ,Hija interpreti. ,She is an interpreter. ,He kaiwhakamaori korero ia. ,He is an interpreter. ,ती दुभाष्या आहे. ,She is an interpreter. ,Тэр бол орчуулагч. ,He is a translator. ,သူမသည်စကားပြန်ဖြစ်သည်။ ,She is an interpreter. ,उनी दोभाषे हुन्। ,He is an interpreter. ,Hun er tolk. ,She is an interpreter. ,Iye ndi wotanthauzira. ,He is an interpreter. ,ସେ ଜଣେ ଅନୁବାଦକ | ,He is a translator 
She is a jeweller.,Mpanefy firavaka izy. ,She is a jeweler. ,Dia adalah tukang emas. ,He is a goldsmith. ,അവൾ ഒരു ജ്വല്ലറി. ,She is a jeweler. ,Hija ġojjelliera. ,She is a jeweler. ,He tangata whakapaipai ia. ,He was a decorative man. ,ती एक ज्वेलर आहे. ,She is a jeweler. ,Тэр бол үнэт эдлэл юм. ,It is jewelry. ,သူမသည်ရတနာတစ်ခုဖြစ်ပါတယ် ,She is a jewel ,उनी एक जौहरी हुन्। ,He is a jeweler. ,Hun er en gullsmed. ,She's a jeweler. ,Ndiwodzikongoletsa. ,It's beautiful. ,ସେ ଜଣେ ଅଳଙ୍କାର | ,She is a jeweler 
She is a lawyer.,Mpisolovava izy. ,He is a lawyer. ,Dia adalah seorang peguam. ,He is a lawyer. ,അവൾ ഒരു അഭിഭാഷകയാണ്. ,She is a lawyer. ,Hija avukat. ,She is a lawyer. ,He roia ia. ,He is a lawyer. ,ती एक वकील आहे. ,She is a lawyer. ,Тэр хуульч мэргэжилтэй. ,He is a lawyer. ,သူမသည်ရှေ့နေဖြစ်သည်။ ,She is a lawyer. ,उनी एक वकिल हुन्। ,He is a lawyer. ,Hun er en advokat. ,She's a lawyer. ,Ndi loya. ,I am a lawyer. ,ସେ ଜଣେ ଓକିଲ। ,He is a lawyer. 
She is a librarian.,Boky fitahirizam-boky izy. ,It is a library. ,Dia seorang pustakawan. ,He is a librarian. ,അവൾ ഒരു ലൈബ്രേറിയനാണ്. ,She is a librarian. ,Hija librara. ,She is a librarian. ,He kaitiaki pukapuka ia. ,He is a librarian. ,ती ग्रंथपाल आहे. ,She is a librarian. ,Тэр номын санч. ,He is a librarian. ,သူမသည်စာကြည့်တိုက်ရှိသည်။ ,She has a library. ,उनी लाइब्रेरियन हुन्। ,He is a librarian. ,Hun er bibliotekar. ,She is a librarian. ,Ndi mayi woyang'anira laibulale. ,She is the librarian. ,ସେ ଜଣେ ଗ୍ରନ୍ଥାଗାରିକ | ,He is a librarian 
She is a licensed practical nurse.,Mpitsabo mpanampy manana fahazoan-dàlana izy. ,She is a licensed nurse. ,Dia adalah jururawat praktikal berlesen. ,She is a licensed practical nurse. ,അവൾ ലൈസൻസുള്ള പ്രായോഗിക നഴ്‌സാണ്. ,She is a licensed practical nurse. ,Hija infermiera prattika liċenzjata. ,She is a licensed practice nurse. ,He nēhi mahi whai raihana ia. ,She is a licensed working nurse. ,ती परवानाधारक प्रॅक्टिकल नर्स आहे. ,She is a licensed practical nurse. ,Тэр бол тусгай зөвшөөрөлтэй практик сувилагч юм. ,She is a licensed practical nurse. ,သူမသည်လိုင်စင်ရလက်တွေ့ကျသောသူနာပြုတစ် ဦး ဖြစ်သည်။ ,She is a licensed practical nurse. ,उनी एक इजाजत प्राप्त व्यावहारिक नर्स हुन्। ,She is a licensed practical nurse. ,Hun er en lisensiert praktisk sykepleier. ,She is a licensed practical nurse. ,Ndi namwino wololedwa. ,She is a licensed nurse. ,ସେ ଜଣେ ଲାଇସେନ୍ସପ୍ରାପ୍ତ ପ୍ରାକ୍ଟିକାଲ୍ ନର୍ସ | ,She is a licensed practical nurse 
She is a mechanic.,Mekanika izy. ,He is a mechanic. ,Dia adalah seorang mekanik. ,He is a mechanic. ,അവൾ ഒരു മെക്കാനിക്ക് ആണ്. ,She is a mechanic. ,Hija mekkanik. ,She is a mechanic. ,He miihini ia. ,He is a machine. ,ती मेकॅनिक आहे. ,She is a mechanic. ,Тэр механикч. ,He is a mechanic. ,သူမသည်စက်ပြင်ဆရာ။ ,She is a mechanic. ,उनी मेकानिक हुन्। ,He is a mechanic. ,Hun er mekaniker. ,She's a mechanic. ,Ndi makaniko. ,It's mechanics. ,ସେ ଜଣେ ମେକାନିକ୍ | ,He is a mechanic 
She is a medical laboratory scientist.,Izy dia mpahay siansa amin'ny laboratoara. ,He is a laboratory scientist. ,Dia adalah saintis makmal perubatan. ,He is a medical laboratory scientist. ,അവൾ ഒരു മെഡിക്കൽ ലബോറട്ടറി ശാസ്ത്രജ്ഞയാണ്. ,She is a medical laboratory scientist. ,Hija xjenzata tal-laboratorju mediku. ,She is a medical laboratory scientist. ,He tangata putaiao putaiao. ,He was a scientist. ,ती वैद्यकीय प्रयोगशाळा वैज्ञानिक आहे. ,She is a medical laboratory scientist. ,Тэр бол эмнэлгийн лабораторийн эрдэмтэн юм. ,He is a medical laboratory scientist. ,သူမသည်ဆေးဘက်ဆိုင်ရာဓာတ်ခွဲခန်းသိပ္ပံပညာရှင်ဖြစ်သည်။ ,She is a medical laboratory scientist. ,उनी मेडिकल प्रयोगशाला वैज्ञानिक हुन्। ,He is a medical laboratory scientist. ,Hun er medisinsk laboratorieforsker. ,She is a medical laboratory researcher. ,Ndi wasayansi wazachipatala. ,He is a medical scientist. ,ସେ ଜଣେ ମେଡିକାଲ ଲାବୋରେଟୋରୀ ବ scientist ଜ୍ଞାନିକ | ,He is a medical laboratory scientist 
She is a meteorologist.,Mpikaroka toetrandro izy. ,He is a meteorologist. ,Dia adalah ahli meteorologi. ,He is a meteorologist. ,അവൾ ഒരു കാലാവസ്ഥാ നിരീക്ഷകയാണ്. ,She is a meteorologist. ,Hija meteorologa. ,She is a meteorologist. ,He meteorologist ia. ,A meteorologist him . ,ती हवामानशास्त्रज्ञ आहे. ,She is a meteorologist. ,Тэр цаг уурч юм. ,He is a meteorologist. ,သူမသည်မိုးလေ ၀ သပညာရှင်တစ် ဦး ဖြစ်သည်။ ,She is a meteorologist. ,उनी एक मौसमविज्ञानी हुन्। ,He is a meteorologist. ,Hun er meteorolog. ,She's a meteorologist. ,Ndi katswiri wazanyengo. ,He is a meteorologist. ,ସେ ଜଣେ ପାଣିପାଗ ବିଜ୍ଞାନୀ। ,He is a meteorologist. 
She is a midwife.,Mpampivelona izy. ,She is a midwife. ,Dia adalah bidan. ,She is a midwife. ,അവൾ ഒരു മിഡ്വൈഫാണ്. ,She is a midwife. ,Hija qabla. ,She is a midwife. ,He kaiwhakawhanau wahine ia. ,She is a midwife. ,ती एक दाई आहे. ,She is a midwife. ,Тэр эх баригч. ,She is a midwife. ,သူကသားဖွားဆရာမပါ။ ,She is not a midwife. ,उनी एक सुँडेकी छिन्। ,She is a midwife. ,Hun er jordmor. ,She's a midwife. ,Iye ndi mzamba. ,She is a midwife. ,ସେ ଜଣେ ଧାତ୍ରୀ। ,She is a midwife. 
She is a military officer.,Manamboninahitra miaramila izy. ,He is a military officer. ,Dia adalah pegawai tentera. ,He is a military officer. ,അവൾ ഒരു സൈനിക ഉദ്യോഗസ്ഥനാണ്. ,She is a military officer. ,Hija uffiċjal militari. ,She is a military officer. ,He āpiha hōia ia. ,He is a military officer. ,ती लष्करी अधिकारी आहे. ,She is a military officer. ,Тэр бол цэргийн офицер. ,He is a military officer. ,သူမသည်စစ်အရာရှိတ ဦး ဖြစ်သည်။ ,She is a military officer. ,उनी एक सैन्य अधिकारी हुन्। ,He is a military officer. ,Hun er en militær offiser. ,She is a military officer. ,Ndi msilikali. ,He is a soldier. ,ସେ ଜଣେ ସ military ନିକ। ,He is a military nickname. 
She is a nutritionist.,Izy dia mpahay sakafo. ,He is a nutritionist. ,Dia adalah pakar pemakanan. ,He is a nutritionist. ,അവൾ ഒരു പോഷകാഹാര വിദഗ്ധയാണ്. ,She is a nutritionist. ,Hija nutrizzjonista. ,She is a nutritionist. ,He kai totika ia. ,She is a healthy eater. ,ती एक न्यूट्रिशनिस्ट आहे. ,She is a nutritionist. ,Тэрээр хоол тэжээлийн мэргэжилтэн юм. ,He is a nutritionist. ,သူမသည်အာဟာရဗေဒပညာရှင်ဖြစ်သည်။ ,She is a nutritionist. ,उनी पोषण विशेषज्ञ हुन्। ,She is a nutritionist. ,Hun er ernæringsfysiolog. ,She is a nutritionist. ,Ndiwodya. ,I am a eater. ,ସେ ଜଣେ ପୁଷ୍ଟିକର ବିଶେଷଜ୍ଞ | ,He is a nutritionist 
She is an oceanographer.,Mpanoratra ranomasina izy. ,He is a sea writer. ,Dia adalah seorang jurutera laut. ,He is a marine engineer. ,അവൾ ഒരു സമുദ്രശാസ്ത്രജ്ഞയാണ്. ,She is an oceanographer. ,Hija oċeanografa. ,She is an oceanographer. ,He kaituhi moana ia. ,He is a marine writer. ,ती एक समुद्रशास्त्रज्ञ आहे. ,She is an oceanographer. ,Тэр бол далай судлаач юм. ,He is an oceanographer. ,သူမသည်သမုဒ္ဒရာပညာရှင်ဖြစ်သည်။ ,She is an oceanographer. ,उनी एक समुद्रोग्राफर हुन्। ,He is a seaman. ,Hun er en oceanograf. ,She's an oceanographer. ,Iye ndi wolemba nyanja. ,He is the seer. ,ସେ ଜଣେ ମହାସାଗରୀୟ | ,He is an ocean 
She is an osteopath.,Osteopat izy. ,He is an osteopath. ,Dia adalah pesakit osteopati. ,He is an osteopathic patient. ,അവൾ ഒരു ഓസ്റ്റിയോപത്താണ്. ,She is an osteopath. ,Hija osteopata. ,She is an osteopath. ,He osteopath ia. ,The osteopath it . ,ती ऑस्टिओपॅथ आहे. ,She is an osteopath. ,Тэр остеопат юм. ,He is an osteopath. ,သူမသည်အရိုးပွရောဂါဖြစ်သည်။ ,She has osteoporosis. ,उनी ओस्टियोपाथ हुन्। ,He is an osteopath. ,Hun er osteopat. ,She's an osteopath. ,Ndi matenda a osteopath. ,It's an osteopath's disease. ,ସେ ଜଣେ ଅଷ୍ଟିଓପାଥ୍ | ,He is an osteopath 
She is a painter.,Mpandoko sary izy. ,He is a painter. ,Dia adalah pelukis. ,He is a painter. ,അവൾ ഒരു ചിത്രകാരിയാണ്. ,She is a painter. ,Hija pittur. ,She is a painter. ,He kaipeita ia. ,He is a painter. ,ती एक चित्रकार आहे. ,She is a painter. ,Тэр бол зураач. ,He is an artist. ,သူမသည်ပန်းချီဆရာပါ ,She is an artist ,उनी एक चित्रकार हुन्। ,He is a painter. ,Hun er maler. ,She's a painter. ,Ndi wojambula. ,He is an artist. ,ସେ ଜଣେ ଚିତ୍ରକାର | ,He is a painter 
She is a paramedic.,Izy dia mpamonjy voina. ,He is a lifeguard. ,Dia adalah seorang paramedik. ,He is a paramedic. ,അവൾ ഒരു പാരാമെഡിക്കാണ്. ,She is a paramedic. ,Hija paramedika. ,She is a paramedic. ,He kaitautoko pararau. ,A paramedic. ,ती एक पॅरामेडिक आहे. ,She is a paramedic. ,Тэр бол эмнэлгийн ажилтан. ,He is a medical worker. ,သူမသည်သူနာပြုဖြစ်သည်။ ,She is a nurse. ,उनी एक प्यारामेडिक छिन्। ,She is a paramedic. ,Hun er ambulansepersonell. ,She's an ambulance crew. ,Ndiwothandizira zamankhwala. ,She is a medical assistant. ,ସେ ଜଣେ ପାରାମେଡିକ୍ | ,He is a paramedic 
She is a pathologist.,Patologista izy. ,He is a pathologist. ,Dia adalah ahli patologi. ,He is a pathologist. ,അവൾ ഒരു പാത്തോളജിസ്റ്റാണ്. ,She is a pathologist. ,Hija patoloġista. ,She is a pathologist. ,He kairangahau mate ia. ,He is a pathologist. ,ती पॅथॉलॉजिस्ट आहे. ,She is a pathologist. ,Тэр бол эмгэг судлаач юм. ,He is a pathologist. ,သူမသည်ရောဂါဗေဒပညာရှင်ဖြစ်သည်။ ,She is a pathologist. ,उनी एक रोग विशेषज्ञ हो। ,He is a pathologist. ,Hun er patolog. ,She's a pathologist. ,Iye ndi wodwala matenda. ,She is sick. ,ସେ ଜଣେ ପାଥୋଲୋଜିଷ୍ଟ | ,He is a pathologist 
She is a pharmacologist.,Mpahay fanafody izy. ,He is a pharmacist. ,Dia adalah ahli farmakologi. ,He is a pharmacologist. ,അവൾ ഒരു ഫാർമക്കോളജിസ്റ്റാണ്. ,She is a pharmacologist. ,Hija farmakoloġista. ,She is a pharmacologist. ,He tangata rongoa rongoa ia. ,He was a medical man. ,ती फार्माकोलॉजिस्ट आहे. ,She is a pharmacologist. ,Тэр эм зүйч мэргэжилтэй. ,She is a pharmacist. ,သူမသည်ဆေးဝါးပညာရှင်ဖြစ်သည်။ ,She is a pharmacist. ,उनी एक फार्माकोलोजिस्ट हुन्। ,He is a pharmacologist. ,Hun er farmakolog. ,She's a pharmacologist. ,Ndi dokotala wazamankhwala. ,He is a medical doctor. ,ସେ ଜଣେ ଫାର୍ମାକୋଲୋଜିଷ୍ଟ | ,He is a pharmacologist 
She is a philosopher.,Izy dia filozofa. ,He was a philosopher. ,Dia adalah seorang ahli falsafah. ,He was a philosopher. ,അവൾ ഒരു തത്ത്വചിന്തകയാണ്. ,She is a philosopher. ,Hija filosfu. ,She is a philosopher. ,He tangata whakaaro nui. ,He was a wise man. ,ती एक तत्वज्ञानी आहे. ,She is a philosopher. ,Тэр бол философич. ,He is a philosopher. ,သူမသည်အတွေးအခေါ်ပညာရှင်။ ,She is a philosopher. ,उनी एक दार्शनिक हुन्। ,He is a philosopher. ,Hun er en filosof. ,She is a philosopher. ,Ndi wafilosofi. ,He is a philosopher. ,ସେ ଜଣେ ଦାର୍ଶନିକ | ,He is a philosopher 
She is a photographer.,Mpaka sary izy. ,He is a photographer. ,Dia adalah jurugambar. ,He is a photographer. ,അവൾ ഒരു ഫോട്ടോഗ്രാഫറാണ്. ,She is a photographer. ,Hija fotografa. ,She is a photographer. ,He kaitango whakaahua ia. ,He is a photographer. ,ती एक छायाचित्रकार आहे. ,She is a photographer. ,Тэр бол гэрэл зурагчин. ,He is a photographer. ,သူမဟာဓာတ်ပုံဆရာတစ်ယောက်ပါ။ ,She is a photographer. ,उनी एक फोटोग्राफर हुन्। ,He is a photographer. ,Hun er fotograf. ,She's a photographer. ,Ndi wojambula zithunzi. ,He is a photographer. ,ସେ ଜଣେ ଫଟୋଗ୍ରାଫର | ,He is a photographer 
She is a physician assistant.,Mpanampy amin'ny dokotera izy. ,He is a medical assistant. ,Dia adalah pembantu doktor. ,He is a doctor's assistant. ,അവൾ ഒരു ഫിസിഷ്യൻ അസിസ്റ്റന്റാണ്. ,She is a Physician Assistant. ,Hija assistent tabib. ,She is an assistant doctor. ,He kaiawhina awhina ia. ,She is a helpful assistant. ,ती एक फिजीशियन असिस्टंट आहे. ,She is a physician assistant. ,Тэр эмчийн туслах юм. ,He is a doctor's assistant. ,သူမသည်ဆရာဝန်လက်ထောက်ဖြစ်သည်။ ,She is a doctor's assistant. ,उनी एक चिकित्सक सहायक हुन्। ,He is a medical assistant. ,Hun er legeassistent. ,She's a medical assistant. ,Ndi wothandizira adotolo. ,He is a medical assistant. ,ସେ ଜଣେ ଡାକ୍ତର ସହାୟକ। ,She is a doctor's assistant. 
She is a physicist.,Mpahay fizika izy. ,He is a physicist. ,Dia adalah seorang ahli fizik. ,He is a physicist. ,അവൾ ഒരു ഭൗതികശാസ്ത്രജ്ഞയാണ്. ,She is a physicist. ,Hija fiżika. ,She is physical. ,He tohunga ahupūngao ia. ,He is a physicist. ,ती एक भौतिकशास्त्रज्ञ आहे. ,She is a physicist. ,Тэр физикч. ,He is a physicist. ,သူမသည်ရူပဗေဒပညာရှင်ဖြစ်သည်။ ,She is a physicist. ,उनी भौतिकशास्त्री हुन्। ,He is a physicist. ,Hun er fysiker. ,She's a physicist. ,Ndi mwana wasayansi. ,It's a scientific child. ,ସେ ଜଣେ ପଦାର୍ଥ ବିଜ୍ଞାନୀ | ,He is a physicist 
She is a pilot.,Izy dia mpanamory fiaramanidina. ,He is a pilot. ,Dia adalah juruterbang. ,He is a pilot. ,അവൾ ഒരു പൈലറ്റാണ്. ,She is a pilot. ,Hija pilota. ,She is a pilot. ,He paerata ia. ,He is a pilot. ,ती पायलट आहे. ,She is a pilot. ,Тэр нисгэгч юм. ,He is a pilot. ,သူမသည်လေယာဉ်မှူးဖြစ်သည်။ ,She is a pilot. ,उनी पायलट हुन्। ,He is a pilot. ,Hun er pilot. ,She's a pilot. ,Ndi woyendetsa ndege. ,He is a pilot. ,ସେ ଜଣେ ପାଇଲଟ୍ | ,He is a pilot 
She is a plumber.,Mpanamboatra plumber izy. ,He is a plumber. ,Dia adalah tukang paip. ,He is a plumber. ,അവൾ ഒരു പ്ലംബർ ആണ്. ,She is a plumber. ,Hija plamer. ,She is a plumber. ,He paipa ia. ,He is a pipe. ,ती एक प्लंबर आहे. ,She is a plumber. ,Тэр бол сантехникч. ,He is a plumber. ,သူမသည်ရေပိုက်သမား။ ,She is a plumber. ,उनी प्लम्बर हुन्। ,She is a plumber. ,Hun er rørlegger. ,She's a plumber. ,Ndiwopanga madzi. ,It is a water maker. ,ସେ ଜଣେ ପ୍ଲମ୍ବର | ,He is a plumber 
She is a politician.,Politika izy. ,He is political. ,Dia seorang ahli politik. ,He is a politician. ,അവർ ഒരു രാഷ്ട്രീയക്കാരിയാണ്. ,She is a politician. ,Hija politika. ,It is political. ,He kaitorangapu ia. ,He is a politician. ,ती एक राजकारणी आहे. ,She is a politician. ,Тэр бол улс төрч. ,He is a politician. ,သူမသည်နိုင်ငံရေးသမားတစ် ဦး ဖြစ်သည်။ ,She is a politician. ,उनी एक राजनीतिज्ञ हुन्। ,He is a politician. ,Hun er politiker. ,She's a politician. ,Ndi andale. ,It's politics. ,ସେ ଜଣେ ରାଜନେତା। ,He is a politician. 
She is a receptionist.,Mpandray olona izy. ,He is a receptionist. ,Dia adalah penyambut tetamu. ,He is the receptionist. ,അവൾ ഒരു റിസപ്ഷനിസ്റ്റാണ്. ,She is a receptionist. ,Hija receptionist. ,She is a receptionist. ,He kai manaaki ia. ,He was a hospitable man. ,ती रिसेप्शनिस्ट आहे. ,She is a receptionist. ,Тэр ресепшн юм. ,That is the reception. ,သူမသည် ist ည့်ကြိုတစ် ဦး ဖြစ်သည်။ ,She is a receptionist. ,उनी रिसेप्शनिस्ट छिन्। ,She is a receptionist. ,Hun er resepsjonist. ,She's a receptionist. ,Ndi wolandila alendo. ,It is a hospitable host. ,ସେ ଜଣେ ରିସେପ୍ସନିଷ୍ଟ | ,She is a receptionist 
She is a registered nurse.,Mpitsabo mpanampy voasoratra anarana izy. ,She is a registered nurse. ,Dia adalah jururawat berdaftar. ,She is a registered nurse. ,അവൾ രജിസ്റ്റർ ചെയ്ത നഴ്‌സാണ്. ,She is a registered nurse. ,Hija infermiera rreġistrata. ,She is a registered nurse. ,He nēhi rehita ia. ,She is a registered nurse. ,ती नोंदणीकृत परिचारिका आहे. ,She is a registered nurse. ,Тэр бол бүртгэлтэй сувилагч юм. ,She is a registered nurse. ,သူမသည်မှတ်ပုံတင်ထားသောသူနာပြုတစ်ယောက်ဖြစ်သည်။ ,She is a registered nurse. ,उनी एक पंजीकृत नर्स हुन्। ,She is a registered nurse. ,Hun er sykepleier. ,She is a nurse. ,Ndi namwino wovomerezeka. ,She is a registered nurse. ,ସେ ଜଣେ ପଞ୍ଜୀକୃତ ନର୍ସ | ,She is a registered nurse 
She is a salesman.,Mpivarotra izy. ,He is a salesman. ,Dia adalah jurujual. ,He is a salesman. ,അവൾ ഒരു സെയിൽസ്മാനാണ്. ,She is a salesman. ,Hija bejjiegħa. ,She is a salesman. ,He kaihoko ia. ,He is a salesman. ,ती एक सेल्समन आहे. ,She is a salesman. ,Тэр худалдагч. ,He is a salesman. ,သူမသည်အရောင်းစာရေးဖြစ်သည်။ ,She is a sales clerk. ,उनी एक विक्रेता हुन्। ,He is a salesman. ,Hun er selger. ,She's a saleswoman. ,Ndiwotsatsa. ,It's an advertiser. ,ସେ ଜଣେ ବିକ୍ରେତା | ,He is a salesman 
She is a salesperson.,Mpivarotra izy. ,He is a salesman. ,Dia adalah jurujual. ,He is a salesman. ,അവൾ ഒരു വിൽപ്പനക്കാരിയാണ്. ,She is a saleswoman. ,Hija bejjiegħ. ,She is a salesman. ,He kaihoko ia. ,He is a salesman. ,ती एक विक्रेता आहे. ,She is a seller. ,Тэр бол худалдагч. ,He is a salesman. ,သူမသည်အရောင်းဝန်ထမ်းဖြစ်သည်။ ,She is a salesperson. ,उनी एक विक्रेता हुन्। ,He is a salesman. ,Hun er selger. ,She's a saleswoman. ,Iye ndi wogulitsa. ,He is a salesman. ,ସେ ଜଣେ ବିକ୍ରେତା | ,He is a salesman 
She is a scientist.,Izy dia mpahay siansa. ,He is a scientist. ,Dia adalah seorang saintis. ,He is a scientist. ,അവൾ ഒരു ശാസ്ത്രജ്ഞയാണ്. ,She is a scientist. ,Hija xjenzata. ,She is a scientist. ,He kaiputaiao ia. ,He is a scientist. ,ती एक वैज्ञानिक आहे. ,She is a scientist. ,Тэр бол эрдэмтэн. ,He is a scientist. ,သူမသည်သိပ္ပံပညာရှင်ဖြစ်သည်။ ,She is a scientist. ,उनी एक वैज्ञानिक हुन्। ,He is a scientist. ,Hun er forsker. ,She is a researcher. ,Iye ndi wasayansi. ,He's a scientist. ,ସେ ଜଣେ ବ scientist ଜ୍ଞାନିକ | ,He is a scientist 
She is a sea captain.,Kapiteny an-dranomasina izy. ,He was a naval captain. ,Dia adalah kapten laut. ,He is the captain of the sea. ,അവൾ ഒരു കടൽ ക്യാപ്റ്റനാണ്. ,She is a sea captain. ,Hija kaptan tal-baħar. ,She is a master of the sea. ,He kapene moana ia. ,He is a sea captain. ,ती समुद्री कर्णधार आहे. ,She is a sea captain. ,Тэр бол далайн ахмад юм. ,He is a captain of the sea. ,သူမသည်ပင်လယ်ကပ္ပတိန်တစ် ဦး ဖြစ်သည်။ ,She is a naval captain. ,उनी समुद्री कप्तान हुन्। ,He is a sea captain. ,Hun er sjøkaptein. ,She's a sea captain. ,Iye ndi woyendetsa nyanja. ,He is a sailor. ,ସେ ଜଣେ ସମୁଦ୍ର କ୍ୟାପଟେନ୍ | ,He is a sea captain 
She is a secretary.,Sekretera izy. ,He is a secretary. ,Dia adalah setiausaha. ,He is the secretary. ,അവർ ഒരു സെക്രട്ടറിയാണ്. ,They are a secretary. ,Hija segretarja. ,She is a secretary. ,He hēkeretari ia. ,He is a secretary. ,ती एक सचिव आहे. ,She is a secretary. ,Тэр нарийн бичгийн дарга. ,He is the secretary. ,သူမသည်အတွင်းရေးမှူးဖြစ်ပါတယ်။ ,She is the secretary. ,उनी एक सचिव हुन्। ,He is a secretary. ,Hun er en sekretær. ,She's a secretary. ,Ndi mlembi. ,It's a secretary. ,ସେ ଜଣେ ସଚିବ। ,He is a secretary. 
She is a singer.,Mpihira izy. ,He is a singer. ,Dia adalah penyanyi. ,She is a singer. ,അവൾ ഒരു ഗായികയാണ്. ,She is a singer. ,Hija kantanta. ,She is a singer. ,He kaiwaiata ia. ,He is a singer. ,ती गायिका आहे. ,She is a singer. ,Тэр бол дуучин. ,She is a singer. ,သူမကအဆိုတော်တစ်ယောက်ပါ။ ,She is a singer. ,उनी एक गायक हुन्। ,He is a singer. ,Hun er en sanger. ,She's a singer. ,Ndi woimba. ,He is a singer. ,ସେ ଜଣେ ଗାୟକ | ,She is a singer 
She is a solicitor.,Mpisolovava izy. ,He is a lawyer. ,Dia adalah peguam cara. ,He is a solicitor. ,അവൾ ഒരു അഭിഭാഷകയാണ്. ,She is a lawyer. ,Hija avukat. ,She is a lawyer. ,He roia ia. ,He is a lawyer. ,ती एक वकील आहे. ,She is a lawyer. ,Тэр бол хуульч. ,He is a lawyer. ,သူမသည်ရှေ့ရပျ ,She is in front ,उनी एक वकिल हुनुहुन्छ। ,He is a lawyer. ,Hun er advokat. ,She's a lawyer. ,Ndi loya. ,I am a lawyer. ,ସେ ଜଣେ ଓକିଲ। ,He is a lawyer. 
She is a speech pathologist.,Mpandinika momba ny resaka kabary izy. ,He is an orator of speech. ,Dia adalah ahli patologi pertuturan. ,He is a speech pathologist. ,അവൾ ഒരു സ്പീച്ച് പാത്തോളജിസ്റ്റാണ്. ,She is a speech pathologist. ,Hija patoloġista tat-taħdit. ,She is a speech pathologist. ,He kairangahau korero ia. ,He is a speech researcher. ,ती एक भाषण पॅथॉलॉजिस्ट आहे. ,She is a speech pathologist. ,Тэр бол ярианы эмгэг судлаач юм. ,He is a speech pathologist. ,သူမသည်မိန့်ခွန်းရောဂါဗေဒပညာရှင်ဖြစ်သည်။ ,She is a speech pathologist. ,उनी एक भाषण रोगविज्ञानी हुन्। ,He is a speech pathologist. ,Hun er en talepatolog. ,She is a speech pathologist. ,Ndiwoyankhula wolankhula. ,It's a talking speaker. ,ସେ ଜଣେ ବକ୍ତବ୍ୟ ପାଥୋଲୋଜିଷ୍ଟ | ,He is a speech pathologist 
She is a speech-language pathologist.,Mpandinika momba ny fiteny amin'ny fiteny kabary izy. ,He is a linguist in the vernacular. ,Dia adalah ahli patologi bahasa pertuturan. ,He is a pathologist of spoken language. ,അവൾ ഒരു സ്പീച്ച്-ലാംഗ്വേജ് പാത്തോളജിസ്റ്റാണ്. ,She is a speech-language pathologist. ,Hija patoloġista tal-lingwa tat-taħdit. ,She is a speech language pathologist. ,He tohunga korero reo-korero ia. ,He is a language-speaking expert. ,ती भाषण भाषेतील पॅथॉलॉजिस्ट आहे. ,She is a pathologist in speech language. ,Тэрээр ярианы хэл ярианы эмгэг судлаач юм. ,He is a speech pathologist. ,သူမသည်မိန့်ခွန်းဘာသာစကားရောဂါဗေဒပညာရှင်တစ် ဦး ဖြစ်သည်။ ,She is a speech language pathologist. ,उनी एक बोली भाषा रोगविज्ञानी हुन्। ,He is a dialect linguist. ,Hun er en talespråklig patolog. ,She is a speech pathologist. ,Ndiwodwala wolankhula. ,He is a talkative patient. ,ସେ ଜଣେ ବକ୍ତୃତା ଭାଷା ପାଥୋଲୋଜିଷ୍ଟ | ,He is a speech-language pathologist 
She is a statistician.,Statistika izy. ,He is a statistic. ,Dia seorang ahli statistik. ,He is a statistician. ,അവൾ ഒരു സ്ഥിതിവിവരക്കണക്കാണ്. ,She is a statistician. ,Hija statistika. ,It is a statistic. ,He tatauranga ia. ,He is a statistic. ,ती एक सांख्यिकीविज्ञान आहे. ,She is a statistician. ,Тэр бол статистикч юм. ,He is a statistician. ,သူမသည်စာရင်းအင်းပညာရှင်တစ် ဦး ဖြစ်သည်။ ,She is an accountant. ,उनी सांख्यिकीविद् हुन्। ,He is a statistician. ,Hun er statistiker. ,She's a statistician. ,Ndi wowerengera. ,He is a reader. ,ସେ ଜଣେ ପରିସଂଖ୍ୟାନ | ,He is a statistician 
She is a surveyor.,Mpanadihady izy. ,He is an investigator. ,Dia adalah juruukur. ,He is a surveyor. ,അവൾ ഒരു സർവേയറാണ്. ,She is a surveyor. ,Hija servejra. ,She is serving. ,He kairuri ia. ,He is a surveyor. ,ती एक सर्व्हेअर आहे. ,She is a surveyor. ,Тэр маркшейдер мэргэжилтэй. ,He is a surveyor. ,သူမကမြေတိုင်းစစ်ဆေးသူပါ။ ,She is a surveyor. ,उनी एक सर्वेक्षणकर्ता हुन्। ,He is a surveyor. ,Hun er landmåler. ,She is a surveyor. ,Ndi wowunika. ,It's a light. ,ସେ ଜଣେ ସର୍ବେକ୍ଷଣକାରୀ | ,He is a surveyor 
She is a therapist.,Mpitsabo izy. ,He is a doctor. ,Dia adalah ahli terapi. ,He is a therapist. ,അവൾ ഒരു തെറാപ്പിസ്റ്റാണ്. ,She is a therapist. ,Hija terapista. ,She is a therapist. ,He kaiawhina ia. ,She is an assistant. ,ती एक थेरपिस्ट आहे. ,She is a therapist. ,Тэр эмч. ,He is a doctor. ,သူမသည်တစ် ဦး ကုထုံးဖြစ်ပါတယ်။ ,She is a therapist. ,उनी एक चिकित्सक हुन्। ,He is a physician. ,Hun er terapeut. ,She's a therapist. ,Ndiwothandizira. ,He is a helper. ,ସେ ଜଣେ ଥେରାପିଷ୍ଟ | ,He is a therapist 
She is an undertaker.,Mpiasa izy. ,He is an employee. ,Dia adalah pengusaha. ,He is an entrepreneur. ,അവൾ ഒരു ജോലിക്കാരിയാണ്. ,She is a maid. ,Hija funerarja. ,It is a funeral home. ,He kaitautoko ia. ,He is a supporter. ,ती एक अंडरटेकर आहे. ,She is an Undertaker. ,Тэр undertaker юм. ,He is an undertaker. ,သူမသည်တစ် ဦး undertaker ဖြစ်ပါတယ်။ ,She is an undertaker. ,उनी एक उपक्रमकर्ता हुन्। ,He is an entrepreneur. ,Hun er en begravelsesmann. ,She's a funeral director. ,Iye ndi woika maliro. ,He is the undertaker. ,ସେ ଜଣେ କାର୍ଯ୍ୟକର୍ତ୍ତା | ,He is an activist 
She is an urban planner.,Mpanomana tanàna izy. ,He is a town planner. ,Dia adalah perancang bandar. ,He is a town planner. ,അവൾ ഒരു നഗര ആസൂത്രകയാണ്. ,She is a city planner. ,Hija pjanifikatur urban. ,She is an urban planner. ,He whakamahere taone ia. ,He is a town planner. ,ती शहरी नियोजक आहे. ,She is an urban planner. ,Тэр бол хот төлөвлөгч юм. ,He is a city planner. ,သူမသည်မြို့ပြစီမံကိန်းရေးဆွဲသူဖြစ်သည်။ ,She is an urban planner. ,उनी शहरी योजनाकार हुन्। ,He is an urban planner. ,Hun er byplanlegger. ,She's a city planner. ,Ndiwokonzekera kutawuni. ,It is ready for downtown. ,ସେ ଜଣେ ସହରୀ ଯୋଜନାକାରୀ | ,He is an urban planner 
She is a videographer.,Mpanoratra horonantsary izy. ,He is a filmmaker. ,Dia adalah videografer. ,He is a videographer. ,അവൾ വീഡിയോഗ്രാഫറാണ്. ,She is a videographer. ,Hija videografa. ,She is a videographer. ,He kaihanga ataata ia. ,He is a videographer. ,ती एक व्हिडिओग्राफर आहे. ,She is a videographer. ,Тэр видео зураглаач. ,That videographer. ,သူမသည်ဗီဒီယိုရိုက်ကူးသူဖြစ်သည်။ ,She is a videographer. ,उनी एक भिडियोग्राफर हो। ,He is a videographer. ,Hun er videograf. ,She is a videographer. ,Ndiwojambula kanema. ,I am a filmmaker. ,ସେ ଜଣେ ଭିଡିଓଗ୍ରାଫର | ,He is a videographer 
She is a virologist.,Virologista izy. ,He is a virologist. ,Dia adalah ahli virologi. ,He is a virologist. ,അവൾ ഒരു വൈറോളജിസ്റ്റാണ്. ,She is a virologist. ,Hija viroloġista. ,She is a virologist. ,He kaimaiiao ia. ,A kaimaiiao it . ,ती एक व्हायरोलॉजिस्ट आहे. ,She is a virologist. ,Тэр вирус судлаач. ,He is a virologist. ,သူမသည်ရောဂါဗေဒပညာရှင်ဖြစ်သည်။ ,She is a pathologist. ,उनी एक भाइरोलजिस्ट हुन्। ,He is a virologist. ,Hun er virolog. ,She's a virologist. ,Ndiwo virologist. ,She is a virologist. ,ସେ ଜଣେ ଭାଇରୋଲୋଜିଷ୍ଟ | ,He is a virologist 
She is a visual artist.,Mpanakanto mijery sary izy. ,He is an artist watching pictures. ,Dia adalah artis visual. ,He is a visual artist. ,അവൾ ഒരു വിഷ്വൽ ആർട്ടിസ്റ്റാണ്. ,She is a visual artist. ,Hija artista viżiva. ,She is a visual artist. ,He kaitoi toi a ia. ,He is an artist. ,ती एक दृश्य कलाकार आहे. ,She is a visual artist. ,Тэр бол харааны зураач юм. ,He is a visual artist. ,သူမသည်အမြင်အာရုံအနုပညာရှင်တစ် ဦး ဖြစ်သည်။ ,She is a visual artist. ,उनी एक दृश्य कलाकार हुन्। ,He is a visual artist. ,Hun er billedkunstner. ,She is a visual artist. ,Ndi wojambula. ,He is an artist. ,ସେ ଜଣେ ଭିଜୁଆଲ୍ କଳାକାର | ,He is a visual artist 
She is a waiter.,Mpandroso sakafo izy. ,She is a waitress. ,Dia seorang pelayan. ,He is a waiter. ,അവൾ ഒരു വെയിറ്ററാണ്. ,She is a waiter. ,Hija wejter. ,She is a waiter. ,He waiter ia. ,He is a waiter. ,ती एक वेटर आहे. ,She is a waiter. ,Тэр зөөгч. ,He's a waiter. ,သူမကစားပွဲထိုးပါ ,She is a waiter ,उनी एक वेटर हुन्। ,He is a waiter. ,Hun er kelner. ,She's a waiter. ,Ndi woperekera zakudya. ,He is a caterer. ,ସେ ଜଣେ ୱେଟର | ,He is a waiter 
She is a web designer.,Mpamorona tranonkala izy. ,He is a web designer. ,Dia adalah pereka web. ,She is a web designer. ,അവൾ ഒരു വെബ് ഡിസൈനറാണ്. ,She is a web designer. ,Hija disinjatur tal-web. ,She is a web designer. ,He kaihoahoa paetukutuku ia. ,She is a website designer. ,ती एक वेब डिझायनर आहे. ,She is a web designer. ,Тэр вэб дизайнер. ,He is a web designer. ,သူမသည်ဝဘ်ဒီဇိုင်းပညာရှင်ဖြစ်သည်။ ,She is a web designer. ,उनी वेब डिजाइनर हुन्। ,She is a web designer. ,Hun er en webdesigner. ,She is a web designer. ,Ndiwopanga masamba awebusayiti. ,Website Designer. ,ସେ ଜଣେ ୱେବ୍ ଡିଜାଇନର୍ | ,He is a web designer 
She is a web developer.,Mpandrindra tranonkala izy. ,She is a webmaster. ,Dia adalah pembangun web. ,He is a web developer. ,അവൾ ഒരു വെബ് ഡെവലപ്പർ ആണ്. ,She is a web developer. ,Hija żviluppatur tal-web. ,She is a web developer. ,He kaiwhakawhanake paetukutuku ia. ,He is a website developer. ,ती एक वेब विकसक आहे. ,She is a web developer. ,Тэр бол вэб хөгжүүлэгч юм. ,He is a web developer. ,သူမသည်ဝဘ်ရေးဆွဲသူဖြစ်သည်။ ,She is a web designer. ,उनी वेब विकासकर्ता हुन्। ,He is a web developer. ,Hun er nettutvikler. ,She is a web developer. ,Ndiye wopanga masamba awebusayiti. ,Then a webmaster. ,ସେ ଜଣେ ୱେବ୍ ଡେଭଲପର୍ | ,He is a web developer 
She is a zoologist.,Zoologista izy. ,He is a zoologist. ,Dia seorang ahli zoologi. ,He is a zoologist. ,അവൾ ഒരു സുവോളജിസ്റ്റാണ്. ,She is a zoologist. ,Hija zoologa. ,She is a zoologist. ,He kaimanaaki kanohi ia. ,She is an eye-catcher. ,ती प्राणीशास्त्रज्ञ आहे. ,She is a zoologist. ,Тэр амьтан судлаач. ,He is a zoologist. ,သူမသည်သတ္တဗေဒပညာရှင်ဖြစ်သည်။ ,She is a zoologist. ,उनी एक प्राणीशास्त्री हुन्। ,He is a zoologist. ,Hun er zoolog. ,She's a zoologist. ,Ndi dokotala wazinyama. ,It's a veterinarian. ,ସେ ଜଣେ ପ୍ରାଣୀ ବିଜ୍ଞାନୀ | ,He is a zoologist 
