original,En2Sindhi,Sindhi2En,En2Sinhalese,Sinhalese2En,En2Slovak,Slovak2En,En2Slovenian,Slovenian2En,En2Somali,Somali2En,En2Spanish,Spanish2En,En2Sundanese,Sundanese2En,En2Swahili,Swahili2En,En2Swedish,Swedish2En,En2Tagalog,Tagalog2En,En2Tajik,Tajik2En,En2Tamil,Tamil2En
She is an advocate.,هوءَ وڪيل آهي. ,She is a lawyer ,ඇය නීති oc වරියකි. ,She is a lawyer. ,Je advokátkou. ,She is a lawyer. ,Je zagovornica. ,She is an advocate. ,Iyadu waa u dooda. ,She is an advocate. ,Ella es una defensora. ,She is an advocate. ,Anjeunna mangrupikeun pangacara. ,He is a lawyer. ,Yeye ni wakili. ,He is a lawyer. ,Hon är en advokat. ,She's a lawyer. ,Siya ay isang tagapagtaguyod. ,He is an advocate. ,Вай адвокат аст. ,She is a lawyer. ,அவள் ஒரு வக்கீல். ,She is a lawyer. 
She is an agriculturist.,هوءَ زراعت ڪندڙ آهي. ,She is a farmer. ,ඇය ගොවියෙකි. ,She is a farmer. ,Je poľnohospodárkou. ,She is an farmer. ,Je kmetičarka. ,She is a farmer. ,Iyadu waa nin beeralay ah. ,She is a farmer. ,Ella es agricultora. ,She is a farmer. ,Anjeunna ahli pertanian. ,He is an agricultural expert. ,Yeye ni mtaalam wa kilimo. ,He is an agricultural expert. ,Hon är jordbrukare. ,She is a farmer. ,Siya ay isang magsasaka. ,He is a farmer. ,Вай кишоварз аст. ,She is a farmer. ,அவள் ஒரு விவசாயி. ,She is a farmer. 
She is an aircraft pilot.,هوءَ جهاز جو پائلٽ آهي. ,She is an aircraft pilot. ,ඇය ගුවන් නියමුවෙකි. ,She is a pilot. ,Je pilotkou lietadla. ,She is a pilot. ,Je pilot letala. ,He is an airplane pilot. ,Iyadu waa duuliye diyaarad. ,She is a pilot. ,Ella es piloto de avión. ,She is an airplane pilot. ,Anjeunna mangrupikeun pilot pesawat. ,He is an aircraft pilot. ,Yeye ni rubani wa ndege. ,He is a pilot. ,Hon är flygplanpilot. ,She's an airplane pilot. ,Siya ay isang piloto ng sasakyang panghimpapawid. ,He was an aircraft pilot. ,Вай як халабони ҳавопаймо аст. ,She is a pilot. ,அவர் ஒரு விமான பைலட். ,He is an airline pilot. 
She is an artist.,هوءَ فنڪار آهي. ,She is an artist ,ඇය කලාකරුවෙකි. ,She is an artist. ,Je umelkyňou. ,She is an artist. ,Je umetnica. ,She is an artist. ,Iyadu waa fanaan. ,She is an artist. ,Ella es una artista. ,She is an artist. ,Anjeunna seniman. ,He is an artist. ,Yeye ni msanii. ,He is an artist. ,Hon är en artist. ,She's an artist. ,Siya ay isang artista. ,He is an actor. ,Вай рассом аст. ,She is an artist. ,அவள் ஒரு கலைஞன். ,She is an artist. 
She is an astronomer.,هوءَ ڪلاسيڪل آهي. ,She is classical ,ඇය තාරකා විද්‍යා r යෙකි. ,She is an astronomer. ,Je astronómka. ,She is an astronomer. ,Je astronom. ,He's an astronomer. ,Waxay tahay aqoonyahan cirbixiyeen ah. ,She is an astronomer. ,Ella es astrónoma. ,She is an astronomer. ,Anjeunna mangrupikeun astronom. ,He is an astronomer. ,Yeye ni mtaalam wa nyota. ,He is an astronomer. ,Hon är astronom. ,She's an astronomer. ,Siya ay isang astronomo. ,He is an astronomer. ,Вай астроном аст. ,She is an astronomer. ,அவள் ஒரு வானியலாளர். ,She is an astronomer. 
She is an attorney.,هوءَ هڪ وڪيل آهي. ,She is a lawyer. ,ඇය නීති orney වරියකි. ,She is a law orney. ,Je právnička. ,She's a lawyer. ,Je odvetnica. ,She's a lawyer. ,Iyadu waa qareen. ,She is a lawyer. ,Ella es abogada. ,She is a lawyer. ,Anjeunna pengacara. ,He is a lawyer. ,Yeye ni wakili. ,He is a lawyer. ,Hon är advokat. ,She's a lawyer. ,Siya ay isang abugado. ,He is a lawyer. ,Вай адвокат аст. ,She is a lawyer. ,அவள் ஒரு வழக்கறிஞர். ,She is a lawyer. 
She is an audiologist.,هوءَ هڪ آڊيولوجسٽ آهي. ,She is an oncologist. ,ඇය ශ්‍රවණ විද්‍යා .වරියකි. ,She is an audiologist. ,Je audiologička. ,She is an audiologist. ,Je avdiologinja. ,She's an audiologist. ,Iyadu waa aqoonyahan cilmiga maqalka. ,She is an audiologist. ,Ella es audióloga. ,She is an audiologist. ,Anjeunna mangrupikeun audiologis. ,He is an audiologist. ,Yeye ni mtaalam wa kusikia. ,He is a hearing expert. ,Hon är audiolog. ,She's an audiologist. ,Siya ay isang audiologist. ,He is an audiologist. ,Вай аудиолог аст. ,She is an audiologist. ,அவள் ஆடியோலஜிஸ்ட். ,She is an audiologist. 
She is a banker.,هوءَ هڪ بينڪر آهي. ,She is a banker. ,ඇය බැංකුකරුවෙකි. ,She is a banker. ,Je bankárka. ,She's a banker. ,Ona je bankirka. ,She's a banker. ,Iyadu waa bangi. ,She is a banker. ,Ella es banquera. ,She is a banker. ,Anjeunna bankir. ,He is a banker. ,Yeye ni benki. ,He is a banker. ,Hon är bankir. ,She's a banker. ,Siya ay isang bangkero. ,He is a banker. ,Вай бонкдор аст. ,She is a banker. ,அவள் ஒரு வங்கியாளர். ,She is a banker. 
She is a barber.,هوءَ حجام آهي. ,She is a barber. ,ඇය බාබර් කෙනෙක්. ,She is a barber. ,Je holička. ,She's a girl. ,Ona je brivec. ,She's a barber. ,Iyadu waa timo-jare. ,She is a hairdresser. ,Ella es barbero. ,She is a barber. ,Anjeunna tukang cukur. ,He is a barber. ,Yeye ni kinyozi. ,He is a barber. ,Hon är en barberare. ,She's a barber. ,Siya ay isang barbero. ,He is a barber. ,Вай сартарош аст. ,She is a barber. ,அவள் ஒரு முடிதிருத்தும். ,She is a barber. 
She is a bartender.,هوءَ بارٽ ٺاهيندڙ آهي. ,She's a Bart maker. ,ඇය බාර්එකක්. ,She is a bar. ,Je to barmanka. ,She's a bartender. ,Je natakarica. ,She's a waitress. ,Iyadu waa baarka. ,She is the bar. ,Ella es camarera. ,She is a waitress. ,Anjeunna palayan bar. ,He is a bar waiter. ,Yeye ni mhudumu wa baa. ,She is a bartender. ,Hon är bartender. ,She's a bartender. ,Siya ay isang bartender. ,He is a bartender. ,Вай бармен аст. ,She is a bartender. ,அவள் ஒரு மதுக்கடை. ,She is a bartender. 
She is a biologist.,هوءَ حياتيات آهي. ,She is biological. ,ඇය ජීව විද්‍යා .යෙකි. ,She is a biologist. ,Je biologička. ,She's a biologist. ,Je biologinja. ,She is a biologist. ,Iyadu waa aqoonyahan cilmiga cilmiga xoolaha. ,She is a veterinarian. ,Ella es bióloga. ,She is a biologist. ,Anjeunna ahli biologi. ,He is a biologist. ,Yeye ni biolojia. ,He is a biologist. ,Hon är biolog. ,She's a biologist. ,Siya ay isang biologist. ,He is a biologist. ,Вай биолог аст. ,She is a biologist. ,அவள் ஒரு உயிரியலாளர். ,She is a biologist. 
She is a bookkeeper.,هوءَ ڪتاب ساز آهي. ,She is a bookmaker. ,ඇය පොත් තබන්නියකි. ,She is a bookkeeper. ,Je účtovníčka. ,She's an accountant. ,Je knjigovodka. ,She's an accountant. ,Iyadu waa buug-yare. ,She is a pamphlet. ,Ella es contadora. ,She is an accountant. ,Anjeunna juru buku. ,He is a bookmaker. ,Yeye ni mtunza vitabu. ,He is a bookkeeper. ,Hon är bokhållare. ,She's a bookkeeper. ,Isa siyang bookkeeper. ,He is a bookkeeper. ,Вай бухгалтер аст. ,She is an accountant. ,அவள் ஒரு புத்தகக் காவலன். ,She is a bookkeeper. 
She is a botanist.,هوءَ هڪ botanist آهي. ,She is a botanist. ,ඇය උද්භිද විද්‍යා ist වරියකි. ,She is a botanist. ,Je botanička. ,She is a botanist. ,Je botaničarka. ,She is a botanist. ,Waxay tahay cilmiga cilmiga dhirta. ,She is an anthropologist. ,Ella es botánica. ,She is a botanist. ,Anjeunna ahli botani. ,He is a botanist. ,Yeye ni mtaalam wa mimea. ,He is a botanist. ,Hon är en botaniker. ,She's a botanist. ,Siya ay isang botanist. ,He is a botanist. ,Вай ботаник аст. ,She is a botanist. ,அவள் ஒரு தாவரவியலாளர். ,She is a botanist. 
She is a builder.,هوءَ بلڊر آهي. ,She is the builder ,ඇය ඉදි කරන්නියකි. ,She is a builder. ,Je staviteľka. ,She is a builder. ,Je graditeljica. ,She is a builder. ,Iyadu waa dhise. ,She is a builder. ,Ella es constructora. ,She is a builder. ,Anjeunna tukang. ,He was last. ,Yeye ni mjenzi. ,He is a builder. ,Hon är en byggare. ,She's a builder. ,Siya ay isang tagabuo. ,He is a builder. ,Вай бинокор аст. ,She is a builder. ,அவள் ஒரு பில்டர். ,She is a builder. 
She is a businessperson.,هوءَ ڪاروباري عورت آهي. ,She is a business woman. ,ඇය ව්‍යාපාරිකයෙකි. ,She is a businessman. ,Je podnikateľka. ,She is an businesswoman. ,Je podjetnica. ,She is an entrepreneur. ,Iyadu waa ganacsade. ,She is a businessman. ,Ella es una empresaria. ,She is a businesswoman. ,Anjeunna pangusaha. ,He is a businessman. ,Yeye ni mfanyabiashara. ,He is a businessman. ,Hon är en affärsperson. ,She is a business person. ,Isa siyang negosyante. ,He is a businessman. ,Вай соҳибкор аст. ,She is an entrepreneur. ,அவள் ஒரு தொழிலதிபர். ,She is an entrepreneur. 
She is a butcher.,هوءَ قصاب آهي. ,She is a butcher. ,ඇය මස් කපන්නියකි. ,She is a butcher. ,Je mäsiarka. ,She is a butcher. ,Ona je mesnica. ,She's a butcher. ,Iyadu waa kawaanle. ,She is a butcher. ,Ella es carnicero. ,She is a butcher. ,Anjeunna tukang jagal. ,He was a butcher. ,Yeye ni mchinjaji. ,He is a butcher. ,Hon är en slaktare. ,She's a butcher. ,Butcher siya. ,He is a butcher. ,Вай қассоб аст. ,She is a butcher. ,அவள் ஒரு கசாப்புக்காரன். ,She is a butcher. 
She is a carpenter.,هوءَ ڪاريگر آهي. ,She is a manufacturer ,ඇය වඩු කාර්මිකයෙකි. ,She is a carpenter. ,Je stolárka. ,She is a carpenter. ,Je mizar. ,He is a carpenter. ,Iyadu waa nijaar. ,She is a carpenter. ,Ella es carpintera. ,She is a carpenter. ,Anjeunna tukang kayu. ,He was a carpenter. ,Yeye ni seremala. ,He is a carpenter. ,Hon är en snickare. ,She's a carpenter. ,Siya ay isang karpintero. ,He is a carpenter. ,Вай дуредгар аст. ,She is a carpenter. ,அவள் ஒரு தச்சு. ,She is a carpenter. 
She is a cashier.,هوءَ ڪئسيئر آهي. ,She is cashier ,ඇය මුදල් අයකැමියකි. ,She is a cashier. ,Je pokladníčka. ,She's a cashier. ,Je blagajnica. ,She's the cashier. ,Iyadu waa khasnaji. ,She is a treasurer. ,Ella es cajera. ,She's a cashier. ,Anjeunna kasir. ,He is the cashier. ,Yeye ni mfadhili. ,He is a benefactor. ,Hon är kassör. ,She's a treasurer. ,Siya ay isang kahera. ,She is a cashier. ,Вай кассир аст. ,She is a cashier. ,அவள் ஒரு காசாளர். ,She is a cashier. 
She is a chef.,هوءَ شيف آهي. ,She is the chef ,ඇය සූපවේදියෙකි. ,She is a chef. ,Je kuchárka. ,She's a cook. ,Je kuharica. ,She's a cook. ,Iyadu waa kuugga. ,She is your chef. ,Ella es Chef. ,She is a Chef. ,Anjeunna koki. ,He is a chef. ,Yeye ni mpishi. ,She is a cook. ,Hon är kock. ,She's a cook. ,Siya ay isang chef. ,He is a chef. ,Вай ошпаз аст. ,She is a cook. ,அவள் ஒரு சமையல்காரர். ,She is a cook. 
She is a chemist.,هوءَ ڪيمسٽ آهي. ,She is chemistry ,ඇය රසායන mist යෙකි. ,She is a chemical mist. ,Je chemička. ,She's a chemist. ,Je kemik. ,He's a chemist. ,Iyadu waa farmashiiste. ,She is a pharmacist. ,Ella es química. ,She is a chemist. ,Anjeunna ahli kimia. ,He is a chemist. ,Yeye ni mkemia. ,He is a chemist. ,Hon är kemist. ,She's a chemist. ,Siya ay isang chemist. ,He is a chemist. ,Вай кимиёшинос аст. ,She is a chemist. ,அவள் ஒரு வேதியியலாளர். ,She is a chemist. 
She is a clergy advisor.,هوءَ ڪلارڪي صلاحڪار آهي. ,She is a Clarkie consultant. ,ඇය පූජ්‍ය උපදේශිකාවකි. ,She is a Rev. Counselor. ,Je duchovnou poradkyňou. ,She is a spiritual counselor. ,Je svetovalka duhovščine. ,She is a clergy counselor. ,Iyadu waa lataliye wadaad. ,She is an advisor to a priest. ,Ella es asesora del clero. ,She is a clergy advisor. ,Anjeunna mangrupikeun panaséhat pendeta. ,He is an advisor to the pastor. ,Yeye ni mshauri wa makasisi. ,He is a counselor to the clergy. ,Hon är prästrådgivare. ,She is a priest's counselor. ,Siya ay isang tagapayo ng klero. ,He was a clergy counselor. ,Вай мушовири рӯҳониён аст. ,He is a counselor to the clergy. ,அவர் ஒரு மதகுரு ஆலோசகர். ,He is a clerical counselor. 
She is a clinical lab technician.,هوءَ هڪ ڪلينڪل ليب ٽيڪنيشن آهي. ,She is a clinical lab technician. ,ඇය සායනික විද්‍යාගාර ශිල්පිනියකි. ,She is a clinical laboratory technician. ,Je technikom klinickej laboratória. ,He is a clinical laboratory technician. ,Je klinična laboratorijska tehnica. ,It is a clinical laboratory technique. ,Iyadu waa farsamo yaqaan shaybaar. ,She is a laboratory technician. ,Ella es técnica de laboratorio clínico. ,She is a clinical laboratory technician. ,Anjeunna mangrupakeun teknisi lab klinis. ,He is a clinical lab technician. ,Yeye ni fundi wa maabara ya kliniki. ,He is a clinical laboratory technician. ,Hon är klinisk laboratorietekniker. ,She is a clinical laboratory technician. ,Siya ay isang technician ng klinikal na lab. ,He is a clinical lab technician. ,Вай лаборанти лабораторӣ аст. ,She is a laboratory assistant. ,அவர் ஒரு மருத்துவ ஆய்வக தொழில்நுட்ப வல்லுநர். ,He is a medical laboratory technician. 
She is a coach.,هوءَ ڪوچ آهي. ,She is the coach ,ඇය පුහුණුකරුවෙකි. ,She is a coach. ,Je trénerkou. ,She is a coach. ,Je trenerka. ,She's a tracksuit. ,Iyadu waa tababare. ,She is a coach. ,Ella es entrenadora. ,She is a coach. ,Anjeunna palatih. ,He is a coach. ,Yeye ni kocha. ,He is a coach. ,Hon är en tränare. ,She's a coach. ,Siya ay isang coach. ,He is a coach. ,Вай мураббӣ аст. ,She is a coach. ,அவள் ஒரு பயிற்சியாளர். ,She is a coach. 
She is a developer.,هوءَ ترقي ڪندڙ آهي. ,She is a developer. ,ඇය සංවර්ධකයෙකි. ,She is a developer. ,Je vývojárka. ,She is a developer. ,Ona je razvijalec. ,She is a developer. ,Iyadu waa horumariyaha. ,She is the developer. ,Ella es desarrolladora. ,She is a developer. ,Anjeunna pangembang. ,He is a developer. ,Yeye ni msanidi programu. ,He is a software developer. ,Hon är en utvecklare. ,She is a developer. ,Siya ay isang developer. ,He is a developer. ,Вай таҳиягар аст. ,She is a developer. ,அவள் ஒரு டெவலப்பர். ,She is a developer. 
She is a dietitian.,هوءَ ماہر غذا آهي. ,She is a dietitian. ,ඇය ආහාරවේදියෙකි. ,She is a dietitian. ,Je dietologička. ,She is a dietitian. ,Je dietetik. ,I am a dietitian. ,Iyadu waa cunto-yaqaan. ,She is a chef. ,Ella es dietista. ,She is a dietitian. ,Anjeunna ahli diet. ,He is a dietitian. ,Yeye ni mtaalam wa lishe. ,She is a nutritionist. ,Hon är dietist. ,She's a dietitian. ,Siya ay isang dietitian. ,He is a dietitian. ,Вай парҳезшинос аст. ,She is a dietitian. ,அவள் ஒரு டயட்டீஷியன். ,She is a dietitian. 
She is an ecologist.,هوءَ ماحوليات جي ماهر آهي. ,She is an environmental expert. ,ඇය පරිසරවේදියෙකි. ,She is an environmentalist. ,Je ekológka. ,It's ecology. ,Je ekologinja. ,She is an ecologist. ,Iyadu waa aqoon yahan cilmiga deegaanka. ,She is an environmental scientist. ,Ella es ecologista. ,She is an ecologist. ,Anjeunna ékologis. ,He is ecological. ,Yeye ni mwanaikolojia. ,He is a psychologist. ,Hon är ekolog. ,She's an ecologist. ,Siya ay isang ecologist. ,He is an ecologist. ,Вай эколог аст. ,She is an ecologist. ,அவள் ஒரு சூழலியல் நிபுணர். ,She is an ecologist. 
She is an editor.,هوءَ ايڊيٽر آهي. ,She is the editor. ,ඇය සංස්කාරකවරියකි. ,She is an editor. ,Je redaktorkou. ,She is an editor. ,Je urednica. ,She is an editor. ,Iyadu waa tifaftire. ,She is an editor. ,Ella es editora. ,She is an editor. ,Anjeunna mangrupikeun éditor. ,He is an editor. ,Yeye ni mhariri. ,He is an editor. ,Hon är redaktör. ,She is an editor. ,Siya ay isang editor. ,He is an editor. ,Вай муҳаррир аст. ,She is an editor. ,அவள் ஒரு ஆசிரியர். ,She is a teacher. 
She is an electrician.,هوءَ هڪ بجلي واري آهي. ,She is an electrician. ,ඇය විදුලි කාර්මිකයෙකි. ,She is an electrician. ,Je elektrikárka. ,She is an electrician. ,Je električarka. ,She's an electrician. ,Iyadu waa koronto yaqaan. ,She is an electrician. ,Ella es electricista. ,She is an electrician. ,Anjeunna listrik. ,He is electric. ,Yeye ni fundi umeme. ,He is an electrician. ,Hon är elektriker. ,She's an electrician. ,Siya ay isang elektrisista. ,He is an electrician. ,Вай электрик аст. ,She is an electrician. ,அவள் எலக்ட்ரீஷியன். ,She is an electrician. 
She is an EMT specialist.,هوءَ اي ايم ٽي ماهر آهي. ,She is an EMT specialist. ,ඇය ඊඑම්ටී විශේෂ ist වරියකි. ,She is an EMT Specialist. ,Je špecialistkou na EMT. ,She is an EMT specialist. ,Je strokovnjakinja za EMT. ,She is an EMT expert. ,Iyadu waa khabiir ku takhasustay EMT. ,She is an EMT specialist. ,Ella es especialista en EMT. ,She is an EMT specialist. ,Anjeunna spesialis EMT. ,He is an EMT specialist. ,Yeye ni mtaalam wa EMT. ,He is an EMT specialist. ,Hon är EMT-specialist. ,She is an EMT specialist. ,Siya ay isang dalubhasa sa EMT. ,He is an EMT expert. ,Вай мутахассиси EMT мебошад. ,She is an EMT specialist. ,அவர் ஒரு EMT நிபுணர். ,He is an EMT expert. 
She is a farmer.,هوءَ زراعت ڪندڙ آهي. ,She is a farmer. ,ඇය ගොවියෙකි. ,She is a farmer. ,Je to farmárka. ,She's a farmer. ,Je kmetica. ,She is a farmer. ,Iyadu waa beeraley. ,She is a farmer. ,Ella es granjera. ,She is a farmer. ,Anjeunna patani. ,He is a farmer. ,Yeye ni mkulima. ,He is a farmer. ,Hon är jordbrukare. ,She is a farmer. ,Siya ay isang magsasaka. ,He is a farmer. ,Вай деҳқон аст. ,She is a farmer. ,அவள் ஒரு விவசாயி. ,She is a farmer. 
She is a filmmaker.,هوءَ فلمسازه آهي. ,She is a moviegoer. ,ඇය චිත්‍රපට නිෂ්පාදිකාවකි. ,She is a film producer. ,Je filmárkou. ,She is a filmmaker. ,Je filmska ustvarjalka. ,She is a filmmaker. ,Iyadu waa filim sameeye. ,She is a filmmaker. ,Ella es una cineasta. ,She is a filmmaker. ,Anjeunna mangrupikeun pembuat pilem. ,He is a filmmaker. ,Yeye ni mtengenezaji wa filamu. ,He is a filmmaker. ,Hon är filmskapare. ,She is a filmmaker. ,Siya ay isang tagagawa ng pelikula. ,He is a filmmaker. ,Вай филмсоз аст. ,She is a filmmaker. ,அவர் ஒரு திரைப்பட தயாரிப்பாளர். ,He is a filmmaker. 
She is a firefighter.,هوءَ فائر فائائيندڙ آهي. ,She is a firefighter. ,ඇය ගිනි නිවන භටයෙකි. ,She is a firefighter. ,Je hasičkou. ,She's a firefighter. ,Je gasilka. ,She's a firefighter. ,Iyadu waa dab-damiye. ,She is a firefighter. ,Ella es bombero. ,She is a firefighter. ,Anjeunna saurang pemadam kebakaran. ,He is a firefighter. ,Yeye ni moto wa moto. ,He is a fiery fire. ,Hon är brandman. ,She's a firefighter. ,Siya ay isang bumbero. ,He is a firefighter. ,Вай оташнишон аст. ,She is a firefighter. ,அவள் தீயணைப்பு வீரர். ,She is a firefighter. 
She is a fisherman.,هوءَ مڇي مارڻ واري آهي. ,She's fishing. ,ඇය ධීවරයෙකි. ,She is a fisherman. ,Je rybárka. ,She is a fisherman. ,Je ribičica. ,She's a fisherwoman. ,Iyadu waa kalluumeysato. ,She is a fisherman. ,Ella es un pescador. ,She is a fisherman. ,Anjeunna pamayang. ,He is a fisherman. ,Yeye ni mvuvi. ,He is a fisherman. ,Hon är fiskare. ,She's a fisherman. ,Siya ay isang mangingisda. ,He is a fisherman. ,Вай моҳигир аст. ,She is a fisherman. ,அவள் ஒரு மீனவன். ,She is a fisherman. 
She is a flight attendant.,هوء هڪ پرواز ۾ شرڪت ڪندڙ آهي. ,She is a flight attendant. ,ඇය ගුවන් සේවිකාවකි. ,She is an air hostess. ,Je letuškou. ,She's a flight attendant. ,Je stevardesa. ,She's a flight attendant. ,Iyadu waa adeege duulimaad. ,She is a flight attendant. ,Ella es una azafata. ,She is a flight attendant. ,Anjeunna pramugari. ,He is a stewardess. ,Yeye ni mhudumu wa ndege. ,He is a flight attendant. ,Hon är en flygvärdinna. ,She's a flight attendant. ,Siya ay isang flight attendant. ,He is a flight attendant. ,Вай стюардесса мебошад. ,She is a flight attendant. ,அவள் ஒரு விமான உதவியாளர். ,She is a flight attendant. 
She is a geneticist.,هوءَ جينياتدان آهي. ,She is a geneticist. ,ඇය ජාන විද්‍යා ist වරියකි. ,She is a geneticist. ,Je genetička. ,She's genetic. ,Je genetičarka. ,She's a geneticist. ,Iyadu waa cilmiga hidaha. ,She is a geneticist. ,Ella es genetista. ,She is a geneticist. ,Anjeunna ahli genetika. ,He is a geneticist. ,Yeye ni mtaalam wa maumbile. ,He is a geneticist. ,Hon är genetiker. ,She's a geneticist. ,Siya ay isang genetiko. ,He is a geneticist. ,Вай генетик аст. ,She is genetic. ,அவள் ஒரு மரபியலாளர். ,She is a geneticist. 
She is a geologist.,هوءَ جيولاجسٽ آهي. ,She is a geologist. ,ඇය භූ විද්‍යා ologist යෙකි. ,She is a geologist. ,Je geologička. ,She is a geologist. ,Je geologinja. ,She is a geologist. ,Waxay ku taqasusay cilmiga dhulka. ,She specializes in geology. ,Ella es geóloga. ,She is a geologist. ,Anjeunna ahli géologi. ,He is a geologist. ,Yeye ni mtaalam wa jiolojia. ,He is a geologist. ,Hon är geolog. ,She's a geologist. ,Siya ay isang geologist. ,He is a geologist. ,Вай геолог аст. ,She is a geologist. ,அவள் ஒரு புவியியலாளர். ,She is a geographer. 
She is a graphic designer.,هوءَ هڪ گرافڪ ڊزائنر آهي. ,She is a graphic designer. ,ඇය ග්‍රැෆික් නිර්මාණකරුවෙකි. ,She is a graphic designer. ,Je grafická dizajnérka. ,She is a graphic designer. ,Je grafična oblikovalka. ,She is a graphic designer. ,Iyadu waa naqshadeeye garaaf ah. ,She is a graphic designer. ,Ella es diseñadora gráfica. ,She is a graphic designer. ,Anjeunna mangrupikeun desainer grafis. ,He is a graphic designer. ,Yeye ni mbuni wa picha. ,He is an artist. ,Hon är grafisk formgivare. ,She is a graphic designer. ,Siya ay isang graphic designer. ,She is a graphic designer. ,Вай тарроҳи графикӣ аст. ,She is a graphic designer. ,அவர் ஒரு கிராஃபிக் டிசைனர். ,He is a graphic designer. 
She is a human resource specialist.,هوءَ انساني وسيلن جو ماهر آهي. ,She is a human resources expert. ,ඇය මානව සම්පත් විශේෂ ist වරියකි. ,She is a Human Resources Specialist. ,Je špecialistkou na ľudské zdroje. ,She is a human resources specialist. ,Je strokovnjakinja za kadre. ,She is a human resources expert. ,Iyadu waa khabiir ku takhasustay arrimaha shaqaalaha. ,She is an expert in labor issues. ,Ella es especialista en recursos humanos. ,She is a human resources specialist. ,Anjeunna ahli SDM. ,He is an HR expert. ,Yeye ni mtaalamu wa rasilimali watu. ,He is a human resource specialist. ,Hon är specialist på personalresurser. ,She is a specialist in human resources. ,Siya ay isang espesyalista sa mapagkukunan ng tao. ,He is a specialist in human resources. ,Вай мутахассиси захираҳои инсонӣ мебошад. ,He is a human resources specialist. ,அவர் ஒரு மனித வள நிபுணர். ,He is a human resource expert. 
She is an immunologist.,هوءَ هڪ امونولوجسٽ آهي. ,She is an immunologist. ,ඇය ප්‍රතිශක්ති විශේෂ ist වරියකි. ,She is an Immunity Specialist. ,Je imunologička. ,She is an immunologist. ,Je imunologinja. ,She's an immunologist. ,Iyadu waa dhakhtar ku takhasustay difaaca jirka. ,She is a doctor who specializes in the immune system. ,Ella es inmunóloga. ,She is an immunologist. ,Anjeunna ahli imunologis. ,He is an immunologist. ,Yeye ni mtaalam wa kinga. ,He is an immune specialist. ,Hon är immunolog. ,She's an immunologist. ,Siya ay isang immunologist. ,He is an immunologist. ,Вай иммунолог аст. ,She is an immunologist. ,அவள் நோயெதிர்ப்பு நிபுணர். ,She is an immunologist. 
She is an interpreters.,هوءَ هڪ ترجمان آهي. ,She is a spokesperson. ,ඇය පරිවර්තකයෙකි. ,She is a translator. ,Je tlmočníčkou. ,She is an interpreter. ,Je tolmačica. ,She is an interpreter. ,Iyadu waa turjubaanno. ,She is an interpreter. ,Ella es intérprete. ,She is an interpreter. ,Anjeunna mangrupikeun juru basa. ,He is an interpreter. ,Yeye ni mkalimani. ,He is an interpreter. ,Hon är tolk. ,She is an interpreter. ,Siya ay isang interpreter. ,He is an interpreter. ,Вай тарҷумон аст. ,She is a translator. ,அவள் ஒரு மொழிபெயர்ப்பாளர். ,She is a translator. 
She is a jeweller.,هوءَ هڪ زيور آهي. ,She is a jewel ,ඇය ස්වර්ණාභරණ. ,She is a jeweler. ,Je klenotníčka. ,She's a jeweler. ,Je draguljarka. ,She's a jeweler. ,Iyadu waa dahable. ,She is gold. ,Ella es joyero. ,She is a jeweler. ,Anjeunna tukang perhiasan. ,He is a jeweler. ,Yeye ni mtia vito. ,He is a jewel. ,Hon är juvelerare. ,She's a jeweler. ,Siya ay isang alahas. ,She is a jewelry. ,Вай заргар аст. ,She is a jeweler. ,அவள் ஒரு நகை வியாபாரி. ,She is a jeweler. 
She is a lawyer.,هوءَ وڪيل آهي. ,She is a lawyer ,ඇය නීති .වරියකි. ,She is a lawyer. ,Je právnička. ,She's a lawyer. ,Je odvetnica. ,She's a lawyer. ,Iyadu waa garyaqaan. ,She is a lawyer. ,Ella es una abogada. ,She is a lawyer. ,Anjeunna pengacara. ,He is a lawyer. ,Yeye ni wakili. ,He is a lawyer. ,Hon är advokat. ,She's a lawyer. ,Siya ay isang abogado. ,He is a lawyer. ,Вай ҳуқуқшинос аст. ,She is a lawyer. ,அவள் ஒரு வழக்கறிஞர். ,She is a lawyer. 
She is a librarian.,هوءَ هڪ لائبريرين آهي. ,She is a librarian. ,ඇය පුස්තකාලයාධිපතිවරියකි. ,She is a librarian. ,Je knihovníčkou. ,She is a librarian. ,Je knjižničarka. ,She's a librarian. ,Iyadu waa maktabad. ,She is a librarian. ,Ella es bibliotecaria. ,She is a librarian. ,Anjeunna pustakawan. ,He is a librarian. ,Yeye ni mkutubi. ,He is a liberator. ,Hon är bibliotekarie. ,She's a librarian. ,Siya ay isang librarian. ,He is a librarian. ,Вай китобдор аст. ,She is a librarian. ,அவள் ஒரு நூலகர். ,She is a librarian. 
She is a licensed practical nurse.,هوءَ لائسنس يافته عملي نرس آهي. ,She is a licensed practical nurse. ,ඇය බලපත්‍රලාභී ප්‍රායෝගික හෙදියක්. ,She is a licensed practical nurse. ,Je licencovanou praktickou sestrou. ,She is a licensed nurse. ,Je licencirana medicinska sestra. ,She is a licensed nurse. ,Iyadu waa kalkaaliye caafimaad oo sharciyeysan. ,She is a licensed nurse. ,Ella es una enfermera práctica con licencia. ,She is a licensed practical nurse. ,Anjeunna mangrupikeun perawat praktis anu dilisensikeun. ,She is a licensed practical nurse. ,Yeye ni muuguzi aliye na leseni ya vitendo. ,She is a licensed practical nurse. ,Hon är licensierad praktisk sjuksköterska. ,She is a licensed practical nurse. ,Isa siyang lisensyadong praktikal na nars. ,She is a licensed practical nurse. ,Вай ҳамшираи амалии литсензия мебошад. ,She is a licensed practice nurse. ,அவர் உரிமம் பெற்ற நடைமுறை செவிலியர். ,She is a licensed practice nurse. 
She is a mechanic.,هوءَ مشيني آهي. ,She is machined. ,ඇය කාර්මික ශිල්පිනියකි. ,She is a technician. ,Je mechanička. ,She's a mechanic. ,Je mehanik. ,He's a mechanic. ,Waxay tahay makaanik. ,She is a mechanic. ,Ella es mecanica. ,She is a mechanic. ,Anjeunna mékanika. ,He is a mechanic. ,Yeye ni fundi. ,He is a craftsman. ,Hon är mekaniker. ,She's a mechanic. ,Mekaniko siya. ,He is a mechanic. ,Вай механизатор аст. ,She is a mechanic. ,அவள் ஒரு மெக்கானிக். ,She is a mechanic. 
She is a medical laboratory scientist.,هوءَ هڪ ميڊيڪل ليبارٽري سائنسدان آهي. ,She is a Medical Laboratory Scientist. ,ඇය වෛද්‍ය රසායනාගාර විද්‍යා ist වරියකි. ,She is a medical laboratory scientist. ,Je lekárskou laboratórnou vedkyňou. ,She is a medical laboratory scientist. ,Je znanstvenica iz medicinskega laboratorija. ,She is a scientist from a medical laboratory. ,Iyadu waa saynisyahan shaybaar caafimaad. ,She is a medical laboratory scientist. ,Ella es una científica de laboratorio médico. ,She is a medical laboratory scientist. ,Anjeunna élmuwan laboratorium médis. ,He is a medical laboratory scientist. ,Yeye ni mwanasayansi wa maabara ya matibabu. ,He is a medical laboratory scientist. ,Hon är medicinsk laboratorieforskare. ,She is a medical laboratory researcher. ,Siya ay isang siyentipikong medikal sa laboratoryo. ,He is a medical scientist in the laboratory. ,Вай донишманди лабораторияи тиббӣ мебошад. ,She is a medical laboratory scientist. ,அவர் ஒரு மருத்துவ ஆய்வக விஞ்ஞானி. ,He is a medical laboratory scientist. 
She is a meteorologist.,هوءَ موسميات جو ماهر آهي. ,She is a meteorologist. ,ඇය කාලගුණ විද්‍යා ologist වරියකි. ,She is a meteorologist. ,Je meteorologička. ,She's a meteorologist. ,Je meteorologinja. ,She is a meteorologist. ,Iyadu waa khabiir ku takhasustay saadaasha hawada. ,She is a meteorologist. ,Ella es meteoróloga. ,She is a meteorologist. ,Anjeunna ahli meteorologi. ,He is a meteorologist. ,Yeye ni mtaalam wa hali ya hewa. ,He is a meteorologist. ,Hon är meteorolog. ,She's a meteorologist. ,Siya ay isang meteorologist. ,He is a meteorologist. ,Вай метеоролог аст. ,She is a meteorologist. ,அவள் ஒரு வானிலை ஆய்வாளர். ,She is a meteorologist. 
She is a midwife.,هوءَ قابوا آهي. ,She is in control ,ඇය වින්නඹු මාතාවකි. ,She is a midwife. ,Je pôrodná asistentka. ,She is a midwife. ,Je babica. ,She's a midwife. ,Waa umuliso. ,She is a midwife. ,Ella es partera. ,She is a midwife. ,Anjeunna bidan. ,He is a midwife. ,Yeye ni mkunga. ,She is a midwife. ,Hon är barnmorska. ,She's a midwife. ,Siya ay isang komadrona. ,She is a midwife. ,Вай доя аст. ,She is a midwife. ,அவள் ஒரு மருத்துவச்சி. ,She is a midwife. 
She is a military officer.,هوءَ فوجي آفيسر آهي. ,She is a military officer. ,ඇය හමුදා නිලධාරිනියකි. ,She is an army officer. ,Je to vojenská dôstojníčka. ,She's a military officer. ,Je vojaška častnica. ,She is a military officer. ,Waa sarkaal ciidan. ,He is an army officer. ,Ella es un oficial militar. ,She is a military officer. ,Anjeunna mangrupikeun perwira militér. ,He is a military officer. ,Yeye ni afisa wa jeshi. ,He is an army officer. ,Hon är en militär officer. ,She's a military officer. ,Siya ay isang opisyal ng militar. ,He is a military officer. ,Вай як афсари низомӣ аст. ,He is a military officer. ,அவள் ஒரு ராணுவ அதிகாரி. ,She is an army officer. 
She is a nutritionist.,هوءَ غذائيت پسند آهي. ,She is a nutritionist. ,ඇය පෝෂණවේදිනියකි. ,She is a nutritionist. ,Je výživová poradkyňa. ,She is a nutritionist. ,Je nutricionistka. ,She is a nutritionist. ,Iyadu waa nafaqo-yaqaan. ,She is a nutritionist. ,Ella es nutricionista. ,She is a nutritionist. ,Anjeunna ahli gizi. ,He is a nutritionist. ,Yeye ni mtaalam wa lishe. ,She is a nutritionist. ,Hon är nutritionist. ,She is a nutritionist. ,Siya ay isang nutrisyonista. ,She is a nutritionist. ,Вай хӯрокхӯр аст. ,She is a diner. ,அவள் ஊட்டச்சத்து நிபுணர். ,She is a nutritionist. 
She is an oceanographer.,هوءَ سامونڊي ماهر آهي. ,She is a marine expert. ,ඇය සාගර විද්‍යා ographer වරියකි. ,She is an oceanographer. ,Je oceánografkou. ,She is an oceanographer. ,Je oceanografinja. ,She is an oceanographer. ,Waxay tahay aqoonyahan badeed. ,She is a marine scientist. ,Ella es oceanógrafa. ,She is an oceanographer. ,Anjeunna ahli poto laut. ,He is a marine photographer. ,Yeye ni mwandishi wa bahari. ,He is a maritime writer. ,Hon är en oceanograf. ,She's an oceanographer. ,Isa siyang Oceanographer. ,He is an Oceanographer. ,Вай уқёнусшинос аст. ,She is an oceanographer. ,அவள் ஒரு கடல்சார். ,She is a seafarer. 
She is an osteopath.,هوءَ هڪ اوستيوپيٿ آهي. ,She is an osteopath. ,ඇය අස්ථි රෝගියෙකි. ,She is a bone patient. ,Je osteopatka. ,She's an osteopath. ,Je osteopat. ,He is an osteopath. ,Iyadu waa osteopath. ,She is an osteopath. ,Ella es osteópata. ,She is an osteopath. ,Anjeunna hiji osteopat. ,He is an osteopath. ,Yeye ni osteopath. ,He is an osteopath. ,Hon är en osteopat. ,She's an osteopath. ,Siya ay isang osteopath. ,He is an osteopath. ,Вай остеопат аст. ,She is an osteopath. ,அவள் ஒரு எலும்பு முறிவு. ,She has a fracture. 
She is a painter.,هوءَ پينٽر آهي. ,She's the painter. ,ඇය චිත්‍ර ශිල්පිනියකි. ,She is an artist. ,Je maliarka. ,She's a painter. ,Je slikarka. ,She is a painter. ,Iyadu waa ranjiye. ,She is a painter. ,Ella es pintora. ,She is a painter. ,Anjeunna pelukis. ,He is a painter. ,Yeye ni mchoraji. ,He is a painter. ,Hon är målare. ,She's a painter. ,Siya ay isang pintor. ,He is an artist. ,Вай рассом аст. ,She is an artist. ,அவள் ஒரு ஓவியர். ,She is a painter. 
She is a paramedic.,هوءَ پرديسي آهي. ,She is a stranger ,ඇය පරිපූරක වෛද්‍යවරියකි. ,She is a paramedic. ,Je záchranárka. ,She's a lifeguard. ,Je reševalka. ,She's a lifeguard. ,Waxay tahay shaqaale caafimaad. ,She is a medical worker. ,Ella es paramédica. ,She is a paramedic. ,Anjeunna paramedis. ,He is a paramedic. ,Yeye ni paramedic. ,He is a paramedic. ,Hon är sjukvårdare. ,She's a nurse. ,Siya ay isang paramedic. ,He is a paramedic. ,Вай фельдшер аст. ,She is a paramedic. ,அவள் ஒரு துணை மருத்துவ நிபுணர். ,She is a paramedic. 
She is a pathologist.,هوءَ پيٿالوجسٽ آهي. ,She is a pathologist. ,ඇය ව්යාධි විද්යා is යෙකි. ,She is a pathologist. ,Je patologička. ,She's a pathologist. ,Je patologinja. ,She is a pathologist. ,Iyadu waa khabiir ku takhasusay cilmiga cudurada. ,She is a pathologist. ,Ella es patóloga. ,She is a pathologist. ,Anjeunna ahli patologis. ,He is a pathologist. ,Yeye ni mtaalam wa magonjwa. ,He is a pathologist. ,Hon är patolog. ,She's a pathologist. ,Siya ay isang pathologist. ,He is a pathologist. ,Вай патолог аст. ,She is a pathologist. ,அவள் ஒரு நோயியல் நிபுணர். ,She is a pathologist. 
She is a pharmacologist.,هوءَ فارماسولوجسٽ آهي. ,She is a pharmacologist. ,ඇය c ෂධවේදියෙකි. ,She is a pharmacist. ,Je farmakologička. ,She is a pharmacologist. ,Je farmakologinja. ,She is a pharmacologist. ,Iyadu waa dhakhtarad cilmiga dawooyinka. ,She is a pharmacologist. ,Ella es farmacóloga. ,She is a pharmacologist. ,Anjeunna ahli farmasi. ,He is a pharmacist. ,Yeye ni mtaalam wa dawa. ,He is a pharmacologist. ,Hon är farmakolog. ,She's a pharmacologist. ,Siya ay isang parmasyutiko. ,She is a pharmacist. ,Вай дорусоз аст. ,She is a pharmacist. ,அவள் மருந்தாளுநர். ,She is a pharmacist. 
She is a philosopher.,هوءَ فلسفي آهي. ,She is a philosopher. ,ඇය දාර්ශනිකයෙකි. ,She is a philosopher. ,Je filozofka. ,She is a philosopher. ,Je filozofinja. ,She is a philosopher. ,Iyadu waa falsafad. ,She is a philosopher. ,Ella es un filósofo. ,She is a philosopher. ,Anjeunna filsuf. ,He is a philosopher. ,Yeye ni mwanafalsafa. ,He is a philosopher. ,Hon är en filosof. ,She's a philosopher. ,Siya ay isang pilosopo. ,He was a philosopher. ,Вай файласуф аст. ,He is a philosopher. ,அவள் ஒரு தத்துவவாதி. ,She is a philosopher. 
She is a photographer.,هوءَ هڪ فوٽوگرافر آهي. ,She is a photographer. ,ඇය ඡායාරූප ශිල්පිනියකි. ,She is a photographer. ,Je fotografka. ,She is a photographer. ,Je fotografinja. ,She is a photographer. ,Iyadu waa sawirqaade. ,She is a photographer. ,Ella es fotógrafa. ,She's a photographer. ,Anjeunna fotografer. ,He is a photographer. ,Yeye ni mpiga picha. ,He is a photographer. ,Hon är fotograf. ,She's a photographer. ,Siya ay isang litratista. ,He is a photographer. ,Вай суратгир аст. ,She is a photographer. ,அவள் ஒரு புகைப்படக்காரர். ,She is a photographer. 
She is a physician assistant.,هوءَ هڪ طبيب جو اسسٽنٽ آهي. ,She is a physician's assistant. ,ඇය වෛද්‍ය සහායකවරියකි. ,She is a medical assistant. ,Je asistentkou lekára. ,She is a doctor's assistant. ,Je zdravniška asistentka. ,She is a medical assistant. ,Iyadu waa kaaliye dhakhtar. ,She is an assistant doctor. ,Ella es asistente médica. ,She is a medical assistant. ,Anjeunna mangrupikeun asistén dokter. ,He is an assistant physician. ,Yeye ni msaidizi wa daktari. ,She is a doctor's assistant. ,Hon är läkarassistent. ,She's a medical assistant. ,Siya ay isang katulong ng manggagamot. ,She is an assistant physician. ,Вай ёвари табиб аст. ,She is a doctor's assistant. ,அவர் ஒரு மருத்துவர் உதவியாளர். ,He is a medical assistant. 
She is a physicist.,هوءَ هڪ فزڪسسٽ آهي. ,She is a physicist. ,ඇය භෞතික විද්‍යා is යෙකි. ,She is a physicist. ,Je fyzička. ,She's a physicist. ,Je fizičarka. ,She's a physicist. ,Waxay tahay cilmiga fiisigiska. ,It is physics. ,Ella es física. ,She is a physicist. ,Anjeunna ahli fisika. ,He is a physicist. ,Yeye ni mwanafizikia. ,He is a physicist. ,Hon är fysiker. ,She's a physicist. ,Siya ay isang pisiko. ,He is a physicist. ,Вай физик аст. ,She is a physicist. ,அவள் இயற்பியலாளர். ,She is a physicist. 
She is a pilot.,هوءَ پائلٽ آهي. ,She's a pilot. ,ඇය නියමුවෙක්. ,She is a pilot. ,Je pilotkou. ,She's a pilot. ,Pilot je. ,He's a pilot. ,Iyadu waa duuliye. ,She is a pilot. ,Ella es piloto. ,She is a pilot. ,Anjeunna pilot. ,He is a pilot. ,Yeye ni rubani. ,He is a pilot. ,Hon är pilot. ,She's a pilot. ,Piloto siya. ,He is a pilot. ,Вай халабон аст. ,She is a pilot. ,அவள் ஒரு பைலட். ,She is a pilot. 
She is a plumber.,هوء هڪ پلمبر آهي. ,She is a plumber. ,ඇය ජලනල කාර්මිකයෙකි. ,She is a plumber. ,Je inštalatérka. ,She is a plumber. ,Ona je vodovodar. ,She's a plumber. ,Iyadu waa tuubiste. ,She is a plumber. ,Ella es fontanero. ,She is a plumber. ,Anjeunna tukang ledeng. ,He is a plumber. ,Yeye ni fundi bomba. ,He is a plumber. ,Hon är en rörmokare. ,She's a plumber. ,Siya ay isang tubero. ,He is a plumber. ,Вай челонгар аст. ,She is a plumber. ,அவள் ஒரு பிளம்பர். ,She is a plumber. 
She is a politician.,هوءَ سياڻو آهي. ,She is a politician. ,ඇය දේශපාලන ician යෙකි. ,She is a political icion. ,Je politička. ,She's a politician. ,Je političarka. ,She is a politician. ,Waa siyaasi. ,He is a politician. ,Ella es politica. ,She is a politician. ,Anjeunna politikus. ,He is a politician. ,Yeye ni mwanasiasa. ,He is a politician. ,Hon är politiker. ,She's a politician. ,Siya ay isang politiko. ,He is a politician. ,Вай сиёсатмадор аст. ,He is a politician. ,அவள் ஒரு அரசியல்வாதி. ,She is a politician. 
She is a receptionist.,هوءَ هڪ استقبال واري عورت آهي. ,She is a welcoming woman. ,ඇය පිළිගැනීමේ නිලධාරිනියකි. ,She is a receptionist. ,Je recepčná. ,She is a receptionist. ,Je receptorka. ,She's a receptionist. ,Iyadu waa soo dhaweyn. ,She is welcome. ,Ella es recepcionista. ,She is a recepcionist. ,Anjeunna resepsionis. ,He is a receptionist. ,Yeye ni mpokeaji. ,He is the recipient. ,Hon är receptionist. ,She's a receptionist. ,Siya ay isang resepsyonista. ,He is a receptionist. ,Вай қабулкунанда аст. ,She is a receiver. ,அவள் ஒரு வரவேற்பாளர். ,She is a receptionist. 
She is a registered nurse.,هوءَ هڪ رجسٽرڊ نرس آهي. ,She is a registered nurse. ,ඇය ලියාපදිංචි හෙදියක්. ,She is a registered nurse. ,Je registrovanou sestrou. ,She is a registered nurse. ,Je registrirana medicinska sestra. ,She is a registered nurse. ,Iyadu waa kalkaaliye caafimaad oo diiwaangashan. ,She is a registered nurse. ,Ella es una enfermera titulada. ,She is a registered nurse. ,Anjeunna mangrupikeun perawat anu kadaptar. ,She is a registered nurse. ,Yeye ni muuguzi aliyesajiliwa. ,She is a registered nurse. ,Hon är sjuksköterska. ,She's a nurse. ,Siya ay rehistradong nars. ,She is a registered nurse. ,Вай ҳамшираи бақайдгирифташуда мебошад. ,She is a registered nurse. ,அவள் பதிவுசெய்யப்பட்ட நர்ஸ். ,She is a registered nurse. 
She is a salesman.,هوءَ وڪڻڻ واري آهي. ,She's a seller. ,ඇය විකුණුම්කරුවෙකි. ,She is a salesperson. ,Je predavačka. ,She is a saleswoman. ,Je prodajalka. ,She's a saleswoman. ,Iyadu waa iibiye. ,She is a seller. ,Ella es vendedora. ,She is a salesperson. ,Anjeunna salesman. ,He is a salesman. ,Yeye ni muuzaji. ,He is a salesman. ,Hon är säljare. ,She's a saleswoman. ,Salesman siya. ,He is a salesman. ,Вай фурӯшанда аст. ,She is a saleswoman. ,அவள் ஒரு விற்பனையாளர். ,She is a salesperson. 
She is a salesperson.,هوءَ فروش عورت آهي. ,She is a saleswoman. ,ඇය විකුණුම්කරුවෙකි. ,She is a salesperson. ,Je predavačka. ,She is a saleswoman. ,Je prodajalka. ,She's a saleswoman. ,Iyadu waa iibiye. ,She is a seller. ,Ella es vendedora. ,She is a salesperson. ,Anjeunna salesperson. ,He is a salesperson. ,Yeye ni muuzaji. ,He is a salesman. ,Hon är säljare. ,She's a saleswoman. ,Siya ay isang salesperson. ,He is a salesperson. ,Вай фурӯшанда аст. ,She is a saleswoman. ,அவள் ஒரு விற்பனையாளர். ,She is a salesperson. 
She is a scientist.,هوءَ سائنسدان آهي. ,She is a scientist. ,ඇය විද්‍යා ist වරියකි. ,She is a scientist. ,Je vedkyňa. ,She is a scientist. ,Ona je znanstvenica. ,She is a scientist. ,Iyadu waa saynisyahan. ,She is a scientist. ,Ella es una científica. ,She is a scientist. ,Anjeunna élmuwan. ,He is a scientist. ,Yeye ni mwanasayansi. ,He is a scientist. ,Hon är forskare. ,She is a researcher. ,Siyentista siya. ,He is a scientist. ,Вай олим аст. ,She is a scientist. ,அவள் ஒரு விஞ்ஞானி. ,She is a scientist. 
She is a sea captain.,هوءَ سمنڊ جي ڪپتان آهي. ,She is the captain of the sea. ,ඇය මුහුදු කපිතාන්වරයෙකි. ,She is a sea captain. ,Je námornou kapitánkou. ,She's a sea captain. ,Ona je morski kapitan. ,She is a sea captain. ,Iyadu waa kabtan baddeed. ,She is a sea captain. ,Ella es un capitán de barco. ,She is a ship captain. ,Anjeunna kaptén laut. ,He is the captain of the sea. ,Yeye ni nahodha wa bahari. ,He is the captain of the sea. ,Hon är sjökapten. ,She's a sea captain. ,Siya ay isang kapitan sa dagat. ,He was a captain at sea. ,Вай капитани баҳр аст. ,He is the captain of the sea. ,அவள் கடல் கேப்டன். ,She is the captain of the sea. 
She is a secretary.,هوءَ سيڪريٽري آهي. ,She's the secretary. ,ඇය ලේකම්වරියකි. ,She is a secretary. ,Ona je sekretárka. ,She is a secretary. ,Je tajnica. ,She's a secretary. ,Iyadu waa xoghaye. ,She is a secretary. ,Ella es una secretaria. ,She is a secretary. ,Anjeunna sekretaris. ,He is the secretary. ,Yeye ni katibu. ,He is the secretary. ,Hon är en sekreterare. ,She's a secretary. ,Sekretaryo siya. ,He is the secretary. ,Вай котиб аст. ,She is a secretary. ,அவள் ஒரு செயலாளர். ,She is a secretary. 
She is a singer.,هوء ڳائڻي آهي. ,She is the singer ,ඇය ගායිකාවක්. ,She is a singer. ,Ona je speváčka. ,She is singer. ,Ona je pevka. ,She is a singer. ,Iyadu waa heesaa. ,She sings. ,Ella es una cantante. ,She is a singer. ,Anjeunna penyanyi. ,He is a singer. ,Yeye ni mwimbaji. ,She is a singer. ,Hon är en sångerska. ,She is a singer. ,Siya ay isang mang-aawit. ,She is a singer. ,Вай сароянда аст. ,She is a singer. ,அவள் ஒரு பாடகி. ,She is a singer. 
She is a solicitor.,هوءَ هڪ وڪيل ڇوڪري آهي. ,She is a lawyer girl ,ඇය සොලිසිටර්වරියකි. ,She is a solicitor. ,Je advokátkou. ,She is a lawyer. ,Je odvetnica. ,She's a lawyer. ,Iyadu waa garyaqaan. ,She is a lawyer. ,Ella es abogada. ,She is a lawyer. ,Anjeunna pangacara. ,He is a lawyer. ,Yeye ni wakili. ,He is a lawyer. ,Hon är advokat. ,She's a lawyer. ,Siya ay isang abogado. ,He is a lawyer. ,Вай адвокат аст. ,She is a lawyer. ,அவள் ஒரு வழக்குரைஞர். ,She is a lawyer. 
She is a speech pathologist.,هوءَ تقرير جي بيماري جو ماهر آهي. ,She is a speech therapist. ,ඇය කථන ව්‍යාධි විද්‍යා .යෙකි. ,She is a speech pathologist. ,Je rečovou patologičkou. ,She is a speech pathologist. ,Je logopedinja. ,She is a speech therapist. ,Iyadu waa khabiir ku takhasustay hadalka. ,She is an expert in speech. ,Ella es patóloga del habla. ,She is a speech pathologist. ,Anjeunna ahli patologis biantara. ,He is a speech pathologist. ,Yeye ni mtaalam wa magonjwa ya hotuba. ,He is a speech therapist. ,Hon är en talpatolog. ,She's a speech pathologist. ,Siya ay isang speech pathologist. ,He is a speech pathologist. ,Вай дефектолог аст. ,She is a speech pathologist. ,அவள் பேச்சு நோயியல் நிபுணர். ,She is a speech pathologist. 
She is a speech-language pathologist.,هوءَ تقرير-ٻولي جي ماھر ڊاڪٽر آھي. ,She is a speech-language therapist. ,ඇය කථන භාෂා ව්‍යාධි විද්‍යා .යෙකි. ,She is an oral linguist. ,Je patologičkou reči a jazyka. ,She is a pathologist of speech and language. ,Je patologinja za govorni jezik. ,She is a pathologist for spoken language. ,Iyadu waa khabiir ku takhasusay luqadda hadalka. ,She is a linguist. ,Ella es patóloga del habla y el lenguaje. ,She is a speech and language pathologist. ,Anjeunna ahli patologis bahasa-biantara. ,He is a pathologist of language-speech. ,Yeye ni mtaalam wa magonjwa ya lugha ya hotuba. ,He is a speech therapist. ,Hon är en talspråkig patolog. ,She is a speech pathologist. ,Siya ay isang pathologist sa pagsasalita ng wika. ,He is a pathologist in language speaking. ,Вай патологи логопед аст. ,She is a speech therapist. ,அவள் பேச்சு மொழி நோயியல் நிபுணர். ,She is a spoken language pathologist. 
She is a statistician.,هوء هڪ شمارياتي شخص آهي. ,She is a statistician. ,ඇය සංඛ්‍යාලේඛන ශිල්පිනියකි. ,She is a statistician. ,Je štatistička. ,She is a statistician. ,Je statističarka. ,She is a statistician. ,Iyadu waa tirokoob. ,She is a statistician. ,Ella es estadística. ,She is a statistician. ,Anjeunna ahli statistik. ,He is a statistician. ,Yeye ni mtaalam wa takwimu. ,He is a statistician. ,Hon är statistiker. ,She's a statistician. ,Siya ay isang istatistika. ,He is a statistician. ,Вай як омор аст. ,She is a statistician. ,அவள் ஒரு புள்ளிவிவர நிபுணர். ,She is a statistician. 
She is a surveyor.,هوءَ سرويئر آهي. ,She is the surveyor. ,ඇය මිනින්දෝරුවෙකි. ,She is a surveyor. ,Je geodetkou. ,She is a surveyor. ,Je geodeta. ,She is a surveyor. ,Iyadu waa sahan. ,She is a surveyor. ,Ella es topógrafo. ,She is a surveyor. ,Anjeunna juru ukur. ,He is a surveyor. ,Yeye ni mpimaji. ,He is a tester. ,Hon är en lantmätare. ,She's a surveyor. ,Isa siyang surveyor. ,He is a surveyor. ,Вай геодезист аст. ,He is a surveyor. ,அவள் ஒரு சர்வேயர். ,She is a surveyor. 
She is a therapist.,هوءَ هڪ معالج آهي. ,She is a therapist. ,ඇය චිකිත්සකවරියකි. ,She is a therapist. ,Je terapeutka. ,She is a therapist. ,Je terapevtka. ,She is a therapist. ,Iyadu waa daaweeye. ,She is a therapist. ,Ella es terapeuta. ,She is a therapist. ,Anjeunna therapist a. ,He is a therapist. ,Yeye ni mtaalamu. ,She is a professional. ,Hon är en terapeut. ,She's a therapist. ,Therapist siya. ,He is a therapist. ,Вай терапевт аст. ,She is a therapist. ,அவள் ஒரு சிகிச்சையாளர். ,She is a therapist. 
She is an undertaker.,هوء هڪ ترديد ڪندڙ آهي. ,She is an abuser. ,ඇය භාරකාරියකි. ,She is a trustee. ,Je pohrebná. ,She's funeral. ,Je pogrebnica. ,It's a funeral home. ,Iyadu waa shaqo-bixiye. ,She is an employer. ,Ella es una funeraria. ,She is a funeral home. ,Anjeunna ahli usaha. ,He is a business expert. ,Yeye ni mzikaji. ,He is the undertaker. ,Hon är en begravningsman. ,She's a funeral director. ,Siya ay isang undertaker. ,He is an undertaker. ,Вай undertaker аст. ,She is an undertaker. ,அவள் ஒரு வேலை செய்பவள். ,She is a workaholic. 
She is an urban planner.,هوءَ شهري منصوبابندي آهي. ,She is an urban planner. ,ඇය නාගරික සැලසුම්කරුවෙකි. ,She is an urban planner. ,Je urbanistkou. ,She is an urban planner. ,Je urbanistka. ,She is an urban planner. ,Iyadu waa qorsheeye magaalo. ,She is a city planner. ,Ella es una planificadora urbana. ,She is an urban planner. ,Anjeunna mangrupikeun perencana kota. ,He is a city planner. ,Yeye ni mpangaji wa mijini. ,He is an urban planner. ,Hon är en stadsplanerare. ,She's a city planner. ,Siya ay isang tagaplano ng lunsod. ,He is a city planner. ,Вай банақшагири шаҳр аст. ,She is a city planner. ,அவர் ஒரு நகர்ப்புற திட்டமிடுபவர். ,He is an urban planner. 
She is a videographer.,هوءَ هڪ ويڊيو گرافر آهي. ,She is a videographer. ,ඇය වීඩියෝ ග්‍රාහකයෙකි. ,She is a video receiver. ,Je kameramankou. ,She is a cameraman. ,Je snemalec. ,He is a cameraman. ,Waxay tahay sawir qaade. ,She is a photographer. ,Ella es camarógrafa. ,She is a cameraman. ,Anjeunna ahli pidéo. ,He is a video expert. ,Yeye ni mpiga picha wa video. ,He is a videographer. ,Hon är en videograf. ,She's a videographer. ,Siya ay isang videographer. ,He is a videographer. ,Вай видеограф аст. ,She is a videographer. ,அவள் வீடியோகிராஃபர். ,She is a videographer. 
She is a virologist.,هوءَ وائرلوجسٽ آهي. ,She is a virologist. ,ඇය වෛරස් විද්‍යා .යෙකි. ,She is a virologist. ,Je virológkou. ,She is a virologist. ,Je virologinja. ,She is a virologist. ,Iyadu waa khabiir ku takhasusay cilmiga virologist. ,She is a specialist in virology. ,Ella es viróloga. ,She is a virologist. ,Anjeunna ahli virologi. ,He is a virologist. ,Yeye ni mtaalam wa virolojia. ,He is a virologist. ,Hon är en virolog. ,She's a virologist. ,Siya ay isang virologist. ,He is a virologist. ,Вай вирусолог аст. ,She is a virologist. ,அவள் ஒரு வைராலஜிஸ்ட். ,She is a virologist. 
She is a visual artist.,هوءَ هڪ تصويري مصور آهي. ,She is a portrait artist. ,ඇය දෘශ්‍ය කලාකරුවෙකි. ,She is a visual artist. ,Je vizuálna umelkyňa. ,She is a visual artist. ,Je vizualna umetnica. ,She is a visual artist. ,Iyadu waa artiste muuqaal ah. ,She is a visual artiste. ,Ella es una artista visual. ,She is a visual artist. ,Anjeunna mangrupikeun seniman visual. ,He is a visual artist. ,Yeye ni msanii wa kuona. ,He is a visual artist. ,Hon är en bildkonstnär. ,She is a visual artist. ,Siya ay isang visual artist. ,He is a visual artist. ,Вай рассоми визуалӣ аст. ,She is a visual artist. ,அவர் ஒரு காட்சி கலைஞர். ,He is a visual artist. 
She is a waiter.,هوءَ ويٽر آهي. ,She is the waiter ,ඇය වේටර්වරියකි. ,She is a waitress. ,Je čašníčka. ,She is a waitress. ,Natakarica je. ,She's a waitress. ,Iyadu waa adeege. ,She is a servant. ,Ella es camarera. ,She is a waitress. ,Anjeunna palayan. ,He is a waiter. ,Yeye ni mhudumu. ,She is a waitress. ,Hon är en servitör. ,She's a waiter. ,Siya ay isang waiter. ,She is a waiter. ,Вай пешхизмат аст. ,She is a waitress. ,அவள் ஒரு பணியாளர். ,She is an employee. 
She is a web designer.,هوءَ ويب ڊزائنر آهي. ,She is a web designer. ,ඇය වෙබ් නිර්මාණකරුවෙකි. ,She is a web designer. ,Je webdizajnérka. ,She is a web designer. ,Je spletna oblikovalka. ,She is a web designer. ,Iyadu waa naqshadeeye web. ,She is a web designer. ,Ella es diseñadora web. ,She is a web designer. ,Anjeunna mangrupikeun desainer wéb. ,He is a web designer. ,Yeye ni mbuni wa wavuti. ,He is a web designer. ,Hon är webbdesigner. ,She is a web designer. ,Siya ay isang taga-disenyo ng web. ,He is a web designer. ,Вай дизайнери веб аст. ,She is a web designer. ,அவர் ஒரு வலை வடிவமைப்பாளர். ,He is a web designer. 
She is a web developer.,هوءَ ويب ڊولپر آهي. ,She is a web developer. ,ඇය වෙබ් සංවර්ධකයෙකි. ,She is a web developer. ,Je webová vývojárka. ,She is a web developer. ,Je spletna razvijalka. ,She is a web developer. ,Iyadu waa horumariyaha webka. ,She is a web developer. ,Ella es una desarrolladora web. ,She is a web developer. ,Anjeunna mangrupikeun pamekar wéb. ,He is a web developer. ,Yeye ni msanidi programu wa wavuti. ,He is a web developer. ,Hon är webbutvecklare. ,She is a web developer. ,Siya ay isang developer ng web. ,He is a web developer. ,Вай таҳиягари веб мебошад. ,She is a web developer. ,அவர் ஒரு வலை டெவலப்பர். ,He is a web developer. 
She is a zoologist.,هوءَ زولاجيجسٽ آهي. ,She is a zoologist. ,ඇය සත්ව විද්‍යා ist වරියකි. ,She is a zoologist. ,Je zoologička. ,She is a zoologist. ,Je zoologinja. ,She is a zoologist. ,Iyadu waa aqoonyahan cilmiga xayawaanka. ,She is a zoologist. ,Ella es zoóloga. ,She is a zoologist. ,Anjeunna ahli Zoologi. ,He is a zoologist. ,Yeye ni mtaalam wa wanyama. ,He is an animal expert. ,Hon är en zoolog. ,She's a zoologist. ,Siya ay isang zoologist. ,He is a zoologist. ,Вай зоолог аст. ,She is a zoologist. ,அவள் விலங்கியல் நிபுணர். ,She is a zoologist. 
