original,En2Afrikaans,Afrikaans2En,En2Albanian,Albanian2En,En2Amharic,Amharic2En,En2Arabic,Arabic2En,En2Armenian,Armenian2En,En2Azerbaijani,Azerbaijani2En,En2Basque,Basque2En,En2Belarusian,Belarusian2En,En2Bengali,Bengali2En,En2Bosnian,Bosnian2En,En2Bulgarian,Bulgarian2En
She is an advocate.,Sy is 'n advokaat. ,She's a lawyer. ,Ajo është avokate. ,She is a lawyer. ,ተሟጋች ናት ፡፡ ,She is an advocate. ,هي مناصرة. ,She is an advocate. ,Նա փաստաբան է: ,He is a lawyer. ,O vəkildir. ,He is a lawyer. ,Abokatua da. ,He is a lawyer. ,Яна абаронца. ,She is a defender. ,তিনি একজন অ্যাডভোকেট। ,He is an advocate. ,Ona je advokat. ,She is a lawyer. ,Тя е адвокат. ,She is a lawyer. 
She is an agriculturist.,Sy is 'n landboukundige. ,She is an agriculturist. ,Ajo është një bujqësore. ,It is an agricultural. ,እርሷ የግብርና ባለሙያ ናት ፡፡ ,She is an agronomist. ,هي زراعيّة. ,It is agricultural. ,Նա գյուղատնտես է: ,He is an agriculturist. ,"O, kənd təsərrüfatı mütəxəssisidir. ",He is an agricultural specialist. ,Nekazaria da. ,He is a farmer. ,Яна сельская гаспадарка. ,She is farming. ,তিনি একজন কৃষিবিদ। ,He is an agriculturist. ,Ona je poljoprivrednica. ,She is a farmer. ,Тя е земеделец. ,She is a farmer. 
She is an aircraft pilot.,Sy is 'n vliegtuigvlieënier. ,She's an airplane pilot. ,Ajo është një pilot avioni. ,She is an airplane pilot. ,እሷ የአውሮፕላን አብራሪ ነች ፡፡ ,She is a pilot. ,هي طيار طائرة. ,She is an airplane pilot. ,Նա ինքնաթիռի օդաչու է: ,He is a pilot. ,Təyyarə pilotudur. ,He is a pilot. ,Hegazkin pilotua da. ,He is a pilot. ,Яна - пілот самалёта. ,She is an airplane pilot. ,তিনি একজন বিমানের পাইলট। ,He is an aircraft pilot. ,Ona je pilot aviona. ,She is an airplane pilot. ,Тя е пилот на самолет. ,She is an airplane pilot. 
She is an artist.,Sy is 'n kunstenaar. ,She's an artist. ,Ajo është një artiste. ,She is an artist. ,አርቲስት ናት ፡፡ ,She is an artist. ,هي فنانة. ,She is an artist. ,Նա նկարչուհի է: ,She is an artist. ,O bir sənətkardır. ,He is an artist. ,Artista da. ,He is an artist. ,Яна мастак. ,She is an artist. ,সে একজন শিল্পী. ,He is an artist. ,Ona je umjetnica. ,She is an artist. ,Тя е художник. ,She is an artist. 
She is an astronomer.,Sy is 'n sterrekundige. ,She's an astronomer. ,Ajo është një astronom. ,She is an astronomer. ,የሥነ ፈለክ ተመራማሪ ናት ፡፡ ,She is an astronomer. ,هي عالمة فلك. ,She is an astronomer. ,Նա աստղագետ է: ,He is an astronomer. ,"O, astronomdur. ",He is an astronomer. ,Astronomoa da. ,He is an astronomer. ,Яна - астраном. ,She is an astronomer. ,তিনি একজন জ্যোতির্বিদ। ,He is an astronomer. ,Ona je astronom. ,She is an astronomer. ,Тя е астроном. ,She is an astronomer. 
She is an attorney.,Sy is 'n prokureur. ,She's a lawyer. ,Ajo është avokate. ,She is a lawyer. ,ጠበቃ ናት ፡፡ ,She is a lawyer. ,هي محامية. ,She is a lawyer. ,Նա փաստաբան է: ,He is a lawyer. ,O vəkildir. ,He is a lawyer. ,Abokatua da. ,He is a lawyer. ,Яна адвакат. ,She is a lawyer. ,তিনি একজন অ্যাটর্নি। ,He is an attorney. ,Ona je advokat. ,She is a lawyer. ,Тя е адвокат. ,She is a lawyer. 
She is an audiologist.,Sy is 'n oudioloog. ,She's an audiologist. ,Ajo është audiologe. ,She is an audiologist. ,የኦዲዮሎጂ ባለሙያ ነች ፡፡ ,She is an audiologist. ,هي أخصائية سمعيات. ,She is an audiologist. ,Նա աուդիոլոգ է: ,He is an audiologist. ,"O, bir audioloqdur. ",He is an audiologist. ,Audiologoa da. ,He is an audiologist. ,Яна - аўдыёлаг. ,She is an audiologist. ,তিনি একজন অডিওলজিস্ট। ,He is an audiologist. ,Ona je audiolog. ,She is an audiologist. ,Тя е аудиолог. ,She is an audiologist. 
She is a banker.,Sy is 'n bankier. ,She's a banker. ,Ajo është bankiere. ,She is a banker. ,እሷ የባንክ ባለሙያ ናት ፡፡ ,She is a banker. ,هي تعمل في البنوك. ,She works in banks. ,Նա բանկիր է: ,He is a banker. ,Bankir. ,Banker. ,Bankaria da. ,He is a banker. ,Яна банкір. ,She is a banker. ,তিনি একজন ব্যাংকার। ,He is a banker. ,Ona je bankar. ,She is a banker. ,Тя е банкер. ,She is a banker. 
She is a barber.,Sy is 'n barbier. ,She's a barber. ,Ajo është berber. ,She is a barber. ,እሷ ፀጉር አስተካካይ ናት ፡፡ ,She is a hairdresser. ,هي حلاق. ,She is a stylist. ,Նա վարսավիր է: ,She is a hairdresser. ,Bərbərdir. ,She is a hairdresser. ,Bizargina da. ,She is a barber. ,Яна цырульнік. ,She is a barber. ,তিনি নাপিত ,He is a barber ,Ona je brijač. ,She's a barber. ,Тя е бръснар. ,She is a barber. 
She is a bartender.,Sy is 'n kroegman. ,She's a bartender. ,Ajo është një banakiere. ,She is a bartender. ,እሷ ቡና ቤት አሳላፊ ናት ፡፡ ,She is a bartender. ,هي نادل. ,She is a waiter. ,Նա բարմեն է: ,He is a bartender. ,Barmendir. ,He is a bartender. ,Tabernaria da. ,He is a bartender. ,Яна - бармэн. ,She is a bartender. ,তিনি একজন বারটেন্ডার। ,He is a bartender. ,Ona je barmen. ,She's a bartender. ,Тя е барман. ,She is a bartender. 
She is a biologist.,Sy is 'n bioloog. ,She's a biologist. ,Ajo është biologe. ,She is a biologist. ,የባዮሎጂ ባለሙያ ነች ፡፡ ,She is a biologist. ,هي عالمة أحياء. ,She is a biologist. ,Նա կենսաբան է: ,He is a biologist. ,Bioloqdur. ,He is a biologist. ,Biologoa da. ,He is a biologist. ,Яна біёлаг. ,She is a biologist. ,তিনি একজন জীববিজ্ঞানী। ,He is a scientist. ,Ona je biolog. ,She is a biologist. ,Тя е биолог. ,She is a biologist. 
She is a bookkeeper.,Sy is 'n boekhouer. ,She is a bookkeeper. ,Ajo është një llogaritare. ,She is an accountant. ,እሷ የመፅሀፍ ባለሙያ ነች ፡፡ ,She is a librarian. ,هي محاسبه. ,She is accountable. ,Նա հաշվապահ է: ,He is an accountant. ,"O, mühasibdir. ",He is an accountant. ,Liburutegia da. ,It’s the library. ,Яна - бухгалтар. ,She is an accountant. ,তিনি একজন বইকিপার। ,He is a bookkeeper. ,Ona je knjigovođa. ,She is an accountant. ,Тя е счетоводител. ,She is an accountant. 
She is a botanist.,Sy is 'n plantkundige. ,She is a botanist. ,Ajo është një botaniste. ,She is a botanist. ,እሷ የእጽዋት ተመራማሪ ናት ፡፡ ,She is a botanist. ,هي عالمة نبات. ,She is a botanist. ,Նա բուսաբան է: ,He is a botanist. ,"O, bir botanikdir. ",He is a botanist. ,Botanikoa da. ,It is botanical. ,Яна батанік. ,She is a botanist. ,তিনি একজন উদ্ভিদবিদ। ,He is a botanist. ,Ona je botaničar. ,She is a botanist. ,Тя е ботаник. ,She is a botanist. 
She is a builder.,Sy is 'n bouer. ,She is a builder. ,Ajo është ndërtuese. ,She is a builder. ,እሷ ግንበኛ ነች ፡፡ ,She is a builder. ,هي بانية. ,She is a builder. ,Նա շինարար է: ,He is a builder. ,"O, bir inşaatçıdır. ",He is a builder. ,Eraikitzailea da. ,He is a builder. ,Яна - будаўнік. ,She is a builder. ,তিনি একজন নির্মাতা। ,He is a creator. ,Ona je graditelj. ,She is a builder. ,Тя е строител. ,She is a builder. 
She is a businessperson.,Sy is 'n sakepersoon. ,She's a business person. ,Ajo është një biznesmen. ,She is a businessman. ,ነጋዴ ነች ፡፡ ,She is a merchant. ,هي سيدة أعمال. ,She is a business woman. ,Նա գործարար է: ,He is a businessman. ,"O, bir iş adamıdır. ",He is a businessman. ,Enpresaria da. ,She is an entrepreneur. ,Яна бізнесмен. ,She is a businessman. ,তিনি একজন ব্যবসায়ী। ,He is a businessman. ,Ona je poslovni čovjek. ,She is a businessman. ,Тя е бизнесмен. ,She is a businessman. 
She is a butcher.,Sy is 'n slagter. ,She's a butcher. ,Ajo është një kasap. ,She is a butcher. ,እርሷ እርባታ ነች ፡፡ ,She is a breeder. ,هي جزارة. ,She is a butcher. ,Նա մսագործ է: ,He is a butcher. ,Qəssabdır. ,He is a butcher. ,Harategia da. ,It's a butcher. ,Яна мяснік. ,She is a butcher. ,তিনি কসাই। ,He is a butcher. ,Ona je mesar. ,She is a butcher. ,Тя е месар. ,She is a butcher. 
She is a carpenter.,Sy is 'n skrynwerker. ,She's a carpenter. ,Ajo është një marangoz. ,She is a carpenter. ,አናጺ ናት ፡፡ ,She is a carpenter. ,هي نجارة. ,She is carpentry. ,Նա հյուսն է: ,He is a carpenter. ,Dülgərdir. ,He is a carpenter. ,Arotza da. ,He is a carpenter. ,Яна - цесляр. ,She is a carpenter. ,তিনি একজন ছুতার। ,He is a carpenter. ,Ona je stolar. ,She is a carpenter. ,Тя е дърводелец. ,She is a carpenter. 
She is a cashier.,Sy is 'n kassier. ,She's a cashier. ,Ajo është një arkëtare. ,She is a cashier. ,ገንዘብ ተቀባይ ናት ፡፡ ,She is a cashier. ,هي صراف. ,She is a cashier. ,Նա գանձապահ է: ,He is a treasurer. ,Kassirdir. ,He is a cashier. ,Kutxazaina da. ,He is an ATM. ,Яна касір. ,She is a cashier. ,তিনি একজন ক্যাশিয়ার। ,He is a cashier. ,Ona je blagajnica. ,She's the cashier. ,Тя е касиер. ,She is a cashier. 
She is a chef.,Sy is 'n sjef. ,She's a chef. ,Ajo është kuzhiniere. ,She is a cook. ,እርሷ aፍ ነች ፡፡ ,She is crazy. ,هي طاهية. ,She is a chef. ,Նա խոհարար է: ,She is a cook. ,"O, aşbazdır. ",He is a chef. ,Sukaldaria da. ,He is a cook. ,Яна - повар. ,She is a cook. ,তিনি একটি শেফ। ,He is a chef. ,Ona je kuhar. ,She's a chef. ,Тя е готвач. ,She is a cook. 
She is a chemist.,Sy is 'n chemikus. ,She's a chemist. ,Ajo është kimiste. ,She is a chemist. ,እሷ ኬሚስት ናት ፡፡ ,She is a chemist. ,هي كيميائية. ,She is chemical. ,Նա քիմիկոս է: ,He is a chemist. ,O kimyaçıdır. ,He is a chemist. ,Kimikaria da. ,He is a chemist. ,Яна хімік. ,She is a chemist. ,তিনি একজন রসায়নবিদ। ,He is a chemist. ,Ona je kemičarka. ,She's a chemist. ,Тя е химик. ,She is a chemist. 
She is a clergy advisor.,Sy is 'n geestelike adviseur. ,She is a spiritual advisor. ,Ajo është këshilltare e klerit. ,She is a clergy counselor. ,የሃይማኖት አባቶች አማካሪ ነች ፡፡ ,She is a counselor to the Fathers. ,هي مستشارة رجال دين. ,She is a religious advisor. ,Նա հոգևորականության խորհրդական է: ,He is a counselor in psychiatry. ,Ruhani məsləhətçisidir. ,He is a spiritual counselor. ,Elizgintzako aholkularia da. ,He is a clergy consultant. ,Яна - дарадца духавенства. ,She is a counselor to the clergy. ,তিনি একজন যাজক পরামর্শদাতা। ,He is a pastor counselor. ,Savetnica je sveštenstva. ,She is an advisor to the clergy. ,Тя е духовен съветник. ,She is a spiritual counselor. 
She is a clinical lab technician.,Sy is 'n kliniese laboratoriumtegnikus. ,She is a clinical laboratory technician. ,Ajo është teknike e laboratorit klinik. ,She is a clinical laboratory technician. ,እሷ ክሊኒካዊ የላብራቶሪ ቴክኒሽያን ናት ፡፡ ,She is a clinical laboratory technician. ,هي فني مختبر طبي. ,She is a medical lab technician. ,Նա կլինիկական լաբորատորիայի տեխնիկ է: ,He is a clinical laboratory technician. ,Klinik laboratoriya texnikidir. ,He is a clinical laboratory technician. ,Laborategi klinikoko teknikaria da. ,He is a clinical laboratory technician. ,Яна клінічны лабарант. ,She is a clinical laboratory assistant. ,তিনি একজন ক্লিনিকাল ল্যাব টেকনিশিয়ান। ,He is a clinical lab technician. ,Ona je klinički laboratorijski tehničar. ,She is a clinical laboratory technician. ,Тя е клиничен лаборант. ,She is a clinical laboratory assistant. 
She is a coach.,Sy is 'n afrigter. ,She's a coach. ,Ajo është një trajner. ,She is a coach. ,እሷ አሰልጣኝ ናት ፡፡ ,She is a coach. ,هي مدربة. ,She is trained. ,Նա մարզիչ է: ,He is a coach. ,Məşqçidir. ,He is a coach. ,Entrenatzailea da. ,He is a coach. ,Яна трэнер. ,She is a coach. ,তিনি একজন কোচ। ,He is a coach. ,Ona je trener. ,She's a coach. ,Тя е треньор. ,She is a coach. 
She is a developer.,Sy is 'n ontwikkelaar. ,She is a developer. ,Ajo është një zhvilluese. ,She is a developer. ,እሷ ገንቢ ነች ፡፡ ,She is constructive. ,هي مطورة. ,It is upgraded. ,Նա մշակող է: ,He is a developer. ,"O, bir geliştiricidir. ",He is a developer. ,Garatzailea da. ,He is a developer. ,Яна распрацоўшчык. ,She is a developer. ,তিনি একজন বিকাশকারী। ,He is a developer. ,Ona je programer. ,She is a programmer. ,Тя е разработчик. ,She is a developer. 
She is a dietitian.,Sy is 'n dieetkundige. ,She is a dietitian. ,Ajo është një dietologe. ,She is a nutritionist. ,እሷ የአመጋገብ ባለሙያ ናት ፡፡ ,She is a dietitian. ,هي اخصائية تغذية. ,She is a dietitian. ,Նա դիետոլոգ է: ,He is a nutritionist. ,Diyetoloqdur. ,He is a nutritionist. ,Dietista da. ,He is a dietitian. ,Яна дыетолаг. ,She is a nutritionist. ,তিনি ডায়েটিশিয়ান। ,He is a dietitian. ,Ona je dijetetičarka. ,She is a dietitian. ,Тя е диетолог. ,She is a nutritionist. 
She is an ecologist.,Sy is 'n ekoloog. ,She is an ecologist. ,Ajo është ekologe. ,She is an ecologist. ,እሷ የስነምህዳር ባለሙያ ነች ፡፡ ,She is an ecologist. ,هي عالمة بيئة. ,She is an environmental scientist. ,Նա բնապահպան է: ,He is an environmentalist. ,Ekoloqdur. ,He is an ecologist. ,Ekologista da. ,He is an ecologist. ,Яна - эколаг. ,She is an ecologist. ,তিনি একজন বাস্তুবিদ। ,He is an ecologist. ,Ona je ekolog. ,She is an ecologist. ,Тя е еколог. ,She is an ecologist. 
She is an editor.,Sy is 'n redakteur. ,She is an editor. ,Ajo është redaktore. ,She is an editor. ,እርሷ አርታኢ ናት ፡፡ ,She is the editor. ,هي محررة. ,She is edited. ,Նա խմբագիր է: ,He is an editor. ,Redaktordur. ,He is an editor. ,Editorea da. ,He is the editor. ,Яна рэдактар. ,She is an editor. ,তিনি সম্পাদক। ,He is the editor. ,Urednica je. ,She's an editor. ,Тя е редактор. ,She is an editor. 
She is an electrician.,Sy is 'n elektrisiën. ,She's an electrician. ,Ajo është elektriciste. ,She is an electrician. ,ኤሌክትሪክ ባለሙያ ናት ፡፡ ,She is an electrician. ,هي كهربائي. ,She is an electrician. ,Նա էլեկտրիկ է: ,He is an electrician. ,Elektrikçidir. ,He is an electrician. ,Elektrizista da. ,He is an electrician. ,Яна электрык. ,She is an electrician. ,তিনি একজন বৈদ্যুতিনবিদ। ,He is an electron. ,Ona je električar. ,She is an electrician. ,Тя е електротехник. ,She is an electrician. 
She is an EMT specialist.,Sy is 'n EMT-spesialis. ,She is an EMT specialist. ,Ajo është një specialist EMT. ,She is an EMT specialist. ,እሷ የ EMT ባለሙያ ነች ፡፡ ,She is an EMT professional. ,هي متخصصة في EMT. ,She is an EMT specialist. ,Նա EMT մասնագետ է: ,She is an EMT specialist. ,EMT mütəxəssisidir. ,He is an EMT specialist. ,EMT espezialista da. ,EMT is a specialist. ,Яна - спецыяліст па ЭМТ. ,She is an EMT specialist. ,তিনি একজন ইএমটি বিশেষজ্ঞ। ,He is an EMT specialist. ,Ona je EMT specijalista. ,She is an EMT specialist. ,Тя е специалист по ЕМТ. ,She is an EMT specialist. 
She is a farmer.,Sy is 'n boer. ,She is a farmer. ,Ajo është një fermer. ,She is a farmer. ,እርሷ ገበሬ ናት ፡፡ ,She is a farmer. ,هي مزارعة. ,She is a farmer. ,Նա հողագործ է: ,He is a farmer. ,Fermerdir. ,He is a farmer. ,Nekazaria da. ,He is a farmer. ,Яна фермер. ,She is a farmer. ,তিনি একজন কৃষক। ,He is a farmer. ,Ona je poljoprivrednica. ,She is a farmer. ,Тя е фермер. ,She is a farmer. 
She is a filmmaker.,Sy is 'n filmmaker. ,She is a filmmaker. ,Ajo është një kineast. ,She is a filmmaker. ,እሷ የፊልም ባለሙያ ነች ፡፡ ,She is a filmmaker. ,هي مخرجة أفلام. ,She is a filmmaker. ,Նա կինոգործիչ է: ,He is a filmmaker. ,"O, bir rejissordur. ",He is a director. ,Zinemagilea da. ,He is a filmmaker. ,Яна - рэжысёр. ,She is a director. ,তিনি একজন চলচ্চিত্র নির্মাতা। ,He is a filmmaker. ,Ona je filmaš. ,She is a filmmaker. ,Тя е режисьор. ,She is a director. 
She is a firefighter.,Sy is 'n brandweerman. ,She's a firefighter. ,Ajo është një zjarrfikëse. ,She is a firefighter. ,እሷ የእሳት አደጋ ተከላካይ ናት ፡፡ ,She is a firefighter. ,هي اطفاء. ,She is a firefighter. ,Նա հրշեջ է: ,He is a firefighter. ,Yanğınsöndürəndir. ,It is a fire extinguisher. ,Suhiltzailea da. ,He is a firefighter. ,Яна пажарная. ,She is a firefighter. ,সে একজন দমকলকর্মী। ,He is a firefighter. ,Ona je vatrogasac. ,She's a firefighter. ,Тя е пожарникарка. ,She is a firefighter. 
She is a fisherman.,Sy is 'n visserman. ,She's a fisherman. ,Ajo është një peshkatar. ,She is a fisherman. ,እሷ ዓሣ አጥማጅ ናት ፡፡ ,She is a fisherman. ,هي صياد. ,She is a hunter. ,Նա ձկնորս է: ,He is a fisherman. ,Balıqçıdır. ,He is a fisherman. ,Arrantzalea da. ,He is a fisherman. ,Яна - рыбак. ,She is a fisherman. ,তিনি একজন জেলে। ,He is a fisherman. ,Ona je ribar. ,She is a fisherman. ,Тя е рибар. ,She is a fisherman. 
She is a flight attendant.,Sy is 'n vlugkelner. ,She's a flight attendant. ,Ajo është një stjuardesë. ,She is a flight attendant. ,የበረራ አስተናጋጅ ነች ፡፡ ,She is a flight attendant. ,انها مضيفة طيران. ,She is a flight attendant. ,Նա բորտուղեկցորդուհի է: ,She is a flight attendant. ,"O, stüardessadır. ",She is a flight attendant. ,Hegaldi laguntzailea da. ,It’s a flight attendant. ,Яна - сцюардэса. ,She is a flight attendant. ,তিনি একটি ফ্লাইট অ্যাটেন্ডেন্ট। ,He is a flight attendant. ,Ona je stjuardesa. ,She's a flight attendant. ,Тя е стюардеса. ,She is a flight attendant. 
She is a geneticist.,Sy is 'n genetikus. ,She is a geneticist. ,Ajo është një gjenetiste. ,She is a geneticist. ,የጄኔቲክስ ተመራማሪ ናት ፡፡ ,She is a geneticist. ,هي عالمة وراثة. ,She is a geneticist. ,Նա գենետիկ է: ,He is genetic. ,Genetikdir. ,It's genetic. ,Genetista da. ,He is a geneticist. ,Яна генетык. ,She is a geneticist. ,তিনি একজন জেনেটিক বিশেষজ্ঞ। ,He is a geneticist. ,Ona je genetičar. ,She is a geneticist. ,Тя е генетик. ,She is a geneticist. 
She is a geologist.,Sy is 'n geoloog. ,She is a geologist. ,Ajo është gjeologe. ,She is a geologist. ,እሷ የጂኦሎጂ ባለሙያ ናት. ,She is a geologist. ,هي جيولوجية. ,She is geological. ,Երկրաբան է: ,He is a geologist. ,Geoloqdur. ,He is a geologist. ,Geologoa da. ,He is a geologist. ,Яна геолаг. ,She is a geologist. ,তিনি একজন ভূতত্ত্ববিদ। ,He is a geologist. ,Ona je geolog. ,She is a geologist. ,Тя е геолог. ,She is a geologist. 
She is a graphic designer.,Sy is 'n grafiese ontwerper. ,She is a graphic designer. ,Ajo është një stiliste grafike. ,She is a graphic stylist. ,እርሷ ግራፊክ ዲዛይነር ናት ፡፡ ,She is a graphic designer. ,هي مصممة جرافيك. ,She is a graphic designer. ,Նա գրաֆիկական դիզայներ է: ,He is a graphic designer. ,Qrafika dizayneri. ,Graphic designer. ,Diseinatzaile grafikoa da. ,He is a graphic designer. ,Яна графічны дызайнер. ,She is a graphic designer. ,তিনি একজন গ্রাফিক ডিজাইনার। ,He is a graphic designer. ,Grafički je dizajner. ,He is a graphic designer. ,Тя е графичен дизайнер. ,She is a graphic designer. 
She is a human resource specialist.,Sy is 'n menslike hulpbronspesialis. ,She is a human resources specialist. ,Ajo është specialiste e burimeve njerëzore. ,She is a human resources specialist. ,የሰው ኃይል ባለሙያ ነች ፡፡ ,She is a human resources professional. ,هي أخصائية موارد بشرية. ,She is a human resources specialist. ,Նա մարդկային ռեսուրսների մասնագետ է: ,He is a human resources specialist. ,İnsan resursları mütəxəssisidir. ,He is a human resources specialist. ,Giza baliabideetako espezialista da. ,He is a human resources specialist. ,Яна спецыяліст па кадрах. ,She is a HR specialist. ,তিনি একজন মানবসম্পদ বিশেষজ্ঞ। ,He is a human resource expert. ,Ona je stručnjak za ljudske resurse. ,She is a human resources expert. ,Тя е специалист по човешки ресурси. ,She is a human resources specialist. 
She is an immunologist.,Sy is 'n immunoloog. ,She's an immunologist. ,Ajo është një imunologe. ,She is an immunologist. ,የበሽታ መከላከያ ባለሙያ ነች ፡፡ ,She is an immunologist. ,هي اختصاصية مناعة. ,She is an immunologist. ,Նա իմունոլոգ է: ,He is an immunologist. ,İmmunoloqdur. ,He is an immunologist. ,Immunologoa da. ,He is an immunologist. ,Яна - імунолаг. ,She is an immunologist. ,তিনি একজন ইমিউনোলজিস্ট। ,He is an immunologist. ,Ona je imunolog. ,She's an immunologist. ,Тя е имунолог. ,She is an immunologist. 
She is an interpreters.,Sy is 'n tolk. ,She is an interpreter. ,Ajo është interpretuese. ,She is interpretive. ,እሷ አስተርጓሚዎች ናት ፡፡ ,She is an interpreter. ,هي مترجمة. ,She is translated. ,Նա թարգմանիչ է: ,He is a translator. ,Tərcüməçi. ,Translator. ,Interpreteak da. ,He is a performer. ,Яна перакладчыца. ,She is a translator. ,তিনি একটি দোভাষী। ,He is an interpreter. ,Ona je prevoditeljica. ,She is a translator. ,Тя е преводач. ,She is a translator. 
She is a jeweller.,Sy is 'n juwelier. ,She's a jeweler. ,Ajo është një argjendari. ,She is a jeweler. ,እሷ ጌጣጌጥ ናት ፡፡ ,She is a jeweler. ,هي صائغة. ,She is a jeweler. ,Նա ոսկերիչ է: ,She is a jeweler. ,O bir zərgərdir. ,He is a jeweler. ,Bitxigilea da. ,He is a jeweler. ,Яна ювелір. ,She is a jeweler. ,তিনি একজন জুয়েলারী। ,She is a jeweler. ,Ona je draguljar. ,She is a jeweler. ,Тя е бижутер. ,She is a jeweler. 
She is a lawyer.,Sy is 'n prokureur. ,She's a lawyer. ,Ajo është avokate. ,She is a lawyer. ,ጠበቃ ናት ፡፡ ,She is a lawyer. ,هي محامية. ,She is a lawyer. ,Նա իրավաբան է: ,He is a lawyer. ,O vəkildir. ,He is a lawyer. ,Abokatua da. ,He is a lawyer. ,Яна юрыст. ,She is a lawyer. ,তিনি একজন আইনজীবী. ,He is a lawyer. ,Ona je pravnica. ,She is a lawyer. ,Тя е адвокат. ,She is a lawyer. 
She is a librarian.,Sy is 'n bibliotekaris. ,She is a librarian. ,Ajo është bibliotekare. ,She is a librarian. ,የቤተ-መጻህፍት ባለሙያ ነች። ,She is a librarian. ,هي أمينة مكتبة. ,She is a librarian. ,Նա գրադարանավար է: ,He is a librarian. ,Kitabxanaçıdır. ,He is a librarian. ,Liburuzaina da. ,He is a librarian. ,Яна - бібліятэкар. ,She is a librarian. ,তিনি একজন গ্রন্থাগারিক। ,He is a librarian. ,Ona je bibliotekarka. ,She is a librarian. ,Тя е библиотекар. ,She is a librarian. 
She is a licensed practical nurse.,Sy is 'n gelisensieerde praktiese verpleegster. ,She is a licensed practical nurse. ,Ajo është një infermiere praktike e licencuar. ,She is a licensed practical nurse. ,ፈቃድ ያለው ተግባራዊ ነርስ ነች ፡፡ ,She is a licensed practical nurse. ,هي ممرضة عملية مرخصة. ,She is a licensed practical nurse. ,Նա արտոնագրված գործնական բուժքույր է: ,She is a licensed practitioner. ,Lisenziyalı praktik tibb bacısıdır. ,She is a licensed practical nurse. ,Lizentziadun erizain praktikoa da. ,She is a licensed practical nurse. ,Яна мае ліцэнзію практычнай медсястры. ,She is licensed as a practical nurse. ,তিনি একজন লাইসেন্সপ্রাপ্ত ব্যবহারিক নার্স। ,She is a licensed practical nurse. ,Licencirana je praktična medicinska sestra. ,She is a licensed practical nurse. ,Тя е лицензирана практическа медицинска сестра. ,She is a licensed practical nurse. 
She is a mechanic.,Sy is 'n werktuigkundige. ,She is a mechanic. ,Ajo është mekanike. ,It is mechanical. ,እሷ መካኒክ ናት ፡፡ ,She is a mechanic. ,هي ميكانيكي. ,She is a mechanic. ,Նա մեխանիկ է: ,He is a mechanic. ,Mexanikdir. ,It is mechanical. ,Mekanikaria da. ,He is a mechanic. ,Яна механізатар. ,She is a mechanic. ,তিনি একজন মেকানিক। ,He is a mechanic. ,Ona je mehaničar. ,She's a mechanic. ,Тя е механик. ,She is a mechanic. 
She is a medical laboratory scientist.,Sy is 'n mediese laboratoriumwetenskaplike. ,She is a medical laboratory scientist. ,Ajo është një shkencëtare e laboratorit mjekësor. ,She is a medical laboratory scientist. ,የህክምና ላብራቶሪ ሳይንቲስት ናት ፡፡ ,She is a medical laboratory scientist. ,هي عالمة مختبرات طبية. ,She is a medical laboratory scientist. ,Նա բժշկական լաբորատորիայի գիտնական է: ,He is a scientist in a medical laboratory. ,Tibbi laboratoriya alimidir. ,He is a medical laboratory scientist. ,Medikuntzako laborategiko zientzialaria da. ,He is a scientist in a medical laboratory. ,Яна - навуковец медыцынскай лабараторыі. ,She is a scientist in a medical laboratory. ,তিনি একটি চিকিত্সা পরীক্ষাগার বিজ্ঞানী। ,He is a medical laboratory scientist. ,Ona je naučnik iz medicinske laboratorije. ,She is a scientist from a medical laboratory. ,Тя е учен от медицинска лаборатория. ,She is a scientist from a medical laboratory. 
She is a meteorologist.,Sy is 'n weerkundige. ,She's a meteorologist. ,Ajo është meteorologe. ,She is a meteorologist. ,እርሷ የሜትሮሎጂ ባለሙያ ናት ፡፡ ,She is a meteorologist. ,هي عالمة أرصاد جوية. ,She is a meteorologist. ,Նա օդերեւութաբան է: ,He is a meteorologist. ,Meteoroloqdur. ,He is a meteorologist. ,Meteorologoa da. ,He is a meteorologist. ,Яна - метэаролаг. ,She is a meteorologist. ,তিনি একজন আবহাওয়াবিদ। ,He is a meteorologist. ,Ona je meteorolog. ,She's a meteorologist. ,Тя е метеоролог. ,She is a meteorologist. 
She is a midwife.,Sy is 'n vroedvrou. ,She is a midwife. ,Ajo është një mami. ,She is a mom. ,እርሷ አዋላጅ ነች ፡፡ ,She is a midwife. ,هي قابلة. ,She is a midwife. ,Նա մանկաբարձուհի է: ,She is a midwife. ,Mama. ,Mama. ,Emagina da. ,She is a midwife. ,Яна акушэрка. ,She is a midwife. ,তিনি একজন ধাত্রী। ,She is a midwife. ,Ona je babica. ,She is a midwife. ,Тя е акушерка. ,She is a midwife. 
She is a military officer.,Sy is 'n militêre offisier. ,She is a military officer. ,Ajo është një oficer ushtarak. ,She is a military officer. ,እሷ የጦር መኮንን ናት ፡፡ ,She is an army officer. ,هي ضابطة عسكرية. ,She is a military officer. ,Նա ռազմական սպա է: ,He is a military officer. ,Hərbi zabitdir. ,He is a military officer. ,Ofiziala militarra da. ,The officer is in the military. ,Яна - ваенны афіцэр. ,She is a military officer. ,তিনি একজন সামরিক কর্মকর্তা। ,He is a military officer. ,Ona je vojni oficir. ,She is a military officer. ,Тя е военен офицер. ,She is a military officer. 
She is a nutritionist.,Sy is 'n voedingkundige. ,She is a nutritionist. ,Ajo është një nutricioniste. ,She is a nutritionist. ,እርሷ የምግብ ጥናት ባለሙያ ነች ፡፡ ,She is a nutritionist. ,هي أخصائية تغذية. ,She is a dietitian. ,Նա սննդաբան է: ,He is a nutritionist. ,Diyetoloqdur. ,He is a nutritionist. ,Nutrizionista da. ,She is a nutritionist. ,Яна дыетолаг. ,She is a nutritionist. ,তিনি পুষ্টিবিদ। ,He is a nutritionist. ,Nutricionista je. ,She's a nutritionist. ,Тя е диетолог. ,She is a nutritionist. 
She is an oceanographer.,Sy is 'n oseanograaf. ,She's an oceanographer. ,Ajo është një oqeanograf. ,She is an oceanographer. ,የውቅያኖግራፊ ባለሙያ ናት ፡፡ ,She is an oceanographer. ,هي عالمة محيطات. ,She is an oceanographer. ,Նա օվկիանոսագետ է: ,He is an oceanographer. ,Okeanoqrafdır. ,He is an oceanographer. ,Ozeanografoa da. ,He is an oceanographer. ,Яна - акіянограф. ,She is an oceanographer. ,তিনি একজন সমুদ্রবিদ। ,He is an oceanographer. ,Ona je okeanograf. ,She is an oceanographer. ,Тя е океанограф. ,She is an oceanographer. 
She is an osteopath.,Sy is 'n osteopaat. ,She is an osteopath. ,Ajo është një osteopat. ,She is an osteopath. ,ኦስቲዮፓት ናት ፡፡ ,She is an osteopath. ,هي طبيبة عظام. ,She is an orthopedist. ,Նա օստեոպաթ է: ,He is an osteopath. ,"O, osteopatdır. ",He is an osteopath. ,Osteopata da. ,She is an osteopath. ,Яна - остэапат. ,She is an osteopath. ,তিনি একজন অস্টিওপ্যাথ। ,He is an osteopath. ,Ona je osteopat. ,She is an osteopath. ,Тя е остеопат. ,She is an osteopath. 
She is a painter.,Sy is 'n skilder. ,She is a painter. ,Ajo është piktore. ,She is a painter. ,እሷ ሰዓሊ ናት ፡፡ ,She is an artist. ,هي رسامة. ,She is a painter. ,Նա նկարիչ է: ,He is an artist. ,Rəssamdır. ,He is an artist. ,Margolaria da. ,He is a painter. ,Яна жывапісец. ,She is a painter. ,তিনি একজন চিত্রশিল্পী। ,He is a painter. ,Ona je slikar. ,She is a painter. ,Тя е художник. ,She is an artist. 
She is a paramedic.,Sy is 'n paramedikus. ,She's a paramedic. ,Ajo është një ndihmës medicinale. ,She is a medical assistant. ,እሷ ፓራሜዲክ ነች ፡፡ ,She is a paramedic. ,هي مسعفة. ,She is a medic. ,Նա բուժաշխատող է: ,He is a medical worker. ,Feldşerdir. ,He is a paramedic. ,Medikua da. ,He is a doctor. ,Яна фельчар. ,She is a paramedic. ,তিনি একজন প্যারামেডিক। ,He is a paramedic. ,Ona je bolničar. ,She is a paramedic. ,Тя е фелдшер. ,She is a paramedic. 
She is a pathologist.,Sy is 'n patoloog. ,She's a pathologist. ,Ajo është një patologe. ,She is a pathologist. ,እሷ የበሽታ ባለሙያ ናት ፡፡ ,She is a pathologist. ,هي أخصائية علم الأمراض. ,She is a pathologist. ,Նա պաթոլոգ է: ,He is a pathologist. ,Patoloqdur. ,He is a pathologist. ,Patologoa da. ,He is a pathologist. ,Яна - патолагаанатам. ,She is a pathologist. ,তিনি একজন রোগ বিশেষজ্ঞ। ,He is a pathologist. ,Ona je patolog. ,She is a pathologist. ,Тя е патолог. ,She is a pathologist. 
She is a pharmacologist.,Sy is 'n farmakoloog. ,She is a pharmacologist. ,Ajo është farmakologe. ,She is a pharmacologist. ,እሷ የመድኃኒት ባለሙያ ነች ፡፡ ,She is a pharmacist. ,هي صيدلانية. ,She is a pharmacist. ,Նա դեղագետ է: ,He is a pharmacist. ,Farmakoloqdur. ,He is a pharmacologist. ,Farmakologoa da. ,He is a pharmacologist. ,Яна - фармаколаг. ,She is a pharmacologist. ,তিনি একজন ফার্মাকোলজিস্ট। ,He is a pharmacologist. ,Ona je farmakolog. ,She is a pharmacologist. ,Тя е фармаколог. ,She is a pharmacologist. 
She is a philosopher.,Sy is 'n filosoof. ,She is a philosopher. ,Ajo është filozofe. ,She is a philosopher. ,እሷ ፈላስፋ ናት ፡፡ ,She is a philosopher. ,هي فيلسوفة. ,She is a philosopher. ,Նա փիլիսոփա է: ,He is a philosopher. ,O bir filosofdur. ,He is a philosopher. ,Filosofoa da. ,He is a philosopher. ,Яна філосаф. ,She is a philosopher. ,তিনি একজন দার্শনিক। ,He is a philosopher. ,Ona je filozof. ,She is a philosopher. ,Тя е философ. ,She is a philosopher. 
She is a photographer.,Sy is 'n fotograaf. ,She is a photographer. ,Ajo është një fotograf. ,She is a photographer. ,እሷ ፎቶግራፍ አንሺ ናት ፡፡ ,She is a photographer. ,هي مصورة. ,She is pictured. ,Նա լուսանկարիչ է: ,He is a photographer. ,Fotoqrafdır. ,He is a photographer. ,Argazkilaria da. ,He is a photographer. ,Яна фатограф. ,She is a photographer. ,তিনি একজন ফটোগ্রাফার। ,He is a photographer. ,Ona je fotograf. ,She is a photographer. ,Тя е фотограф. ,She is a photographer. 
She is a physician assistant.,Sy is 'n mediese assistent. ,She is a medical assistant. ,Ajo është ndihmëse e mjekut. ,She is the doctor's assistant. ,ሀኪም ረዳት ነች ፡፡ ,She is a doctor's assistant. ,هي طبيبة مساعدة. ,She is an assistant doctor. ,Նա բժշկի օգնական է: ,He is a doctor's assistant. ,Bir həkim köməkçisidir. ,He is a doctor's assistant. ,Mediku laguntzailea da. ,He is a medical assistant. ,Яна памочнік урача. ,She is a physician's assistant. ,তিনি একজন চিকিত্সক সহকারী। ,He is a medical assistant. ,Ona je pomoćnik ljekara. ,She is an assistant doctor. ,Тя е асистент лекар. ,She is an assistant doctor. 
She is a physicist.,Sy is 'n fisikus. ,She is a physicist. ,Ajo është një fizikane. ,She is a physicist. ,እሷ የፊዚክስ ሊቅ ናት ፡፡ ,She is a physicist. ,هي فيزيائية. ,She is a physical. ,Նա ֆիզիկոս է: ,He is a physicist. ,O bir fizikdir. ,He is a physicist. ,Fisikaria da. ,He is a physicist. ,Яна фізік. ,She is a physicist. ,তিনি একজন পদার্থবিদ। ,He is a physicist. ,Ona je fizičarka. ,She is a physicist. ,Тя е физик. ,She is a physicist. 
She is a pilot.,Sy is 'n vlieënier. ,She's a pilot. ,Ajo është një pilot. ,She is a pilot. ,እሷ ፓይለት ናት ፡፡ ,She is a pilot. ,هي طيار. ,She is a pilot. ,Նա օդաչու է: ,He is a pilot. ,Pilotdur. ,He is a pilot. ,Pilotoa da. ,He is a pilot. ,Яна пілот. ,She is a pilot. ,তিনি একজন পাইলট। ,He is a pilot. ,Ona je pilot. ,She's a pilot. ,Тя е пилот. ,She is a pilot. 
She is a plumber.,Sy is 'n loodgieter. ,She's a plumber. ,Ajo është hidraulike. ,It is hydraulic. ,እሷ ቧንቧ ሰራተኛ ናት ፡፡ ,She is a plumber. ,هي سباكة. ,She is a plumber. ,Նա ջրմուղագործ է: ,He is a plumber. ,"O, santexnikdir. ",He is a plumber. ,Iturgina da. ,He is a plumber. ,Яна сантэхнік. ,She is a plumber. ,তিনি একটি নদীর গভীরতানির্ণয় হয়। ,He is a plumber. ,Ona je vodoinstalater. ,She is a plumber. ,Тя е водопроводчик. ,She is a plumber. 
She is a politician.,Sy is 'n politikus. ,She's a politician. ,Ajo është një politikane. ,She is a politician. ,ፖለቲከኛ ናት ፡፡ ,She is a politician. ,هي سياسية. ,It is political. ,Նա քաղաքական գործիչ է: ,He is a politician. ,"O, siyasətçidir. ",He is a politician. ,Politikaria da. ,He is a politician. ,Яна палітык. ,She is a politician. ,তিনি একজন রাজনীতিবিদ। ,He is a politician. ,Ona je političarka. ,She is a politician. ,Тя е политик. ,She is a politician. 
She is a receptionist.,Sy is 'n ontvangsdame. ,She is a receptionist. ,Ajo është një recepsioniste. ,She is a receptionist. ,እንግዳ ተቀባይ ናት ፡፡ ,She is hospitable. ,هي موظفة استقبال. ,She is a receptionist. ,Նա ընդունարան է: ,He is a receptionist. ,Resepsiyondur. ,It is a reception. ,Harreragilea da. ,He is a receptionist. ,Яна - прыёмная. ,She is a receptionist. ,তিনি একজন অভ্যর্থনাবিদ। ,He is a receptionist. ,Ona je recepcionarka. ,She's a receptionist. ,Тя е рецепционист. ,She is a receptionist. 
She is a registered nurse.,Sy is 'n geregistreerde verpleegster. ,She is a registered nurse. ,Ajo është një infermiere e regjistruar. ,She is a registered nurse. ,የተመዘገበች ነርስ ነች ፡፡ ,She is a registered nurse. ,هي ممرضة مسجلة. ,She is a registered nurse. ,Նա գրանցված բուժքույր է: ,She is a registered nurse. ,Qeydiyyatdan keçmiş tibb bacısıdır. ,She is a registered nurse. ,Erregistratutako erizaina da. ,She is a registered nurse. ,Яна - медсястра на ўліку. ,She is a registered nurse. ,তিনি একজন নিবন্ধিত নার্স। ,She is a registered nurse. ,Ona je registrovana medicinska sestra. ,She is a registered nurse. ,Тя е регистрирана медицинска сестра. ,She is a registered nurse. 
She is a salesman.,Sy is 'n verkoopsman. ,She's a salesman. ,Ajo është një shitëse. ,She is a saleswoman. ,እሷ ሻጭ ነች ፡፡ ,She is a seller. ,هي بائعة. ,She is a saleswoman. ,Նա վաճառական է: ,He is a merchant. ,O satıcıdır. ,He is a salesman. ,Saltzailea da. ,He is a salesman. ,Яна - прадавец. ,She is a seller. ,তিনি একজন বিক্রয়কর্মী। ,He is a salesman. ,Ona je prodavač. ,She's a saleswoman. ,Тя е продавач. ,She is a saleswoman. 
She is a salesperson.,Sy is 'n verkoopspersoon. ,She's a salesperson. ,Ajo është një shitëse. ,She is a saleswoman. ,እሷ ሻጭ ነች ፡፡ ,She is a seller. ,هي مندوبة مبيعات. ,She is a sales representative. ,Նա վաճառող է: ,He is a salesman. ,Bir satıcıdır. ,He is a salesman. ,Saltzailea da. ,He is a salesman. ,Яна - прадавец. ,She is a seller. ,তিনি একজন বিক্রয়কর্মী। ,He is a salesman. ,Ona je prodavač. ,She's a saleswoman. ,Тя е продавач. ,She is a saleswoman. 
She is a scientist.,Sy is 'n wetenskaplike. ,She's a scientist. ,Ajo është një shkencëtare. ,She is a scientist. ,እሷ የሳይንስ ሊቅ ናት ፡፡ ,She is a scientist. ,هي عالمة. ,She is a scientist. ,Նա գիտնական է: ,He is a scientist. ,O bir elm adamıdır. ,He is a scientist. ,Zientzialaria da. ,He is a scientist. ,Яна вучоная. ,She is a scientist. ,তিনি একজন বিজ্ঞানী। ,He is a scientist. ,Ona je naučnik. ,She is a scientist. ,Тя е учен. ,She is a scientist. 
She is a sea captain.,Sy is 'n seekaptein. ,She's a sea captain. ,Ajo është një kapiten detar. ,She is a naval captain. ,እሷ የባህር አዛዥ ናት ፡፡ ,She is a naval commander. ,هي قبطان بحري. ,She is a sea captain. ,Նա ծովային նավապետ է: ,He is a naval captain. ,Dəniz kapitanıdır. ,He is the captain of the sea. ,Itsas kapitaina da. ,He is a sea captain. ,Яна марскі капітан. ,She is a sea captain. ,তিনি একজন সমুদ্র অধিনায়ক। ,He is a sea captain. ,Ona je pomorski kapetan. ,She is a naval captain. ,Тя е морски капитан. ,She is a sea captain. 
She is a secretary.,Sy is 'n sekretaresse. ,She's a secretary. ,Ajo eshte nje sekretare. ,She is a secretary. ,ፀሐፊ ናት ፡፡ ,She is a writer. ,إنها سكرتيرة. ,She is a secretary. ,Նա քարտուղար է: ,He is a secretary. ,O katibdir. ,He is a secretary. ,Idazkaria da. ,He is the secretary. ,Яна сакратарка. ,She is a secretary. ,সে একজন সচিব. ,He is a secretary. ,Ona je tajnica. ,She's a secretary. ,Тя е секретарка. ,She is a secretary. 
She is a singer.,Sy is 'n sanger. ,She is a singer. ,Ajo eshte kengetare. ,She is a singer. ,ዘፋኝ ናት ፡፡ ,She is a singer. ,أنها مغنية. ,She is a singer. ,Նա երգչուհի է. ,She is a singer. ,O müğənnidir. ,She is a singer. ,Abeslaria da. ,She is a singer. ,Яна спявачка. ,She is a singer. ,তিনি একজন শিল্পী. ,He is an artist. ,Ona je pjevačica. ,She is a singer. ,Тя е певица. ,She is a singer. 
She is a solicitor.,Sy is 'n prokureur. ,She's a lawyer. ,Ajo është një avokat. ,She is a lawyer. ,ጠበቃ ናት ፡፡ ,She is a lawyer. ,هي محامية. ,She is a lawyer. ,Նա փաստաբան է: ,He is a lawyer. ,O vəkildir. ,He is a lawyer. ,Prokuradorea da. ,He is an attorney. ,Яна з'яўляецца адвакатам. ,She is a lawyer. ,তিনি একজন আইনজীবী। ,He is a lawyer. ,Ona je odvjetnik. ,She is a lawyer. ,Тя е адвокат. ,She is a lawyer. 
She is a speech pathologist.,Sy is 'n spraakpatoloog. ,She is a speech pathologist. ,Ajo është një patologe e të folurit. ,She is a speech pathologist. ,የንግግር በሽታ ባለሙያ ናት ፡፡ ,She is a speech pathologist. ,هي أخصائية أمراض النطق. ,She is a speech pathologist. ,Նա խոսքի պաթոլոգ է: ,He is a speech pathologist. ,Defektoloqdur. ,He is a defectologist. ,Hizketako patologoa da. ,He is a speech pathologist. ,Яна - дэфектолаг. ,She is a speech pathologist. ,তিনি একজন স্পিচ প্যাথলজিস্ট। ,He is a speech pathologist. ,Ona je logoped. ,She is a speech therapist. ,Тя е логопед. ,She is a speech therapist. 
She is a speech-language pathologist.,Sy is 'n spraak-taalpatoloog. ,She is a speech-language pathologist. ,Ajo është një patologe në gjuhën e të folurit. ,She is a pathologist in spoken language. ,እሷ የንግግር ቋንቋ በሽታ ባለሙያ ናት. ,She is a speech pathologist. ,هي أخصائية أمراض النطق واللغة. ,She is a specialist in speech and language pathology. ,Նա խոսքի լեզվի պաթոլոգ է: ,He is a pathologist of speech language. ,Loqopedoloqdur. ,He is a speech therapist. ,Hizkuntza-hizkuntzaren patologoa da. ,He is a language pathologist. ,Яна - дэфектолаг. ,She is a speech pathologist. ,তিনি একটি স্পিচ-ভাষা রোগ বিশেষজ্ঞ is ,He is a speech-language pathologist ,Ona je patolog govornog jezika. ,She is a pathologist of spoken language. ,Тя е логопедичен патолог. ,She is a speech therapist. 
She is a statistician.,Sy is 'n statistikus. ,She is a statistician. ,Ajo është një statisticien. ,She is a statistician. ,እሷ ስታቲስቲክስ ናት ፡፡ ,She is a statistician. ,هي إحصائية. ,It is a statistic. ,Նա վիճակագիր է: ,He is a statistician. ,"O, bir statistikdir. ",He is a statistician. ,Estatistikaria da. ,He is a statistician. ,Яна статыстык. ,She is a statistician. ,তিনি একজন পরিসংখ্যানবিদ। ,He is a statistician. ,Ona je statističarka. ,She is a statistician. ,Тя е статистик. ,She is a statistician. 
She is a surveyor.,Sy is 'n landmeter. ,She's a surveyor. ,Ajo është një topograf. ,She is a surveyor. ,እሷ የቅየሳ ባለሙያ ናት ፡፡ ,She is a surveyor. ,هي مساح. ,She is a surveyor. ,Նա չափագրող է: ,He is a measurer. ,"O, sörveyordur. ",He is a surveyor. ,Topografoa da. ,He is a surveyor. ,Яна геадэзіст. ,She is a surveyor. ,তিনি একজন সমীক্ষক। ,He is a surveyor. ,Ona je geodet. ,She is a surveyor. ,Тя е геодезист. ,She is a surveyor. 
She is a therapist.,Sy is 'n terapeut. ,She is a therapist. ,Ajo është një terapiste. ,She is a therapist. ,እሷ ቴራፒስት ናት. ,She is a therapist. ,هي معالجة. ,Are treated. ,Նա թերապևտ է: ,He is a therapist! ,Terapevtdir. ,He is a therapist. ,Terapeuta da. ,She is a therapist. ,Яна - тэрапеўт. ,She is a therapist. ,তিনি একজন থেরাপিস্ট। ,He is a therapist. ,Ona je terapeut. ,She is a therapist. ,Тя е терапевт. ,She is a therapist. 
She is an undertaker.,Sy is 'n begrafnisondernemer. ,She's a funeral director. ,Ajo është një sipërmarrëse. ,She is an entrepreneur. ,እርሷ የቀባሪ ናት ፡፡ ,She is a funeral director. ,هي متعهد. ,She is an undertaker. ,Նա ենթակեր է: ,He is a subordinate. ,"O, bir təşəbbüskardır. ",He is an entrepreneur. ,Ehorzlea da. ,He is buried. ,Яна трунар. ,She is a coffin. ,তিনি একজন আন্ডারটেকটার। ,He is an Undertaker. ,Ona je pogrebnik. ,She is an undertaker. ,Тя е гробар. ,She is a gravedigger. 
She is an urban planner.,Sy is 'n stedelike beplanner. ,She is an urban planner. ,Ajo është një planifikuese urbane. ,She is an urban planner. ,የከተማ ፕላን ነች ፡፡ ,It is a city plan. ,هي مخططة حضرية. ,She is an urban planner. ,Նա քաղաքաշինարար է: ,He is an urban planner. ,"O, şəhər planlayıcısıdır. ",He is a city planner. ,Hirigintza antolatzailea da. ,He is an urban planner. ,Яна горадабудаўнік. ,She is a city planner. ,তিনি একজন নগর পরিকল্পনাবিদ। ,He is an urban planner. ,Ona je urbanista. ,She is an urban planner. ,Тя е урбанист. ,She is an urbanist. 
She is a videographer.,Sy is 'n videograaf. ,She's a videographer. ,Ajo është një videograf. ,She is a videographer. ,እሷ የቪዲዮ ቀረፃ ናት ፡፡ ,She is a videographer. ,هي مصورة فيديو. ,She is a videographer. ,Նա տեսանկարահանող է: ,He is a videographer. ,"O, videografdır. ",He is a videographer. ,Bideogilea da. ,He is a videographer. ,Яна - відэааператар. ,She is a videographer. ,তিনি একজন ভিডিওগ্রাফার। ,He is a videographer. ,Ona je videograf. ,She is a videographer. ,Тя е видеооператор. ,She is a videographer. 
She is a virologist.,Sy is 'n viroloog. ,She's a virologist. ,Ajo është virologe. ,She is a virologist. ,እሷ የቫይሮሎጂ ባለሙያ ናት ፡፡ ,She is a virologist. ,هي عالمة فيروسات. ,She is a virologist. ,Նա վիրուսաբան է: ,He is a virologist. ,Viroloqdur. ,He is a virologist. ,Birologoa da. ,He is a virologist. ,Яна вірусолаг. ,She is a virologist. ,তিনি একজন ভাইরোলজিস্ট। ,He is a virologist. ,Ona je virolog. ,She is a virologist. ,Тя е вирусолог. ,She is a virologist. 
She is a visual artist.,Sy is 'n visuele kunstenaar. ,She is a visual artist. ,Ajo është një artiste vizuale. ,She is a visual artist. ,እሷ የእይታ አርቲስት ናት ፡፡ ,She is a visual artist. ,هي فنانة بصرية. ,She is a visual artist. ,Նա տեսողական նկարիչ է: ,He is a visual artist. ,Vizual sənətkardır. ,He is a visual artist. ,Artista bisuala da. ,He is a visual artist. ,Яна - візуальная мастачка. ,She is a visual artist. ,তিনি একজন ভিজ্যুয়াল আর্টিস্ট। ,He is a visual artist. ,Ona je vizuelna umjetnica. ,She is a visual artist. ,Тя е визуален художник. ,She is a visual artist. 
She is a waiter.,Sy is 'n kelner. ,She's a waiter. ,Ajo është kamarier. ,She is a waiter. ,እሷ አስተናጋጅ ናት ፡፡ ,She is a host. ,هي نادلة. ,She is a waitress. ,Նա մատուցող է: ,He is a waiter. ,O ofisiantdır. ,She is a waitress. ,Zerbitzaria da. ,He is a server. ,Яна афіцыянт. ,She is a waiter. ,তিনি একজন ওয়েটার। ,He is a waiter. ,Ona je konobar. ,She's a waiter. ,Тя е сервитьор. ,She is a waiter. 
She is a web designer.,Sy is 'n webontwerper. ,She is a web designer. ,Ajo është një krijuese e faqeve në internet. ,She is a web creator. ,እሷ የድር ንድፍ አውጪ ነች ፡፡ ,She is a web designer. ,هي مصممة الويب. ,She is a web designer. ,Նա վեբ դիզայներ է: ,He is a web designer. ,Veb dizaynçısıdır. ,He is a web designer. ,Web diseinatzailea da. ,She is a web designer. ,Яна вэб-дызайнер. ,She is a web designer. ,তিনি একজন ওয়েব ডিজাইনার। ,He is a web designer. ,Ona je web dizajner. ,She is a web designer. ,Тя е уеб дизайнер. ,She is a web designer. 
She is a web developer.,Sy is 'n webontwikkelaar. ,She is a web developer. ,Ajo është një zhvilluese e faqeve në internet. ,She is a web developer. ,እሷ የድር ገንቢ ነች ፡፡ ,She is a web developer. ,هي مطور ويب. ,She is a web developer. ,Նա վեբ մշակող է: ,He is a web developer. ,Veb inkişaf etdiricisidir. ,He is a web developer. ,Web garatzailea da. ,It is a web developer. ,Яна вэб-распрацоўшчык. ,She is a web developer. ,তিনি একজন ওয়েব বিকাশকারী। ,He is a web developer. ,Ona je web programer. ,She is a web developer. ,Тя е уеб разработчик. ,She is a web developer. 
She is a zoologist.,Sy is 'n dierkundige. ,She is a zoologist. ,Ajo është një zoolog. ,She is a zoologist. ,እርሷ የእንስሳት እርባታ ባለሙያ ናት ፡፡ ,She is a veterinarian. ,هي عالمة حيوان. ,She is an animal scientist. ,Նա կենդանաբան է: ,He is a zoologist. ,Zooloqdur. ,He is a zoologist. ,Zoologoa da. ,He is a zoologist. ,Яна заолаг. ,She is a zoologist. ,তিনি একজন প্রাণিবিদ। ,He is a zoologist. ,Ona je zoolog. ,She is a zoologist. ,Тя е зоолог. ,She is a zoologist. 
