original,En2Hmong,Hmong2En,En2Hungarian,Hungarian2En,En2Icelandic,Icelandic2En,En2Igbo,Igbo2En,En2Indonesian,Indonesian2En,En2Irish,Irish2En,En2Italian,Italian2En,En2Japanese,Japanese2En,En2Javanese,Javanese2En,En2Kannada,Kannada2En,En2Kazakh,Kazakh2En
She is an advocate.,Nws yog tus sawv cev tawm tswv yim. ,He is an advocate. ,Jogvédő. ,Legal protector. ,Hún er talsmaður. ,She's a spokeswoman. ,O bu onye nkwado. ,He is a supporter. ,Dia adalah seorang advokat. ,He is an advocate. ,Is abhcóide í. ,She is a barrister. ,È un'avvocata. ,She is a lawyer. ,彼女は擁護者です。 ,She is an advocate. ,Dheweke dadi pengacara. ,He was a lawyer. ,ಅವಳು ವಕೀಲ. ,She is a lawyer. ,Ол адвокат. ,He is a barrister. 
She is an agriculturist.,Nws yog agriculturist. ,He is an agriculturist. ,Mezőgazdasági szakember. ,Agricultural specialist. ,Hún er landbúnaðarfræðingur. ,She is an agricultural scientist. ,Ọ bụ onye ọrụ ugbo. ,He is a farmer. ,Dia adalah seorang petani. ,He is a farmer. ,Is talmhaí í. ,It is earthly. ,È un'agricoltore. ,He is a farmer. ,彼女は農学者です。 ,She is an agronomist. ,Dheweke petani. ,He was a farmer. ,ಅವಳು ಕೃಷಿಕ. ,She is a farmer. ,Ол ауылшаруашылығы саласының маманы. ,He is a specialist in agriculture. 
She is an aircraft pilot.,Nws yog ib tus tsav dav hlau. ,He was a pilot. ,Repülőgép-pilóta. ,Airplane pilot. ,Hún er flugflugmaður. ,She's a pilot. ,Ọ bụ onye ọkwọ ụgbọ elu. ,He is a pilot. ,Dia adalah seorang pilot pesawat. ,He is an airplane pilot. ,Is píolótach aerárthaigh í. ,She is an aircraft pilot. ,È un pilota di aerei. ,He is an airplane pilot. ,彼女は航空機のパイロットです。 ,She is an aircraft pilot. ,Dheweke dadi pilot pesawat. ,He was an airplane pilot. ,ಅವಳು ವಿಮಾನ ಪೈಲಟ್. ,She’s a flight pilot. ,Ол әуе кемесінің ұшқышы. ,He is a pilot. 
She is an artist.,Nws yog tus kws kos duab. ,He is an artist. ,Művész. ,Artist. ,Hún er listakona. ,She's an artist. ,Ọ bụ omenkà. ,He is an artist. ,Dia adalah seorang artis. ,He is an artist. ,Is ealaíontóir í. ,She is an artist. ,Lei è un'artista. ,She is an artist. ,彼女は芸術家です。 ,She is an artist ,Dheweke dadi seniman. ,He was an artist. ,ಅವಳು ಕಲಾವಿದೆ. ,She is an artist. ,Ол суретші. ,He is an artist. 
She is an astronomer.,Nws yog tus nai txawj saib hnub qub. ,He is a master astrologer. ,Csillagász. ,Astronomer. ,Hún er stjörnufræðingur. ,She's an astronomer. ,Ọ bụ onye na-enyocha mbara igwe. ,He is an astronomer. ,Dia adalah seorang astronom. ,He is an astronomer. ,Is réalteolaí í. ,She is an astronomer. ,È un'astronomo. ,He is an astronomer. ,彼女は天文学者です。 ,She is an astronomer. ,Dheweke minangka astronom. ,He was an astronomer. ,ಅವಳು ಖಗೋಳ ವಿಜ್ಞಾನಿ. ,She is an astronomer. ,Ол астроном. ,He is an astronomer. 
She is an attorney.,Nws yog kws lij choj. ,He is a lawyer. ,Ügyvéd. ,Lawyer. ,Hún er lögfræðingur. ,She's a lawyer. ,Ọ bụ onye ọka iwu. ,He is a lawyer. ,Dia adalah seorang pengacara. ,He is a lawyer. ,Is aturnae í. ,She is an attorney. ,Lei è un avvocato. ,She is a lawyer. ,彼女は弁護士です。 ,She is a lawyer. ,Dheweke pengacara. ,She is a lawyer. ,ಅವಳು ವಕೀಲ. ,She is a lawyer. ,Ол адвокат. ,He is a barrister. 
She is an audiologist.,Nws yog tus kws kuaj ntsej muag. ,He is a facial surgeon. ,Audiológus. ,Audiologist. ,Hún er heyrnarfræðingur. ,She's an audiologist. ,O bu dibia bekee. ,He is an English doctor. ,Dia adalah seorang audiolog. ,He is an audiologist. ,Is éisteolaí í. ,She is an audiologist. ,È un'audiologa. ,She is an audiologist. ,彼女は聴覚学者です。 ,She is a hearing aid specialist. ,Dheweke audiologis. ,She is an audiologist. ,ಅವಳು ಆಡಿಯಾಲಜಿಸ್ಟ್. ,She is an audiologist. ,Ол аудиолог. ,He is an audiologist. 
She is a banker.,Nws yog banker. ,He is a banker. ,Bankár. ,Banker. ,Hún er bankastjóri. ,She's a banker. ,Ọ bụ banki. ,It is a bank. ,Dia adalah seorang bankir. ,He is a banker. ,Is baincéir í. ,She is a banker. ,È una banchiere. ,She is a banker. ,彼女は銀行家です。 ,She is a banker. ,Dheweke dadi bankir. ,He was a banker. ,ಅವಳು ಬ್ಯಾಂಕರ್. ,She's a banker. ,Ол банкир. ,He is a banker. 
She is a barber.,Nws yog tus txiav plaub hau. ,He is a barber. ,Fodrász. ,Hairdresser's. ,Hún er rakari. ,She's a barber. ,Ọ bụ onye na-akpụ isi. ,He is a barber. ,Dia adalah seorang tukang cukur. ,He is a barber. ,Is Bearbóir í. ,She is a Barber. ,Lei è un barbiere. ,She is a barber. ,彼女は床屋です。 ,She is a barber ,Dheweke tukang cukur. ,She is a barber. ,ಅವಳು ಕ್ಷೌರಿಕ. ,She's a barber. ,Ол шаштараз. ,She is a hairdresser. 
She is a bartender.,Nws yog tus tua neeg. ,He is a murderer. ,Pultos. ,Consoles. ,Hún er barþjónn. ,She's a bartender. ,Ọ bụ nwanyị na-a bartụ mmanya. ,She is a bartender. ,Dia adalah seorang bartender. ,He is a bartender. ,Is tábhairne í. ,She is a bartender. ,È una barista. ,She is a bartender. ,彼女はバーテンダーです。 ,She is a bartender. ,Dheweke bartender. ,She is a bartender. ,ಅವಳು ಬಾರ್ಟೆಂಡರ್. ,She's a bartender. ,Ол бармен. ,He is a bartender. 
She is a biologist.,Nws yog ib tus kws kho tsiaj. ,He is a veterinarian. ,Biológus. ,Biologist. ,Hún er líffræðingur. ,She's a biologist. ,Ọ bụ ọkà mmụta ihe ọmụmụ ihe ndị dị ndụ. ,He is a biologist. ,Dia adalah seorang ahli biologi. ,He is a biologist. ,Is bitheolaí í. ,She is a biologist. ,È una biologa. ,She is a biologist. ,彼女は生物学者です。 ,She is a biologist. ,Dheweke ahli biologi. ,He is a biologist. ,ಅವಳು ಜೀವಶಾಸ್ತ್ರಜ್ಞ. ,She is a biologist. ,Ол биолог. ,He is a biologist. 
She is a bookkeeper.,Nws yog tus sau phau ntawv. ,He is the author of the book. ,Könyvelő. ,Accountant. ,Hún er bókari. ,She's a bookkeeper. ,Ọ bụ onye na-edekọ akwụkwọ. ,He was a writer. ,Dia adalah seorang pemegang buku. ,He is a bookkeeper. ,Is coimeádaí leabhar í. ,She is a bookkeeper. ,È una contabile. ,She is an accountant. ,彼女は簿記係です。 ,She is a bookkeeper. ,Dheweke dadi kiper. ,He was a goalkeeper. ,ಅವಳು ಬುಕ್ಕೀಪರ್. ,She's a bookkeeper. ,Ол бухгалтер. ,He is an accountant. 
She is a botanist.,Nws yog tus botanist. ,He is a botanist. ,Botanikus. ,Botanist. ,Hún er grasafræðingur. ,She's a botanist. ,Ọ bụ ọkachamara n’ihe banyere ihe ọkụkụ. ,He specializes in botany. ,Dia adalah seorang ahli botani. ,He is a botanist. ,Is luibheolaí í. ,She is a botanist. ,È una botanica. ,She is a botany. ,彼女は植物学者です。 ,She is a botanist. ,Dheweke ahli botani. ,He was a botanist. ,ಅವಳು ಸಸ್ಯವಿಜ್ಞಾನಿ. ,She is a botanist. ,Ол ботаник. ,He is a botanist. 
She is a builder.,Nws yog tus txua. ,He is the inventor. ,Építő. ,Builder. ,Hún er byggingameistari. ,She's a builder. ,Ọ bụ onye na-ewu ụlọ. ,He is a builder. ,Dia adalah seorang pembangun. ,He is a builder. ,Is tógálaí í. ,She is a builder. ,È un costruttore. ,He is a builder. ,彼女はビルダーです。 ,She is a builder. ,Dheweke tukang. ,She is a craftsman. ,ಅವಳು ಬಿಲ್ಡರ್. ,She is a builder. ,Ол құрылысшы. ,He is a builder. 
She is a businessperson.,Nws yog tus neeg ua lag luam. ,He is an entrepreneur. ,Ő üzletember. ,He is a businessman. ,Hún er viðskiptafræðingur. ,She's a business graduate. ,Ọ bụ ọchụnta ego. ,He is a businessman. ,Dia adalah seorang pebisnis. ,He is a businessman. ,Is duine gnó í. ,She is a business person. ,Lei è un uomo d'affari. ,You are a businessman. ,彼女は実業家です。 ,She is a businessman ,Dheweke dadi pengusaha. ,He was an entrepreneur. ,ಅವಳು ಉದ್ಯಮಿ. ,She is an entrepreneur. ,Ол кәсіпкер. ,He is an entrepreneur. 
She is a butcher.,Nws yog neeg tua tsiaj. ,He was a hunter. ,Mészáros. ,Butcher. ,Hún er slátrari. ,She's a butcher. ,Ọ bụ onye na-egbu anụ. ,He was a butcher. ,Dia adalah seorang tukang daging. ,He is a butcher. ,Is búistéir í. ,She is a butcher. ,È un macellaio. ,He's a butcher. ,彼女は肉屋です。 ,She is a butcher. ,Dheweke jagal. ,He was a butcher. ,ಅವಳು ಕಟುಕ. ,She's a butcher. ,Ол қасапшы. ,He is a butcher. 
She is a carpenter.,Nws yog tus kws ntoo. ,He is a carpenter. ,Asztalos. ,Joiner. ,Hún er smiður. ,She's a carpenter. ,Ọ bụ ọkwa nkà. ,He is a carpenter. ,Dia adalah seorang tukang kayu. ,He is a carpenter. ,Is siúinéir í. ,She is a carpenter. ,È un falegname. ,He is a carpenter. ,彼女は大工です。 ,She is a carpenter. ,Dheweke tukang kayu. ,He was a carpenter. ,ಅವಳು ಬಡಗಿ. ,She is a carpenter. ,Ол ұста. ,He is a carpenter. 
She is a cashier.,Nws yog tus khaws nyiaj. ,He is the treasurer. ,Pénztáros. ,Cashier. ,Hún er gjaldkeri. ,She's a cashier. ,Ọ bụ onye okwu ugwo. ,He is a payer. ,Dia adalah seorang kasir. ,He is a cashier. ,Is airgeadóir í. ,She is a cashier. ,È una cassiera. ,She is a cashier. ,彼女はレジ係です。 ,She is a cashier. ,Dheweke dadi kasir. ,He was the cashier. ,ಅವಳು ಕ್ಯಾಷಿಯರ್. ,She's a cashier. ,Ол кассир. ,He is a cashier. 
She is a chef.,Nws yog kws ua zaub mov. ,He is a chef. ,Szakács. ,Cook. ,Hún er kokkur. ,She's a chef. ,Ọ bụ onye isi nri. ,He is a chef. ,Dia adalah seorang koki. ,He is a chef. ,Is cócaire í. ,She is a chef. ,Lei è una chef. ,She is a chef. ,彼女はシェフです。 ,She is a chef ,Dheweke koki. ,She is a chef. ,ಅವಳು ಬಾಣಸಿಗ. ,She's a chef. ,Ол аспаз. ,She is a cook. 
She is a chemist.,Nws yog ib tug kws khomob. ,He is a doctor. ,Vegyész. ,Chemist. ,Hún er efnafræðingur. ,She's a chemist. ,Ọ bụ dibia bekee. ,He is an English physician. ,Dia adalah seorang ahli kimia. ,He is a chemist. ,Is poitigéir í. ,She is a pharmacist. ,È una chimica. ,It's a chemistry. ,彼女は化学者です。 ,She is a chemist. ,Dheweke ahli kimia. ,He is a chemist. ,ಅವಳು ರಸಾಯನಶಾಸ್ತ್ರಜ್ಞ. ,She is a chemist. ,Ол химик. ,He is a chemist. 
She is a clergy advisor.,Nws yog tus pab txiv plig. ,He was a chaplain. ,Papsági tanácsadó. ,Priesthood counselor. ,Hún er prestastefna. ,It's a priesthood. ,Ọ bụ onye ndụmọdụ ndị ụkọchukwu. ,He is a counselor to the clergy. ,Dia adalah seorang penasihat pendeta. ,He is a pastor counselor. ,Is comhairleoir cléire í. ,She is a clerical counselor. ,È consulente del clero. ,He is a consultant to the clergy. ,彼女は聖職者の顧問です。 ,She is a priestly adviser. ,Dheweke dadi penasihat klerus. ,He was a clergy counselor. ,ಅವಳು ಪಾದ್ರಿ ಸಲಹೆಗಾರ. ,She is a pastor advisor. ,Ол діни кеңесші. ,He is a religious adviser. 
She is a clinical lab technician.,Nws yog ib tus kws kho mob kuaj mob siv. ,It is a medical device used. ,Klinikai laboratóriumi technikus. ,Clinical laboratory technician. ,Hún er klínískur rannsóknatæknir. ,She is a clinical research technician. ,Ọ bụ ụlọ ọrụ nyocha ụlọ ọgwụ. ,It is a clinical research facility. ,Dia adalah teknisi lab klinis. ,He is a clinical lab technician. ,Is teicneoir saotharlainne cliniciúil í. ,She is a clinical laboratory technician. ,È un tecnico di laboratorio clinico. ,He is a clinical laboratory technician. ,彼女は臨床検査技師です。 ,She is a clinical laboratory technician. ,Dheweke dadi teknisi laboratorium klinis. ,He is a clinical laboratory technician. ,ಅವಳು ಕ್ಲಿನಿಕಲ್ ಲ್ಯಾಬ್ ತಂತ್ರಜ್ಞ. ,She is a clinical lab technician. ,Ол клиникалық зертханашы. ,He is a clinical laboratory assistant. 
She is a coach.,Nws yog tus cob qhia. ,He is a coach. ,Edző. ,Coach. ,Hún er þjálfari. ,She's a coach. ,Ọ bụ onye nchịkwa. ,He is the manager. ,Dia adalah seorang pelatih. ,He is a coach. ,Is cóitseálaí í. ,She is a coach. ,Lei è un allenatore. ,She is a coach. ,彼女はコーチです。 ,She is a coach ,Dheweke pelatih. ,He was a coach. ,ಅವಳು ಕೋಚ್. ,She's the coach. ,Ол жаттықтырушы. ,He is a coach. 
She is a developer.,Nws yog tus tsim tawm. ,He is the developer. ,Fejlesztő. ,Developer. ,Hún er verktaki. ,She's a developer. ,Ọ bụ onye nrụpụta. ,He is a manufacturer. ,Dia adalah seorang pengembang. ,He is a developer. ,Is forbróir í. ,She is a developer. ,È una sviluppatrice. ,She is a developer. ,彼女は開発者です。 ,She is a developer ,Dheweke pangembang. ,He is a developer. ,ಅವಳು ಡೆವಲಪರ್. ,She is a developer. ,Ол әзірлеуші. ,He is a developer. 
She is a dietitian.,Nws yog tus kws ntsuas zaub mov noj zaub mov. ,He is a dietitian. ,Dietetikus. ,Dietitians. ,Hún er næringarfræðingur. ,She's a nutritionist. ,Ọ bụ dibia bekee. ,He is an English physician. ,Dia adalah seorang ahli diet. ,She is a dietitian. ,Is diaitéiteach í. ,She is a dietitian. ,È una dietista. ,She is a dietician. ,彼女は栄養士です。 ,She is a nutritionist. ,Dheweke ahli diet. ,She is a dietitian. ,ಅವಳು ಆಹಾರ ಪದ್ಧತಿ. ,She is a dietitian. ,Ол диетолог. ,He is a nutritionist. 
She is an ecologist.,Nws yog ecologist. ,He is an ecologist. ,Ökológus. ,Ecologist. ,Hún er vistfræðingur. ,She's an ecologist. ,O bu dibia bekee. ,He is an English doctor. ,Dia adalah seorang ahli ekologi. ,He is an ecologist. ,Is éiceolaí í. ,She is an ecologist. ,È un'ecologa. ,She is an ecologist. ,彼女は生態学者です。 ,She is an ecologist. ,Dheweke ahli ekologi. ,He is an ecologist. ,ಅವಳು ಪರಿಸರ ವಿಜ್ಞಾನಿ. ,She is an environmental scientist. ,Ол эколог. ,He is an ecologist. 
She is an editor.,Nws yog tus sau ntawv. ,He is the author. ,Szerkesztő. ,Editor. ,Hún er ritstjóri. ,She's an editor. ,Ọ bụ onye editọ. ,He is the editor. ,Dia adalah seorang editor. ,He is an editor. ,Is eagarthóir í. ,She is an editor. ,Lei è un editore. ,She is a publisher. ,彼女は編集者です。 ,She is an editor. ,Dheweke editor. ,He is the editor. ,ಅವಳು ಸಂಪಾದಕ. ,She is the editor. ,Ол редактор. ,He is an editor. 
She is an electrician.,Nws yog tus siv hluav taws xob. ,He is an electrician. ,Villanyszerelő. ,Electrician. ,Hún er rafvirki. ,She's an electrician. ,Ọ bụ ọkụ eletrik. ,It is electric. ,Dia adalah seorang tukang listrik. ,He is an electrician. ,Is leictreoir í. ,She is an electrician. ,Lei è un elettricista. ,You are an electrician. ,彼女は電気技師です。 ,She is an electrician. ,Dheweke listrik. ,He is electric. ,ಅವಳು ಎಲೆಕ್ಟ್ರಿಷಿಯನ್. ,She's an electrician. ,Ол электрик. ,He is an electrician. 
She is an EMT specialist.,Nws yog tus kws tshaj lij EMT. ,He is an EMT specialist. ,EMT szakember. ,EMT specialist. ,Hún er EMT sérfræðingur. ,She is an EMT specialist. ,Ọ bụ ọkachamara EMT. ,He is an EMT professional. ,Dia adalah seorang spesialis EMT. ,She is an EMT specialist. ,Is speisialtóir EMT í. ,She is an EMT specialist. ,È una specialista EMT. ,She is an EMT specialist. ,彼女はEMTスペシャリストです。 ,She is an EMT specialist. ,Dheweke spesialis EMT. ,She is an EMT specialist. ,ಅವಳು ಇಎಂಟಿ ತಜ್ಞ. ,She is an EMT expert. ,Ол EMT маманы. ,He is an EMT specialist. 
She is a farmer.,Nws yog neeg ua liaj ua teb. ,He was a farmer. ,Ő gazda. ,He is a farmer. ,Hún er bóndi. ,She's a farmer. ,Ọ bụ onye ọrụ ugbo. ,He is a farmer. ,Dia adalah seorang petani. ,He is a farmer. ,Is feirmeoir í. ,She is a farmer. ,È una contadina. ,She is a peasant. ,彼女は農夫です。 ,She is a farmer ,Dheweke petani. ,He was a farmer. ,ಅವಳು ಕೃಷಿಕ. ,She is a farmer. ,Ол фермер. ,He is a farmer. 
She is a filmmaker.,Nws yog tus kws ua yeeb yaj kiab. ,He is an artist. ,Filmrendező. ,Film director. ,Hún er kvikmyndagerðarmaður. ,She's a filmmaker. ,Ọ bụ onye na-eme ihe nkiri. ,He is an actor. ,Dia adalah seorang pembuat film. ,He is a filmmaker. ,Is scannánóir í. ,She is a filmmaker. ,È una regista. ,She is a director. ,彼女は映画製作者です。 ,She is a filmmaker. ,Dheweke dadi pembuat film. ,He was a filmmaker. ,ಅವಳು ಚಲನಚಿತ್ರ ನಿರ್ಮಾಪಕಿ. ,She is a filmmaker. ,Ол кинорежиссер. ,He is a film director. 
She is a firefighter.,Nws yog tus tua hluav taws. ,He is a firefighter. ,Tűzoltó. ,Fireman. ,Hún er slökkviliðsmaður. ,She's a firefighter. ,Ọ bụ ọkụ ọkụ. ,It's hot. ,Dia adalah seorang petugas pemadam kebakaran. ,He is a firefighter. ,Is comhraiceoir dóiteáin í. ,She is a firefighter. ,È un pompiere. ,He is a firefighter. ,彼女は消防士です。 ,She is a firefighter. ,Dheweke dadi petugas pemadam kebakaran. ,He was a firefighter. ,ಅವಳು ಅಗ್ನಿಶಾಮಕ ಸಿಬ್ಬಂದಿ. ,She's a firefighter. ,Ол өрт сөндіруші. ,He is a firefighter. 
She is a fisherman.,Nws yog neeg nuv ntses. ,He was a fisherman. ,Halász. ,Fisherman. ,Hún er sjómaður. ,She's a fisherman. ,Ọ bụ onye ọkụ azụ. ,He is a fisherman. ,Dia adalah seorang nelayan. ,He is a fisherman. ,Is iascaire í. ,She is a fisherman. ,È una pescatrice. ,She is a fisherwoman. ,彼女は漁師です。 ,She is a fisherman. ,Dheweke nelayan. ,He was a fisherman. ,ಅವಳು ಮೀನುಗಾರ. ,She is a fisherman. ,Ол балықшы. ,He is a fisherman. 
She is a flight attendant.,Nws yog tus tsav dav hlau. ,He was the pilot. ,Ő egy légiutas-kísérő. ,He's a flight attendant. ,Hún er flugfreyja. ,She's a flight attendant. ,Ọ bụ onye nlekọta ụgbọ elu. ,He is a flight attendant. ,Dia adalah pramugari. ,She is a flight attendant. ,Is freastalaí eitilte í. ,She is a flight attendant. ,Lei è un assistente di volo. ,She is a flight attendant. ,彼女はフライトアテンダントです。 ,She is a flight attendant. ,Dheweke dadi pramugari. ,She was a flight attendant. ,ಅವಳು ಫ್ಲೈಟ್ ಅಟೆಂಡೆಂಟ್. ,She’s a flight attendant. ,Ол стюардесса. ,She is a flight attendant. 
She is a geneticist.,Nws yog caj ces. ,He is genetic. ,Ő genetikus. ,He is a geneticist. ,Hún er erfðafræðingur. ,She's a geneticist. ,Ọ bụ mkpụrụ ndụ ihe nketa. ,It's too loud to hear anything. ,Dia adalah seorang ahli genetika. ,He is a geneticist. ,Is géineolaí í. ,She is a geneticist. ,È una genetista. ,She is a geneticist. ,彼女は遺伝学者です。 ,She is a geneticist. ,Dheweke ahli genetika. ,He is a geneticist. ,ಅವಳು ತಳಿವಿಜ್ಞಾನಿ. ,She is a geneticist. ,Ол генетик. ,He is a geneticist. 
She is a geologist.,Nws yog geologist. ,He is a geologist. ,Ő geológus. ,He is a geologist. ,Hún er jarðfræðingur. ,She's a geologist. ,Ọ bụ ọkà mmụta banyere ala. ,He is a geologist. ,Dia adalah seorang ahli geologi. ,He is a geologist. ,Is geolaí í. ,She is a geologist. ,È una geologa. ,She is a geologist. ,彼女は地質学者です。 ,She is a geologist. ,Dheweke ahli geologi. ,He is a geologist. ,ಅವಳು ಭೂವಿಜ್ಞಾನಿ. ,She is a geologist. ,Ол геолог. ,He is a geologist. 
She is a graphic designer.,Nws yog tus qauv kos duab. ,It is an art form. ,Grafikus. ,Graphic. ,Hún er grafískur hönnuður. ,She is a graphic designer. ,Ọ bụ onye na-ese ihe osise. ,He is a painter. ,Dia adalah seorang desainer grafis. ,He is a graphic designer. ,Is dearthóir grafach í. ,She is a graphic designer. ,È una graphic designer. ,She is a graphic designer. ,彼女はグラフィックデザイナーです。 ,She is a graphic designer. ,Dheweke desainer grafis. ,She is a graphic designer. ,ಅವಳು ಗ್ರಾಫಿಕ್ ಡಿಸೈನರ್. ,She is a graphic designer. ,Ол графикалық дизайнер. ,He is a graphic designer. 
She is a human resource specialist.,Nws yog tus kws tshaj lij ntawm cov khoom siv hauv tib neeg. ,He is an expert in human medicine. ,Humánerőforrás-szakember. ,Human resources specialist. ,Hún er mannauðsfræðingur. ,She's a human resources specialist. ,Ọ bụ ọkachamara n'ihe gbasara mmadụ. ,He is a social worker. ,Dia adalah spesialis sumber daya manusia. ,He is a human resources specialist. ,Is speisialtóir acmhainní daonna í. ,She is a human resources specialist. ,È una specialista delle risorse umane. ,She is a human resources specialist. ,彼女は人事のスペシャリストです。 ,She is a human resources specialist. ,Dheweke spesialis sumber daya manungsa. ,He specializes in human resources. ,ಅವಳು ಮಾನವ ಸಂಪನ್ಮೂಲ ತಜ್ಞ. ,She is an HR specialist. ,Ол кадрлармен жұмыс жөніндегі маман. ,He is a HR specialist. 
She is an immunologist.,Nws yog cov neeg siv tshuaj tiv thaiv kab mob. ,It is a vaccine people. ,Immunológus. ,Immunologist. ,Hún er ónæmisfræðingur. ,She's an immunologist. ,Ọ bụ ọkachamara n’ahụ maka ahụ́ ike. ,He is a health professional. ,Dia adalah seorang ahli imunologi. ,He is an immunologist. ,Is imdhíoneolaí í. ,She is an immunologist. ,È un'immunologa. ,She is an immunologist. ,彼女は免疫学者です。 ,She is an immunologist. ,Dheweke imunologis. ,She is immunological. ,ಅವಳು ರೋಗನಿರೋಧಕ. ,She is immune. ,Ол иммунолог. ,He is an immunologist. 
She is an interpreters.,Nws yog cov txhais lus. ,It is the translation. ,Tolmács. ,Translator. ,Hún er túlkur. ,She's an interpreter. ,Ọ bụ ndị ntụgharị okwu. ,It's too loose. ,Dia adalah seorang penerjemah. ,He is a translator. ,Is ateangairí í. ,She is an interpreter. ,È interprete. ,He is an interpreter. ,彼女は通訳です。 ,She is an interpreter. ,Dheweke minangka juru basa. ,He is an interpreter. ,ಅವಳು ವ್ಯಾಖ್ಯಾನಕಾರ. ,She is a commentator. ,Ол аудармашы. ,He is a translator. 
She is a jeweller.,Nws yog lub pob zeb kub. ,It is a golden stone. ,Ékszerész. ,Jeweler. ,Hún er skartgripasmiður. ,She's a jeweler. ,Ọ bụ ọla. ,It is metal. ,Dia adalah seorang perhiasan. ,She is a jeweler. ,Is seodóir í. ,She is a jeweler. ,È una gioielliera. ,She is a jeweler. ,彼女は宝石商です。 ,She is a jeweler. ,Dheweke perhiasan. ,Her jewelry. ,ಅವಳು ಆಭರಣ ವ್ಯಾಪಾರಿ. ,She is a jewelry dealer. ,Ол зергер. ,She is a jeweler. 
She is a lawyer.,Nws yog ib tus kws lij choj. ,He is a lawyer. ,Ő egy ügyvéd. ,He's a lawyer. ,Hún er lögfræðingur. ,She's a lawyer. ,Ọ bụ onye ọka iwu. ,He is a lawyer. ,Dia adalah seorang pengacara. ,He is a lawyer. ,Is dlíodóir í. ,She is a lawyer. ,Lei è un avvocato. ,She is a lawyer. ,彼女は弁護士です。 ,She is a lawyer. ,Dheweke pengacara. ,She is a lawyer. ,ಅವಳು ವಕೀಲ. ,She is a lawyer. ,Ол заңгер. ,He is a lawyer. 
She is a librarian.,Nws yog qhov chaw khaws ntawv nyeem. ,It is a library. ,Könyvtáros. ,Librarian. ,Hún er bókavörður. ,She's a librarian. ,Ọ bụ onye na-agụ akwụkwọ. ,He is a reader. ,Dia adalah seorang pustakawan. ,He is a librarian. ,Is leabharlannaí í. ,She is a librarian. ,È una bibliotecaria. ,She is a librarian. ,彼女は司書です。 ,She is a librarian. ,Dheweke dadi pustakawan. ,He was a librarian. ,ಅವಳು ಗ್ರಂಥಪಾಲಕ. ,She is the librarian. ,Ол кітапханашы. ,He is a librarian. 
She is a licensed practical nurse.,Nws yog ib tus neeg saib mob uas muaj ntawv tso cai. ,It is a licensed nurse. ,Engedélyezett gyakorlati nővér. ,Authorized practical nurse. ,Hún er löggiltur verkfræðingur. ,She is a certified engineer. ,Ọ bụ nọọsụ nwere ikike. ,She is a licensed nurse. ,Dia adalah perawat praktis berlisensi. ,She is a licensed practical nurse. ,Is altra praiticiúil ceadúnaithe í. ,She is a licensed practical nurse. ,È un'infermiera pratica autorizzata. ,She is a licensed practical nurse. ,彼女は准看護師です。 ,She is an associate nurse. ,Dheweke minangka perawat praktis sing dilisensi. ,She is a licensed practical nurse. ,ಅವಳು ಪರವಾನಗಿ ಪಡೆದ ಪ್ರಾಯೋಗಿಕ ದಾದಿ. ,She is a licensed clinical nurse. ,Ол лицензияланған практикалық мейірбике. ,She is a licensed practical nurse. 
She is a mechanic.,Nws yog tus kws kho tsheb. ,He is a mechanic. ,Szerelő. ,Mechanic. ,Hún er vélvirki. ,She's a mechanic. ,Ọ bụ onye na-arụ ụgbọ ala. ,He is a car mechanic. ,Dia adalah seorang mekanik. ,He is a mechanic. ,Is meicneoir í. ,She is a mechanic. ,È un meccanico. ,He is a mechanic. ,彼女は整備士です。 ,She is a mechanic. ,Dheweke mekanik. ,He was a mechanic. ,ಅವಳು ಮೆಕ್ಯಾನಿಕ್. ,She's a mechanic. ,Ол механик. ,He is a mechanic. 
She is a medical laboratory scientist.,Nws yog ib tus neeg paub txog lub chaw kuaj mob. ,He is an expert on the clinic. ,Orvosi laboratóriumi tudós. ,Medical laboratory scientist. ,Hún er vísindamaður á læknisfræðistofu. ,She is a scientist in a medical practice. ,Ọ bụ ọkà mmụta sayensị ụlọ ọgwụ. ,He is a hospital scientist. ,Dia adalah seorang ilmuwan laboratorium medis. ,He is a medical laboratory scientist. ,Is eolaí saotharlainne míochaine í. ,She is a medical laboratory scientist. ,È una scienziata di laboratorio medico. ,She is a medical laboratory scientist. ,彼女は臨床検査科学者です。 ,She is a laboratory scientist. ,Dheweke minangka ilmuwan laboratorium medis. ,He is a medical laboratory scientist. ,ಅವಳು ವೈದ್ಯಕೀಯ ಪ್ರಯೋಗಾಲಯ ವಿಜ್ಞಾನಿ. ,She is a medical laboratory scientist. ,Ол медициналық зертхананың ғалымы. ,He is a scientist in a medical laboratory. 
She is a meteorologist.,Nws yog neeg nruab nrab ntawm lub hnub qub. ,He is the average person of the stars. ,Meteorológus. ,Meteorologist. ,Hún er veðurfræðingur. ,She's a meteorologist. ,Ọ bụ ọkà mmụta ihu igwe. ,He is a meteorologist. ,Dia adalah seorang ahli meteorologi. ,He is a meteorologist. ,Is meitéareolaí í. ,She is a meteorologist. ,È una meteorologa. ,She is a meteorologist. ,彼女は気象学者です。 ,She is a meteorologist. ,Dheweke meteorologi. ,He is a meteorologist. ,ಅವಳು ಹವಾಮಾನಶಾಸ್ತ್ರಜ್ಞ. ,She is a meteorologist. ,Ол метеоролог. ,He is a meteorologist. 
She is a midwife.,Nws yog tus pab tiv thaiv me nyuam. ,She is a child protection advocate. ,Szülésznő. ,Midwife. ,Hún er ljósmóðir. ,She's a midwife. ,Ọ bụ nwanyị na-eji ime. ,She is a pregnant woman. ,Dia adalah seorang bidan. ,She is a midwife. ,Is bean chabhartha í. ,She is a midwife. ,È un'ostetrica. ,She is a midwife. ,彼女は助産師です。 ,She is a midwife. ,Dheweke bidan. ,She is a midwife. ,ಅವಳು ಸೂಲಗಿತ್ತಿ. ,She is the midwife. ,Ол акушерка. ,She is a midwife. 
She is a military officer.,Nws yog tus thawj tub rog. ,He is the commander. ,Katonatiszt. ,Military officer. ,Hún er herforingi. ,She's a military commander. ,Ọ bụ onyeisi ndị agha. ,He was a commander. ,Dia adalah seorang perwira militer. ,He is a military officer. ,Is oifigeach míleata í. ,She is a military officer. ,È un ufficiale militare. ,He is a military officer. ,彼女は軍の将校です。 ,She is a military officer. ,Dheweke dadi perwira militer. ,He was a military officer. ,ಅವಳು ಮಿಲಿಟರಿ ಅಧಿಕಾರಿ. ,She is a military officer. ,Ол әскери офицер. ,He is a military officer. 
She is a nutritionist.,Nws yog neeg noj zaub mov. ,He is a foodie. ,Táplálkozási szakember. ,Nutritionist. ,Hún er næringarfræðingur. ,She's a nutritionist. ,Ọ bụ ọkachamara n’ihe banyere nri. ,He specializes in food. ,Dia adalah seorang ahli gizi. ,He is a nutritionist. ,Is cothaitheoir í. ,She is a nurturer. ,È una nutrizionista. ,She is a nutritionist. ,彼女は栄養士です。 ,She is a nutritionist. ,Dheweke ahli gizi. ,She is a nutritionist. ,ಅವಳು ಪೌಷ್ಟಿಕತಜ್ಞ. ,She is a nutritionist. ,Ол диетолог. ,He is a nutritionist. 
She is an oceanographer.,Nws yog neeg tshawb fawb hiav txwv. ,He is a sea explorer. ,Óceánográfus. ,Oceanographer. ,Hún er haffræðingur. ,She's an oceanographer. ,Ọ bụ onye na-ese n'oké osimiri. ,He is a painter at sea. ,Dia adalah seorang ahli kelautan. ,He is an oceanographer. ,Is aigéaneolaí í. ,She is an oceanographer. ,È un'oceanografa. ,She is an oceanographer. ,彼女は海洋学者です。 ,She is an oceanographer. ,Dheweke ahli ilmu laut. ,He is a marine scientist. ,ಅವಳು ಸಮುದ್ರಶಾಸ್ತ್ರಜ್ಞ. ,She is an oceanographer. ,Ол мұхиттанушы. ,He is an oceanographer. 
She is an osteopath.,Nws yog ib osteopath. ,He is an osteopath. ,Osteopata. ,Osteopath. ,Hún er osteópati. ,She's an osteopath. ,Ọ na-bụ osteopath. ,He is an osteopath. ,Dia adalah seorang ahli osteopati. ,He is an osteopath. ,Is osteopath í. ,She is an osteopath. ,Lei è un osteopata. ,She is an osteopath. ,彼女は整骨医です。 ,She is an osteopath. ,Dheweke osteopat. ,She is an osteopath. ,ಅವಳು ಆಸ್ಟಿಯೋಪಾತ್. ,She is an osteopath. ,Ол остеопат. ,He is an osteopath. 
She is a painter.,Nws yog tus neeg pleev kob. ,He was a painter. ,Festőművész. ,Painter. ,Hún er málari. ,She's a painter. ,Ọ bụ onye na-ese ihe. ,He is an artist. ,Dia adalah seorang pelukis. ,He is a painter. ,Is péintéir í. ,She is a painter. ,È una pittrice. ,She is a painter. ,彼女は画家です。 ,She is a painter. ,Dheweke pelukis. ,She is a painter. ,ಅವಳು ವರ್ಣಚಿತ್ರಕಾರ. ,She is a painter. ,Ол суретші. ,He is an artist. 
She is a paramedic.,Nws yog ib tug paramedic. ,He is a paramedic. ,Mentős. ,Paramedic. ,Hún er sjúkraliði. ,She's a paramedic. ,Ọ bụ paramedic. ,He is a paramedic. ,Dia adalah seorang paramedis. ,He is a paramedic. ,Is paraimhíochaineoir í. ,She is a paramedic. ,È un paramedico. ,He is a paramedic. ,彼女は救急救命士です。 ,She is a paramedic. ,Dheweke dadi paramedis. ,He was a paramedic. ,ಅವಳು ಅರೆವೈದ್ಯ. ,She is a paramedic. ,Ол фельдшер. ,He is a paramedic. 
She is a pathologist.,Nws yog tus kawm txog kab mob. ,He is a theologian. ,Patológus. ,Pathologist. ,Hún er meinatæknir. ,She's a pathologist. ,Ọ bụ ọkà n’akparamàgwà mmadụ. ,He is a psychologist. ,Dia adalah seorang ahli patologi. ,He is a pathologist. ,Is paiteolaí í. ,She is a pathologist. ,È una patologa. ,She is a pathologist. ,彼女は病理医です。 ,She is a pathologist. ,Dheweke ahli patologis. ,He is a pathologist. ,ಅವಳು ರೋಗಶಾಸ್ತ್ರಜ್ಞ. ,She is a pathologist. ,Ол патолог. ,He is a pathologist. 
She is a pharmacologist.,Nws yog tus kws tshuaj. ,He is a pharmacist. ,Ő gyógyszerész. ,He's a pharmacist. ,Hún er lyfjafræðingur. ,She's a pharmacist. ,Ọ bụ ọkà mmụta ọgwụ na ọgwụ. ,He is a pharmacologist and pharmacist. ,Dia adalah seorang farmakolog. ,He is a pharmacologist. ,Is cógaseolaí í. ,She is a pharmacologist. ,È farmacologa. ,She is a pharmacologist. ,彼女は薬理学者です。 ,She is a pharmacologist. ,Dheweke ahli farmasi. ,She is a pharmacist. ,ಅವಳು c ಷಧಶಾಸ್ತ್ರಜ್ಞ. ,She is a c oncologist. ,Ол фармаколог. ,He is a pharmacologist. 
She is a philosopher.,Nws yog tus kws txawj xav. ,He is an expert. ,Filozófus. ,Philosopher. ,Hún er heimspekingur. ,She's a philosopher. ,Ọ bụ ọkà ihe ọmụma. ,He is a philosopher. ,Dia adalah seorang filsuf. ,He is a philosopher. ,Is fealsamh í. ,She is a philosopher. ,È una filosofa. ,She is a philosopher. ,彼女は哲学者です。 ,She is a philosopher. ,Dheweke filsuf. ,He was a philosopher. ,ಅವಳು ದಾರ್ಶನಿಕ. ,She's a visionary. ,Ол философ. ,He is a philosopher. 
She is a photographer.,Nws yog tus kws yees duab. ,He is a photographer. ,Fotós. ,Photographer. ,Hún er ljósmyndari. ,She's a photographer. ,Ọ bụ onye na-ese foto. ,He is a photographer. ,Dia adalah seorang fotografer. ,He is a photographer. ,Is grianghrafadóir í. ,She is a photographer. ,È una fotografa. ,She is a photographer. ,彼女は写真家です。 ,She is a photographer. ,Dheweke dadi fotografer. ,He was a photographer. ,ಅವಳು ographer ಾಯಾಗ್ರಾಹಕ. ,She is a photographer. ,Ол фотограф. ,He is a photographer. 
She is a physician assistant.,Nws yog kws kho mob pabcuam. ,He is a physician assistant. ,Orvosi asszisztens. ,Medical assistant. ,Hún er læknishjálp. ,She's a doctor. ,Ọ bụ osote dibịa. ,He is the Deputy Physician. ,Dia adalah asisten dokter. ,He is a doctor's assistant. ,Is cúntóir lia í. ,She is a medical assistant. ,È assistente medico. ,He is a medical assistant. ,彼女は医師の助手です。 ,She is a doctor's assistant. ,Dheweke dadi asisten dokter. ,He was an assistant physician. ,ಅವಳು ವೈದ್ಯ ಸಹಾಯಕ. ,She is a physician assistant. ,Ол дәрігердің көмекшісі. ,He is a doctor's assistant. 
She is a physicist.,Nws yog ib tug kws kho kho mob lub cev. ,He is a physical therapist. ,Ő fizikus. ,He is a physicist. ,Hún er eðlisfræðingur. ,She's a physicist. ,Ọ bụ dibia bekee. ,He is an English physician. ,Dia adalah seorang fisikawan. ,He is a physicist. ,Is fisiceoir í. ,She is a physicist. ,È una fisica. ,It is a physics. ,彼女は物理学者です。 ,She is a physicist. ,Dheweke fisika. ,He is a physicist. ,ಅವಳು ಭೌತಶಾಸ್ತ್ರಜ್ಞ. ,She is a physicist. ,Ол физик. ,He is a physicist. 
She is a pilot.,Nws yog tus tsav. ,He is the driver. ,Pilóta. ,Pilot. ,Hún er flugmaður. ,She's a pilot. ,Ọ bụ onye na-anya ụgbọelu. ,He is a pilot. ,Dia adalah seorang pilot. ,He is a pilot. ,Is píolótach í. ,She is a pilot. ,Lei è un pilota. ,She is a pilot. ,彼女はパイロットです。 ,She is a pilot ,Dheweke pilot. ,He was a pilot. ,ಅವಳು ಪೈಲಟ್. ,She's a pilot. ,Ол ұшқыш. ,He is a pilot. 
She is a plumber.,Nws yog neeg ua haujlwm khaws cia. ,He is a storage worker. ,Vízvezeték-szerelő. ,Plumber. ,Hún er pípulagningamaður. ,She's a plumber. ,Ọ bụ plọmba. ,It's a plumbing. ,Dia adalah seorang tukang ledeng. ,He is a plumber. ,Is pluiméir í. ,She is a plumber. ,È un idraulico. ,He is a plumber. ,彼女は配管工です。 ,She is a plumber. ,Dheweke tukang ledeng. ,He was a plumber. ,ಅವಳು ಕೊಳಾಯಿಗಾರ. ,She is a plumber. ,Ол сантехник. ,He is a plumber. 
She is a politician.,Nws yog ib tug politician. ,He is a politician. ,Ő politikus. ,He is a politician. ,Hún er stjórnmálamaður. ,She's a politician. ,Ọ bụ onye ndọrọ ndọrọ ọchịchị. ,He is a politician. ,Dia adalah seorang politisi. ,He is a politician. ,Is polaiteoir í. ,She is a politician. ,È una politica. ,It is a policy. ,彼女は政治家です。 ,She is a politician. ,Dheweke dadi politisi. ,He was a politician. ,ಅವಳು ರಾಜಕಾರಣಿ. ,She is a politician. ,Ол саясаткер. ,He is a politician. 
She is a receptionist.,Nws yog tus txais tos. ,She is welcoming. ,Recepciós. ,Receptionist. ,Hún er móttökuritari. ,She's a receptionist. ,Ọ bụ onye nnabata. ,He is a host. ,Dia adalah seorang resepsionis. ,She is a receptionist. ,Is fáilteoir í. ,She is a receptionist. ,È una receptionist. ,She is a receptionist. ,彼女は受付係です。 ,She is a receptionist. ,Dheweke resepsionis. ,She is a receptionist. ,ಅವಳು ಸ್ವಾಗತಕಾರ. ,She's a receptionist. ,Ол қабылдаушы. ,He is the host. 
She is a registered nurse.,Nws yog tus neeg saib xyuas mob. ,She is a nurse. ,Regisztrált nővér. ,Registered nurse. ,Hún er löggiltur hjúkrunarfræðingur. ,She is a certified nurse. ,Ọ bụ nọọsụ nọọsụ. ,She is a nurse practitioner. ,Dia adalah perawat terdaftar. ,She is a registered nurse. ,Is altra cláraithe í. ,She is a registered nurse. ,È un'infermiera registrata. ,She is a registered nurse. ,彼女は登録看護師です。 ,She is a registered nurse. ,Dheweke dadi perawat sing ndaftar. ,She is a registered nurse. ,ಅವಳು ನೋಂದಾಯಿತ ನರ್ಸ್. ,She is a registered nurse. ,Ол тіркелген мейірбике. ,She is a registered nurse. 
She is a salesman.,Nws yog tus muag khoom. ,He is the seller. ,Eladó. ,Seller. ,Hún er sölumaður. ,She's a saleswoman. ,O bu onye ahia ahia. ,He is a businessman. ,Dia adalah seorang salesman. ,He is a salesman. ,Is díoltóir í. ,She is a seller. ,È una commessa. ,It is a saleswoman. ,彼女はセールスマンです。 ,She is a salesman. ,Dheweke dadi salesman. ,He was a salesman. ,ಅವಳು ಸೇಲ್ಸ್‌ಮ್ಯಾನ್. ,She's a salesman. ,Ол сатушы. ,He is a seller. 
She is a salesperson.,Nws yog tus neeg muag khoom. ,He is the seller. ,Értékesítő. ,Salesman. ,Hún er sölumaður. ,She's a saleswoman. ,O bu onye ahia ahia. ,He is a businessman. ,Dia adalah seorang penjual. ,He is a salesperson. ,Is díoltóir í. ,She is a seller. ,È una commessa. ,It is a saleswoman. ,彼女は販売員です。 ,She is a salesperson. ,Dheweke dadi salesman. ,He was a salesman. ,ಅವಳು ಮಾರಾಟಗಾರ. ,She is a salesman. ,Ол сатушы. ,He is a seller. 
She is a scientist.,Nws yog ib tus kws tshawb fawb. ,He is a scientist. ,Tudós. ,Scientist. ,Hún er vísindamaður. ,She's a scientist. ,Ọ bụ ọkà mmụta sayensị. ,He is a scientist. ,Dia adalah seorang ilmuwan. ,He is a scientist. ,Is eolaí í. ,She is a scientist. ,È una scienziata. ,She is a scientist. ,彼女は科学者です。 ,She is a scientist ,Dheweke ilmuwan. ,He is a scientist. ,ಅವಳು ವಿಜ್ಞಾನಿ. ,She is a scientist. ,Ол ғалым. ,He is a scientist. 
She is a sea captain.,Nws yog tus thawj tsav hiav txwv. ,He was the captain of the sea. ,Tengeri kapitány. ,Sea Captain. ,Hún er skipstjóri á sjó. ,She's a captain at sea. ,Ọ bụ onyeisi ụgbọ mmiri. ,He is the captain of a ship. ,Dia adalah seorang kapten laut. ,He is a sea captain. ,Is captaen farraige í. ,She is a sea captain. ,È un capitano di mare. ,He is a sea captain. ,彼女は船長です。 ,She is the captain. ,Dheweke dadi kapten segara. ,He was the captain of the navy. ,ಅವಳು ಸಮುದ್ರ ಕ್ಯಾಪ್ಟನ್. ,She is a sea captain. ,Ол теңіз капитаны. ,He is a naval captain. 
She is a secretary.,Nws yog tus khaws ntaub ntawv. ,He is the registrar. ,Ő egy titkárnő. ,She is a secretary. ,Hún er ritari. ,She's a secretary. ,Ọ bụ odeakwụkwọ. ,He is the secretary. ,Dia adalah sekretaris. ,She is a secretary. ,Is rúnaí í. ,She is a secretary. ,Lei è una segretaria. ,She is a secretary. ,彼女は秘書です。 ,She is a secretary ,Dheweke dadi sekretaris. ,He was secretary. ,ಅವಳು ಕಾರ್ಯದರ್ಶಿ. ,She is the secretary. ,Ол хатшы. ,He is a secretary. 
She is a singer.,Nws yog tus hu nkauj. ,She is a singer. ,Ő énekes. ,She is a singer. ,Hún er söngkona. ,She's a singer. ,Ọ bụ onye ọbụ abụ. ,He was a singer. ,Dia adalah seorang penyanyi. ,He is a singer. ,Is amhránaí í. ,She is a singer. ,Lei è una cantante. ,She is a singer. ,彼女は歌手です。 ,She is a singer ,Dheweke dadi penyanyi. ,She is a singer. ,ಅವಳು ಗಾಯಕಿ. ,She's a singer. ,Ол әнші. ,She is a singer. 
She is a solicitor.,Nws yog tus daws kev nyuaj siab. ,He is the antidote to depression. ,Ügyvéd. ,Lawyer. ,Hún er lögfræðingur. ,She's a lawyer. ,Ọ bụ onye ọka iwu. ,He is a lawyer. ,Dia adalah seorang pengacara. ,He is a lawyer. ,Is aturnae í. ,She is an attorney. ,È un avvocato. ,He is a lawyer. ,彼女は弁護士です。 ,She is a lawyer. ,Dheweke dadi pengacara. ,He was a lawyer. ,ಅವಳು ಸಾಲಿಸಿಟರ್. ,She is a solicitor. ,Ол адвокат. ,He is a barrister. 
She is a speech pathologist.,Nws yog tus hais lus kho mob. ,He is a medical speaker. ,Beszédpatológus. ,Speech pathologist. ,Hún er talmeinafræðingur. ,She's a speech pathologist. ,O bu dibia bekee na ekwu okwu. ,He is an English doctor. ,Dia adalah seorang ahli patologi wicara. ,He is a speech pathologist. ,Is paiteolaí cainte í. ,She is a speech pathologist. ,È una logopedista. ,She is a speech therapist. ,彼女は言語病理学者です。 ,She is a language pathologist. ,Dheweke ahli patologi pidato. ,He is a speech pathologist. ,ಅವಳು ಸ್ಪೀಚ್ ಪ್ಯಾಥಾಲಜಿಸ್ಟ್. ,She is a speech pathologist. ,Ол дефектолог. ,He is a speech pathologist. 
She is a speech-language pathologist.,Nws yog tus kws kho mob hais lus. ,He is a speech therapist. ,Beszédnyelvi patológus. ,Spoken pathologist. ,Hún er talmeinafræðingur. ,She's a speech pathologist. ,Ọ bụ ọkà mmụta asụsụ na-asụ asụsụ. ,He is a linguist. ,Dia adalah ahli patologi wicara-bahasa. ,He is a speech-language pathologist. ,Is paiteolaí teanga urlabhra í. ,She is a speech language pathologist. ,È una patologa del linguaggio. ,She is a speech pathologist. ,彼女は言語聴覚士です。 ,She is a speech therapist. ,Dheweke ahli patologi basa wicara. ,He is a speech pathologist. ,ಅವಳು ಭಾಷಣ-ಭಾಷೆಯ ರೋಗಶಾಸ್ತ್ರಜ್ಞ. ,She is a speech-language pathologist. ,Ол дефектолог. ,He is a speech pathologist. 
She is a statistician.,Nws yog tus txheeb cais. ,It is a statistic. ,Statisztikus. ,Statistician. ,Hún er tölfræðingur. ,She's a statistician. ,Ọ bụ onye ọnụ ọgụgụ. ,He is a figure. ,Dia adalah seorang ahli statistik. ,He is a statistician. ,Is staitisteoir í. ,She is a statistician. ,È una statistica. ,It's a statistic. ,彼女は統計学者です。 ,She is a statistician. ,Dheweke statistikawan. ,He is a statistician. ,ಅವಳು ಸಂಖ್ಯಾಶಾಸ್ತ್ರಜ್ಞ. ,She is a statistician. ,Ол статист. ,He is a statistician. 
She is a surveyor.,Nws yog tus soj ntsuam. ,He is the inspector. ,Földmérő. ,Surveyor. ,Hún er landmælingamaður. ,She's a surveyor. ,Ọ bụ onye nyocha. ,He is a researcher. ,Dia adalah seorang surveyor. ,He is a surveyor. ,Is suirbhéir í. ,She is a surveyor. ,È un geometra. ,He is a surveyor. ,彼女は測量士です。 ,She is a surveyor. ,Dheweke surveyor. ,He was a surveyor. ,ಅವಳು ಸರ್ವೇಯರ್. ,She is a surveyor. ,Ол маркшейдер. ,He is a surveyor. 
She is a therapist.,Nws yog tus kws kho mob. ,He is a doctor. ,Terapeuta. ,Therapist. ,Hún er meðferðaraðili. ,She's a therapist. ,Ọ bụ onye na-agwọ ọrịa. ,He was a healer. ,Dia adalah seorang terapis. ,He is a therapist. ,Is teiripeoir í. ,She is a therapist. ,È una terapista. ,She is a therapist. ,彼女はセラピストです。 ,She is a therapist. ,Dheweke ahli terapi. ,She is a therapist. ,ಅವಳು ಚಿಕಿತ್ಸಕ. ,She is a therapist. ,Ол терапевт. ,He is a therapist. 
She is an undertaker.,Nws yog tus lees paub. ,He is the guarantor. ,Temetkezési vállalkozó. ,Undertaker. ,Hún er útfararstjóri. ,She's a funeral director. ,Ọ bụ onye na-eli ozu. ,He is a funeral director. ,Dia adalah seorang pengurus. ,He is a steward. ,Is gnóthaire í. ,She is an undertaker. ,È un becchino. ,He's a gravedigger. ,彼女は葬儀屋です。 ,She is a funeral director. ,Dheweke dadi tenaga kerja. ,He was a laborer. ,ಅವಳು ಕೆಲಸಗಾರ. ,She is a worker. ,Ол кәсіпкер. ,He is an entrepreneur. 
She is an urban planner.,Nws yog tus npaj hauv nroog loj. ,He was a big city planner. ,Várostervező. ,City planner. ,Hún er borgarskipuleggjandi. ,She's a city planner. ,Ọ bụ onye na-eme atụmatụ ime obodo. ,He is a rural planner. ,Dia adalah seorang perencana kota. ,He is a city planner. ,Is pleanálaí uirbeach í. ,She is an urban planner. ,È un'urbanista. ,She is a town planner. ,彼女は都市計画家です。 ,She is an urban planner. ,Dheweke minangka perancang kutha. ,He was a city designer. ,ಅವಳು ನಗರ ಯೋಜಕ. ,She is a city planner. ,Ол қала жоспарлаушы. ,He is a city planner. 
She is a videographer.,Nws yog tus saib video. ,He is watching the video. ,Videós. ,Video. ,Hún er myndritari. ,She's a graphic designer. ,Ọ bụ onye na-ese foto. ,He is a photographer. ,Dia adalah seorang videografer. ,He is a videographer. ,Is fís-ghrianghrafadóir í. ,She is a video photographer. ,È una videografa. ,She is a videographer. ,彼女は映像作家です。 ,She is a filmmaker. ,Dheweke dadi videografer. ,He was a videographer. ,ಅವಳು ವಿಡಿಯೋಗ್ರಾಫರ್. ,She is a videographer. ,Ол бейнематографист. ,He is a videographer. 
She is a virologist.,Nws yog ib tus virologist. ,He is a virologist. ,Virológus. ,Virologist. ,Hún er veirufræðingur. ,She's a virologist. ,Ọ bụ ọkachamara n'ọrịa. ,He is a pathologist. ,Dia adalah seorang ahli virus. ,He is a virologist. ,Is víreolaí í. ,She is a virologist. ,È una virologa. ,She is a virologist. ,彼女はウイルス学者です。 ,She is a virologist. ,Dheweke dadi ahli virologi. ,He is a virologist. ,ಅವಳು ವೈರಾಲಜಿಸ್ಟ್. ,She is a virologist. ,Ол вирусолог. ,He is a virologist. 
She is a visual artist.,Nws yog tus kos duab pom. ,It is the visible art. ,Képzőművész. ,Fine artist. ,Hún er myndlistarmaður. ,She is an artist. ,Ọ bụ onye na-ese ihe nkiri. ,He is an artist. ,Dia adalah seorang seniman visual. ,He is a visual artist. ,Is amharcealaíontóir í. ,She is a visual artist. ,È un'artista visiva. ,She is a visual artist. ,彼女はビジュアルアーティストです。 ,She is a visual artist. ,Dheweke seniman visual. ,She is a visual artist. ,ಅವಳು ದೃಶ್ಯ ಕಲಾವಿದೆ. ,She is a visual artist. ,Ол визуалды суретші. ,She is a visual artist. 
She is a waiter.,Nws yog tus uas nqa zaub mov. ,He is the one who carries the food. ,Pincér. ,Waiter. ,Hún er þjónn. ,She's a servant. ,Ọ bụ onye odibo. ,He is a servant. ,Dia adalah seorang pelayan. ,She is a servant. ,Is freastalaí í. ,She is a server. ,È una cameriera. ,She is a waitress. ,彼女はウェイターです。 ,She is a waiter. ,Dheweke dadi pelayan. ,He was a waiter. ,ಅವಳು ಮಾಣಿ. ,She's the waiter. ,Ол даяшы. ,She is a waiter. 
She is a web designer.,Nws yog tus tsim lub vev xaib. ,He is the creator of the website. ,Webdesigner. ,Webdesigner. ,Hún er vefhönnuður. ,She's a web designer. ,Ọ bụ onye na-ese ihe na weebụ. ,He is a web artist. ,Dia adalah seorang desainer web. ,He is a web designer. ,Is dearthóir gréasáin í. ,She is a web designer. ,È una web designer. ,She is a web designer. ,彼女はウェブデザイナーです。 ,She is a web designer. ,Dheweke desainer web. ,She is a web designer. ,ಅವಳು ವೆಬ್ ಡಿಸೈನರ್. ,She is a web designer. ,Ол веб-дизайнер. ,He is a web designer. 
She is a web developer.,Nws yog tus tsim tawm web. ,He is a web developer. ,Webfejlesztő. ,Web developer. ,Hún er vefhönnuður. ,She's a web designer. ,Ọ bụ web mmepe. ,It is web development. ,Dia adalah seorang pengembang web. ,He is a web developer. ,Is forbróir gréasáin í. ,She is a web developer. ,È una sviluppatrice web. ,She is a web developer. ,彼女はWeb開発者です。 ,She is a web developer. ,Dheweke dadi pangembang web. ,He is a web developer. ,ಅವಳು ವೆಬ್ ಡೆವಲಪರ್. ,She is a web developer. ,Ол веб-әзірлеуші. ,He is a web developer. 
She is a zoologist.,Nws yog qhov zoologist. ,He is a zoologist. ,Zoológus. ,Zoologist. ,Hún er dýrafræðingur. ,She's a zoologist. ,Ọ bụ ọkachamara n’ihe banyere ụmụ anụmanụ. ,He specializes in animals. ,Dia adalah seorang ahli zoologi. ,He is a zoologist. ,Is zó-eolaí í. ,She is a zoologist. ,È una zoologa. ,She is a zoologist. ,彼女は動物学者です。 ,She is a zoologist. ,Dheweke dadi ahli Zoologi. ,He was a zoologist. ,ಅವಳು ಪ್ರಾಣಿಶಾಸ್ತ್ರಜ್ಞ. ,She is a zoologist. ,Ол зоолог. ,He is a zoologist. 
