original,En2Khmer,Khmer2En,En2Kinyarwanda,Kinyarwanda2En,En2Korean,Korean2En,En2Kurdish,Kurdish2En,En2Kyrgyz,Kyrgyz2En,En2Lao,Lao2En,En2Latin,Latin2En,En2Latvian,Latvian2En,En2Lithuanian,Lithuanian2En,En2Luxembourgish,Luxembourgish2En,En2Macedonian,Macedonian2En
She is an advocate.,នាងគឺជាអ្នកតស៊ូមតិ។ ,She is an advocate. ,Ni umwunganira. ,He is a lawyer. ,그녀는 옹호자입니다. ,She is an advocate. ,Ew parêzer e. ,He is a lawyer. ,Ал адвокат. ,He is a lawyer. ,ນາງເປັນຜູ້ສະ ໜັບ ສະ ໜູນ. ,She is a shuffler. ,Est in patronum . ,A patron . ,Viņa ir advokāte. ,She is a lawyer. ,Ji yra advokatė. ,She is a lawyer. ,Si ass en Affekot. ,She's a lawyer. ,Таа е застапник. ,She is an advocate. 
She is an agriculturist.,នាងជាអ្នកកសិកម្ម។ ,She is a farmer. ,Ni umuhinzi. ,He is a farmer. ,그녀는 농업가입니다. ,She is a farmer. ,Ew çandinî ye. ,It is agricultural. ,Ал айыл чарба адиси. ,He is an agricultural specialist. ,ນາງເປັນນັກກະເສດ. ,She is a farmer. ,Et quod arator est. ,He is an agriculturist. ,Viņa ir lauksaimniece. ,She is a farmer. ,Ji yra žemės ūkio specialistė. ,She is an agricultural specialist. ,Si ass Landwirtschaft. ,She is farming. ,Таа е земјоделски работник. ,She is an agricultural worker. 
She is an aircraft pilot.,នាងគឺជាអ្នកបើកយន្ដហោះ។ ,She is a pilot. ,Ni umuderevu w'indege. ,He is a pilot. ,그녀는 항공기 조종사입니다. ,She is an aircraft pilot. ,Ew pîlotek balafirê ye. ,He is an airplane pilot. ,Ал учкуч. ,He is a pilot. ,ນາງແມ່ນນັກບິນເຮືອບິນ. ,She is an airplane pilot. ,Quæ est gubernator elit . ,What is pilot areas. ,Viņa ir lidmašīnas pilote. ,She is an airplane pilot. ,Ji yra orlaivio pilotė. ,She is an aircraft pilot. ,Si ass e Fligerpilot. ,She's an airplane pilot. ,Таа е пилот на авион. ,She is an airplane pilot. 
She is an artist.,នាងគឺជាសិល្បករ។ ,She is an artist. ,Ni umuhanzi. ,He is an artist. ,그녀는 예술가입니다. ,She is an artist. ,Ew hunermendek e. ,He is an artist. ,Ал сүрөтчү. ,He was an artist. ,ນາງແມ່ນນັກສິລະປິນ. ,She is an artist. ,Illa est artifex . ,She is an artist . ,Viņa ir māksliniece. ,She is an artist. ,Ji yra menininkė. ,She is an artist. ,Si ass eng Kënschtlerin. ,She is an artist. ,Таа е уметник. ,She is an artist. 
She is an astronomer.,នាងជាតារាវិទូ។ ,She is an astronomer. ,Ni umuhanga mu bumenyi bw'ikirere. ,He is a meteorologist. ,그녀는 천문학 자입니다. ,She is an astronomer. ,Ew stêrnasek e. ,He is an astronomer. ,Ал астроном. ,He is an astronomer. ,ນາງແມ່ນນັກດາລາສາດ. ,She is an astronomer. ,Ea autem astrologus. ,She is an astronomer. ,Viņa ir astronome. ,She is an astronomer. ,Ji yra astronomė. ,She is an astronomer. ,Si ass en Astronom. ,She is an astronomer. ,Таа е астроном. ,She is an astronomer. 
She is an attorney.,នាងគឺជាមេធាវី។ ,She is a lawyer. ,Ni umunyamategeko. ,He is a lawyer. ,그녀는 변호사입니다. ,She is a lawyer. ,Ew parêzer e. ,He is a lawyer. ,Ал адвокат. ,He is a lawyer. ,ນາງເປັນທະນາຍຄວາມ. ,She is a lawyer. ,Et attornatus est . ,The attorney said. ,Viņa ir advokāte. ,She is a lawyer. ,Ji yra advokatė. ,She is a lawyer. ,Si ass en Affekot. ,She's a lawyer. ,Таа е адвокат. ,She is a lawyer. 
She is an audiologist.,នាងគឺជាអ្នកជំនាញខាងសោតទស្សន៍។ ,She is an audio-visual expert. ,Ni umuhanga mu majwi. ,He is an expert in sound. ,그녀는 청력 학자입니다. ,She is an audiologist. ,Ew audiolojîstek e. ,He is an audiologist. ,Ал аудиолог. ,And an audiologist. ,ນາງເປັນນັກຂຽນສຽງ. ,She is a vocalist. ,Et Audiologist est . ,The Audiologist it. ,Viņa ir audioloģe. ,She is an audiologist. ,Ji yra audiologė. ,She is an audiologist. ,Si ass en Audiolog. ,She is an audiologist. ,Таа е аудиолог. ,She is an audiologist. 
She is a banker.,នាងជាធនាគារិក។ ,She is a banker. ,Ni umunyamabanki. ,He is a banker. ,그녀는 은행가입니다. ,She is a banker. ,Ew bankir e. ,He is a banker. ,Ал банкир. ,He is a banker. ,ນາງເປັນນັກທະນາຄານ. ,She is a banker. ,Ea argentariam non ignobilem fecit . ,She is a banker . ,Viņa ir baņķieris. ,She is a banker. ,Ji yra bankininkė. ,She is a banker. ,Si ass e Banquier. ,She's a banker. ,Таа е банкар. ,She is a banker. 
She is a barber.,នាងគឺជាជាងកាត់សក់។ ,She is a barber. ,Ni umusatsi. ,It's hairy. ,그녀는 이발사입니다. ,She is a barber. ,Ew berber e. ,He is a barber. ,Ал чачтарач. ,She is a barber. ,ນາງແມ່ນຊ່າງຕັດຜົມ. ,She is a barber. ,Ea tonsorem . ,She is a barber . ,Viņa ir frizētava. ,She is a hairdresser. ,Ji yra kirpėja. ,She is a hairdresser. ,Si ass e Barber. ,She's a barber. ,Таа е берберка. ,She is a barber. 
She is a bartender.,នាងគឺជាអ្នកក្រឡុកស្រា។ ,She is a bartender. ,Ni akabari. ,It is akabari. ,그녀는 바텐더입니다. ,She is a bartender. ,Ew barbar e. ,He is a barbarian. ,Ал бармен. ,And the bartender. ,ນາງແມ່ນຜູ້ທີ່ເປັນປັອກບາ. ,She is a Pokémon. ,Ea enim minister. ,She was a minister. ,Viņa ir bārmene. ,She is a bartender. ,Ji yra barmenė. ,She is a bartender. ,Si ass eng Barmanin. ,She's a bartender. ,Таа е шанкерка. ,She is a bartender. 
She is a biologist.,នាងគឺជាអ្នកជីវវិទូ។ ,She is a biologist. ,Ni umuhanga mu binyabuzima. ,He is a biologist. ,그녀는 생물 학자입니다. ,She is a biologist. ,Ew biyolojîst e. ,He is a biologist. ,Ал биолог. ,He is a biologist. ,ນາງເປັນນັກຊີວະວິທະຍາ. ,She is a biologist. ,Ea est biologus . ,She is a biologist . ,Viņa ir biologe. ,She is a biologist. ,Ji yra biologė. ,She is a biologist. ,Si ass Biologin. ,She is a biologist. ,Таа е биолог. ,She is a biologist. 
She is a bookkeeper.,នាងគឺជាអ្នកថែរក្សាសៀវភៅ។ ,She is a bookkeeper. ,Ni umubitsi. ,He is a treasurer. ,그녀는 회계사입니다. ,She is an accountant. ,Ew pirtûkfiroş e. ,He is a bookseller. ,Ал бухгалтер. ,He is an accountant. ,ນາງເປັນນັກຂຽນປື້ມ. ,She is a book writer. ,TABULARIUS est . ,The bookkeeper . ,Viņa ir grāmatvede. ,She is an accountant. ,Ji yra buhalterė. ,She is an accountant. ,Si ass e Buchhär. ,She is a bookkeeper. ,Таа е книговодител. ,She is a bookkeeper. 
She is a botanist.,នាងគឺជាអ្នកជំនាញខាងរុក្ខសាស្ត្រ។ ,She is a botanist. ,Ni umuhanga mu bimera. ,She is a botanist. ,그녀는 식물 학자입니다. ,She is a botanist. ,Ew botanîstan e. ,It is botanical. ,Ал ботаник. ,He is a botanist. ,ນາງແມ່ນນັກວິທະຍາສາດ. ,She is a scientist. ,Et botanicorum est . ,The botanists it. ,Viņa ir botāniķe. ,She is a botanist. ,Ji yra botanikė. ,She is a botanist. ,Si ass Botanikerin. ,She is a botanist. ,Таа е ботаничарка. ,She is a botanist. 
She is a builder.,នាងគឺជាអ្នកសាងសង់។ ,She is a builder. ,Ni umwubatsi. ,He is a builder. ,그녀는 건축업자입니다. ,She is a builder. ,Ew avakar e. ,He is a builder. ,Ал куруучу. ,He is a builder. ,ນາງເປັນຜູ້ກໍ່ສ້າງ. ,She is a builder. ,Illa est artifex . ,She is an artist . ,Viņa ir celtniece. ,She is a builder. ,Ji yra statybininkė. ,She is a builder. ,Si ass e Builder. ,She's a builder. ,Таа е градежник. ,She is a builder. 
She is a businessperson.,នាងគឺជាអ្នកជំនួញម្នាក់។ ,She is a businessman. ,Ni umucuruzi. ,He is a businessman. ,그녀는 사업가입니다. ,She is a businesswoman. ,Ew karsaziyek e. ,It is a business. ,Ал ишкер. ,He is an entrepreneur. ,ນາງແມ່ນນັກທຸລະກິດ. ,She is a businessman. ,Ea est businessperson . ,She is a businessperson . ,Viņa ir uzņēmēja. ,She is an entrepreneur. ,Ji yra verslininkė. ,She is an entrepreneur. ,Si ass e Geschäftsmann. ,She is a businessman. ,Таа е деловна личност. ,She is a business person. 
She is a butcher.,នាងគឺជាអ្នកសម្លាប់សត្វ។ ,She is an animal killer. ,Ni umwicanyi. ,He is a murderer. ,그녀는 정육점입니다. ,She is a butcher shop. ,Ew qesab e. ,He is a butcher. ,Ал касапчы. ,He is a butcher. ,ນາງເປັນຜູ້ຂ້າສັດ. ,She is a butcher. ,In macello est . ,In the grocery store. ,Viņa ir miesniece. ,She is a butcher. ,Ji yra mėsinė. ,She is meaty. ,Si ass Metzler. ,She is a butcher. ,Таа е касап. ,She is a butcher. 
She is a carpenter.,នាងជាជាងឈើ។ ,She is a carpenter. ,Ni umubaji. ,He is a carpenter. ,그녀는 목수입니다. ,She is a carpenter. ,Ew xerîbker e. ,He is a stranger. ,Ал жыгач уста. ,He is a carpenter. ,ນາງເປັນຊ່າງໄມ້. ,She is a carpenter. ,Est fabri lignarii. ,A carpenter. ,Viņa ir galdniece. ,She is a carpenter. ,Ji yra stalius. ,She is a carpenter. ,Si ass e Schräiner. ,She's a carpenter. ,Таа е столар. ,She is a carpenter. 
She is a cashier.,នាងគឺជាអ្នកគិតលុយ។ ,She is a cashier. ,Ni umucungamari. ,He is an accountant. ,그녀는 계산원입니다. ,She is the cashier. ,Ew kaşker e. ,He is a cashier. ,Ал кассир. ,He is a cashier. ,ນາງເປັນຜູ້ເກັບເງິນ. ,She is a cashier. ,CONLECTARIUS est . ,Cashier it. ,Viņa ir kasiere. ,She is a cashier. ,Ji yra kasininkė. ,She is a cashier. ,Si ass Caissier. ,She's a cashier. ,Таа е касиерка. ,She is a cashier. 
She is a chef.,នាងគឺជាចុងភៅ។ ,She is a chef. ,Ni umutetsi. ,He is a cook. ,그녀는 요리사입니다. ,She is a cook. ,Ew aşpêj e. ,She is a cook. ,Ал ашпозчу. ,She was a cook. ,ນາງເປັນພໍ່ຄົວ. ,She is a cook. ,Est illa chef. ,It is the chef. ,Viņa ir pavāre. ,She is a cook. ,Ji yra virėja. ,She is a chef. ,Si ass e Kach. ,She's a cook. ,Таа е готвач. ,She is a cook. 
She is a chemist.,នាងគឺជាអ្នកគីមីវិទ្យា។ ,She is a chemist. ,Ni umuhanga mu by'imiti. ,He is a chemist. ,그녀는 화학자입니다. ,She is a chemist. ,Ew kîmyager e. ,He is a chemist. ,Ал химик. ,He is a chemist. ,ນາງແມ່ນນັກເຄມີສາດ. ,She is a chemist. ,Ea est PHARMACOPOLA . ,She is a pharmacist. ,Viņa ir ķīmiķe. ,She is a chemist. ,Ji yra chemikė. ,She is a chemist. ,Si ass Chemiker. ,She is a chemist. ,Таа е хемичар. ,She is a chemist. 
She is a clergy advisor.,នាងជាទីប្រឹក្សាបព្វជិត។ ,She was a clergyman. ,Ni umujyanama w'abapadiri. ,He is a councilor of priests. ,그녀는 성직자 고문입니다. ,She is a clergy advisor. ,Ew şêwirmendê dînîtiyê ye. ,He is a religious counselor. ,Ал диний кеңешчи. ,He is a religious counselor. ,ນາງເປັນທີ່ປຶກສາພະສົງ. ,She is a monk adviser. ,Est clericos a Consiliario . ,The clerk advisor . ,Viņa ir garīdznieku padomniece. ,She is an adviser to the clergy. ,Ji yra dvasininkų patarėja. ,She is a counselor to the clergy. ,Si ass Klerusberoder. ,She is a clergy consultant. ,Таа е советник за свештенство. ,She is a priestly counselor. 
She is a clinical lab technician.,នាងគឺជាអ្នកបច្ចេកទេសមន្ទីរពិសោធន៍ព្យាបាល។ ,She is a clinical laboratory technician. ,Ni umutekinisiye wa laboratoire. ,He is a laboratory technician. ,그녀는 임상 실험실 기술자입니다. ,She is a clinical laboratory technician. ,Ew teknîsyenek laboratuwara klînîkî ye. ,He is a clinical laboratory technician. ,Ал клиникалык лаборант. ,He is a clinical laboratory assistant. ,ນາງເປັນນັກວິຊາການຫ້ອງທົດລອງທາງດ້ານການຊ່ວຍ. ,She is a clinical laboratory technician. ,Lab orci a est TECHNICUS. ,Is a clinical lab technician. ,Viņa ir klīniskā laboratorijas tehniķe. ,She is a clinical laboratory technician. ,Ji yra klinikinė laboratorijos technikė. ,She is a clinical laboratory technician. ,Si ass e klineschen Labotechniker. ,She is a clinical laboratory technician. ,Таа е техничар за клиничка лабораторија. ,She is a clinical laboratory technician. 
She is a coach.,នាងគឺជាគ្រូបង្វឹក។ ,She is a coach. ,Ni umutoza. ,He is a coach. ,그녀는 코치입니다. ,She is a coach. ,Ew rahêner e. ,He is a coach. ,Ал машыктыруучу. ,He is a coach. ,ນາງເປັນຄູຝຶກສອນ. ,She is a coach. ,A raeda est . ,From the car. ,Viņa ir trenere. ,She is a coach. ,Ji yra trenerė. ,She is a coach. ,Si ass en Trainer. ,She is a coach. ,Таа е тренер. ,She is a coach. 
She is a developer.,នាងគឺជាអ្នកអភិវឌ្ឍន៍។ ,She is a developer. ,Ni umuterimbere. ,It is progressive. ,그녀는 개발자입니다. ,She is a developer. ,Ew pêşvebirek e. ,He is a developer. ,Ал иштеп чыгуучу. ,He is a developer. ,ນາງເປັນຜູ້ພັດທະນາ. ,She is a developer. ,Ea est elit . ,She is the developer . ,Viņa ir attīstītāja. ,She is a developer. ,Ji yra kūrėja. ,She is a developer. ,Si ass en Entwéckler. ,She is a developer. ,Таа е развивач. ,She is a developer. 
She is a dietitian.,នាងគឺជាអ្នកចំណីអាហារ។ ,She is a foodie. ,Ni umuganga w'imirire. ,He is a nutritionist. ,그녀는 영양사입니다. ,She is a nutritionist. ,Ew parêzvanek parêzê ye. ,He is a lawyer advocate. ,Ал диетолог. ,He is a nutritionist. ,ນາງເປັນນັກອາຫານການກິນ. ,She is a foodie. ,Est a dietitian . ,There is a dietitian . ,Viņa ir diētas ārste. ,She is a dietician. ,Ji yra dietologė. ,She is a nutritionist. ,Si ass eng Diététicienne. ,She is a dietitian. ,Таа е диететичарка. ,She is a dietitian. 
She is an ecologist.,នាងគឺជាអ្នកបរិស្ថានវិទ្យា។ ,She is an ecologist. ,Ni ibidukikije. ,It’s the environment. ,그녀는 생태 학자입니다. ,She is an ecologist. ,Ew ekolojîst e. ,He is an ecologist. ,Ал эколог. ,He is an ecologist. ,ນາງເປັນນັກນິເວດວິທະຍາ. ,She is an ecologist. ,Et ecologist est . ,The ecologist said. ,Viņa ir ekoloģe. ,She is an ecologist. ,Ji yra ekologė. ,She is an ecologist. ,Si ass en Ökolog. ,She is an ecologist. ,Таа е екологистка. ,She is an environmentalist. 
She is an editor.,នាងជានិពន្ធនាយក។ ,She is the editor. ,Ni umwanditsi. ,He is a writer. ,그녀는 편집자입니다. ,She is an editor. ,Ew edîtor e. ,He is an editor. ,Ал редактор. ,He is an editor. ,ນາງເປັນບັນນາທິການ. ,She is an editor. ,Poetarum editor est . ,The editor . ,Viņa ir redaktore. ,She is an editor. ,Ji yra redaktorė. ,She is an editor. ,Si ass Editeur. ,She is an editor. ,Таа е уредник. ,She is an editor. 
She is an electrician.,នាងជាជាងអគ្គិសនី។ ,She is an electrician. ,Ni amashanyarazi. ,It is electricity. ,그녀는 전기 기사입니다. ,She is an electrician. ,Ew kehrebayek e. ,It is electricity. ,Ал электрик. ,He is an electrician. ,ນາງເປັນຊ່າງໄຟຟ້າ. ,She is an electrician. ,Ea electrician . ,She electrician. ,Viņa ir elektriķe. ,She is an electrician. ,Ji yra elektrikė. ,She is an electrician. ,Si ass en Elektriker. ,She is an electrician. ,Таа е електричар. ,She is an electrician. 
She is an EMT specialist.,នាងគឺជាអ្នកឯកទេសអ៊ីអឹមធី។ ,She is an EMT specialist. ,Ni inzobere ya EMT. ,He is an EMT specialist. ,그녀는 EMT 전문가입니다. ,She is an EMT expert. ,Ew pisporek EMT ye. ,He is an EMT specialist. ,Ал EMT адиси. ,He is an EMT specialist. ,ນາງເປັນຜູ້ຊ່ຽວຊານດ້ານ EMT. ,She is an EMT specialist. ,EMT illa est artifex. ,EMT is a specialist. ,Viņa ir EMT speciāliste. ,She is an EMT specialist. ,Ji yra EMT specialistė. ,She is an EMT specialist. ,Si ass en EMT Spezialist. ,She is an EMT specialist. ,Таа е специјалист по ЕМТ. ,She is an EMT specialist. 
She is a farmer.,នាងគឺជាកសិករ។ ,She is a farmer. ,Ni umuhinzi. ,He is a farmer. ,그녀는 농부입니다. ,She is a farmer. ,Ew cotkar e. ,He is a farmer. ,Ал дыйкан. ,He is a farmer. ,ນາງເປັນຊາວນາ. ,She is a farmer. ,Illa est agricolae . ,She is a farmer . ,Viņa ir zemniece. ,She is a farmer. ,Ji yra ūkininkė. ,She is a farmer. ,Si ass e Bauer. ,She is a farmer. ,Таа е земјоделец. ,She is a farmer. 
She is a filmmaker.,នាងគឺជាអ្នកផលិតខ្សែភាពយន្ត។ ,She is a filmmaker. ,Ni umukinnyi wa firime. ,He is a film actor. ,그녀는 영화 제작자입니다. ,She is a filmmaker. ,Ew fîlimçêker e. ,He is a filmmaker. ,Ал кинорежиссер. ,He is a film director. ,ນາງເປັນນັກສ້າງຮູບເງົາ. ,She is a filmmaker. ,Ea est filmmaker. ,She is a filmmaker. ,Viņa ir filmu veidotāja. ,She is a filmmaker. ,Ji yra kino kūrėja. ,She is a filmmaker. ,Si ass e Filmemacher. ,She is a filmmaker. ,Таа е режисер. ,She is a director. 
She is a firefighter.,នាងគឺជាអ្នកពន្លត់អគ្គីភ័យ។ ,She is a firefighter. ,Ni inkongi y'umuriro. ,It is a fire. ,그녀는 소방관입니다. ,She is a firefighter. ,Ew agirkujek e. ,It is a fire. ,Ал өрт өчүргүч. ,He is a firefighter. ,ນາງແມ່ນນັກດັບເພີງ. ,She is a firefighter. ,Ea est firefighter . ,She is a firefighter. ,Viņa ir ugunsdzēsēja. ,She is a firefighter. ,Ji yra gaisrininkė. ,She is a firefighter. ,Si ass e Pompjee. ,She's a firefighter. ,Таа е пожарникар. ,She is a firefighter. 
She is a fisherman.,នាងជាអ្នកនេសាទ។ ,She is a fisherman. ,Ni umurobyi. ,He is a fisherman. ,그녀는 어부입니다. ,She is a fisherman. ,Ew masîvanek e. ,He is a fisherman. ,Ал балыкчы. ,He is a fisherman. ,ນາງເປັນຊາວປະມົງ. ,She is a fisherman. ,Ea piscatoris. ,She fisherman. ,Viņa ir zvejniece. ,She is a fisherman. ,Ji yra žvejys. ,She is a fisherman. ,Si ass e Fëscher. ,She's a fisherman. ,Таа е рибар. ,She is a fisherman. 
She is a flight attendant.,នាងគឺជាអ្នកបម្រើតាមយន្តហោះ។ ,She is a flight attendant. ,Ni umukozi w'indege. ,He is a flight attendant. ,그녀는 승무원입니다. ,She is a flight attendant. ,Ew karmendê firînê ye. ,He is a flight attendant. ,Ал стюардесса. ,She is a stewardess. ,ນາງເປັນພະນັກງານບິນ. ,She is a flight attendant. ,Ea fuga a ministerio. ,She is a flight attendant. ,Viņa ir stjuarte. ,She is a flight attendant. ,Ji yra stiuardesė. ,She is a flight attendant. ,Si ass e Fluch Begleetpersoun. ,She is a flight attendant. ,Таа е стјуардеса. ,She is a flight attendant. 
She is a geneticist.,នាងគឺជាអ្នកជំនាញខាងហ្សែន។ ,She is a geneticist. ,Ni genetiste. ,NI and Aneist. ,그녀는 유전 학자입니다. ,She is a geneticist. ,Ew genetîkparêz e. ,It is genetic. ,Ал генетик. ,He is genetic. ,ນາງເປັນນັກພັນທຸ ກຳ. ,She is a geneticist. ,Ea est geneticist . ,She is a geneticist . ,Viņa ir ģenētiķe. ,She is a geneticist. ,Ji yra genetikė. ,She is a geneticist. ,Si ass eng Genetikerin. ,She is a geneticist. ,Таа е генетичарка. ,She is a geneticist. 
She is a geologist.,នាងគឺជាភូគព្ភវិទូ។ ,She is a geologist. ,Ni geologiya. ,Ni geology. ,그녀는 지질 학자입니다. ,She is a geologist. ,Ew jeolojîst e. ,He is a geologist. ,Ал геолог. ,He is a geologist. ,ນາງເປັນນັກທໍລະນີສາດ. ,She is a geologist. ,Ea est geologist. ,She is a geologist. ,Viņa ir ģeoloģe. ,She is a geologist. ,Ji yra geologė. ,She is a geologist. ,Si ass e Geolog. ,She is a geologist. ,Таа е геолог. ,She is a geologist. 
She is a graphic designer.,នាងគឺជាអ្នករចនាក្រាហ្វិច។ ,She is a graphic designer. ,Ni igishushanyo mbonera. ,It is a blueprint. ,그녀는 그래픽 디자이너입니다. ,She is a graphic designer. ,Ew sêwiranerek grafîkê ye. ,He is a graphic designer. ,Ал графикалык дизайнер. ,He is a graphic designer. ,ນາງເປັນຜູ້ອອກແບບກາຟິກ. ,She is a graphic designer. ,Est a graphic excogitatoris . ,Is a graphic designer . ,Viņa ir grafiskā dizainere. ,She is a graphic designer. ,Ji yra grafikos dizainerė. ,She is a graphic designer. ,Si ass Grafiker. ,She is a graphic designer. ,Таа е графички дизајнер. ,She is a graphic designer. 
She is a human resource specialist.,នាងគឺជាអ្នកជំនាញផ្នែកធនធានមនុស្ស។ ,She is an HR expert. ,Ni inzobere mu bijyanye n'abakozi. ,He is an expert in the field of personnel. ,그녀는 인적 자원 전문가입니다. ,She is a human resource expert. ,Ew pisporek çavkaniya mirovan e. ,He is a human resources expert. ,Ал адам ресурстары боюнча адис. ,He is a human resources specialist. ,ນາງເປັນຜູ້ຊ່ຽວຊານດ້ານຊັບພະຍາກອນມະນຸດ. ,She is a human resources specialist. ,Humana resource illa est artifex. ,She is a human resources specialist. ,Viņa ir cilvēkresursu speciāliste. ,She is a human resources specialist. ,Ji yra žmogiškųjų išteklių specialistė. ,She is a human resources specialist. ,Si ass e Spezialist fir mënschlech Ressourcen. ,She is a specialist in human resources. ,Таа е специјалист за човечки ресурси. ,She is a human resources specialist. 
She is an immunologist.,នាងគឺជាអ្នកជំនាញខាងភាពស៊ាំ។ ,She is an immunologist. ,Ni immunologue. ,n II MM uno log UE. ,그녀는 면역 학자입니다. ,She is an immunologist. ,Ew immunolog e. ,He is an immunologist. ,Ал иммунолог. ,He is an immunologist. ,ນາງເປັນນັກພູມຕ້ານທານ. ,She is an immunologist. ,Et immunologist est . ,And there is an immunologist . ,Viņa ir imunoloģe. ,She is an immunologist. ,Ji yra imunologė. ,She is an immunologist. ,Si ass en Immunolog. ,She is an immunologist. ,Таа е имунолог. ,She is an immunologist. 
She is an interpreters.,នាងជាអ្នកបកប្រែ។ ,She is a translator. ,Ni umusemuzi. ,He is a translator. ,그녀는 통역사입니다. ,She is an interpreter. ,Ew wergêr e. ,He is a translator. ,Ал котормочу. ,He is a translator. ,ນາງເປັນນັກແປພາສາ. ,She is a translator. ,Et hoc est interpretum copia. ,This is the interpreters. ,Viņa ir tulka. ,She is an interpreter. ,Ji yra vertėja. ,She is an interpreter. ,Si ass en Dolmetscher. ,She is an interpreter. ,Таа е толкувач. ,She is an interpreter. 
She is a jeweller.,នាងគឺជាគ្រឿងអលង្ការ។ ,She is a jeweler. ,Ni umutako. ,It is an ornament. ,그녀는 보석상입니다. ,She is a jeweler. ,Ew zêrfiroş e. ,He is a jeweler. ,Ал зергер. ,He is a jeweler. ,ນາງແມ່ນເຄື່ອງປະດັບ. ,She is a jeweler. ,Ea lapidarii sculptis . ,She is a jeweler . ,Viņa ir juveliere. ,She is a jeweler. ,Ji yra juvelyrė. ,She is a jeweler. ,Si ass e Bijoutier. ,She's a jeweler. ,Таа е златар. ,She is a jeweler. 
She is a lawyer.,នាងគឺជាមេធាវី។ ,She is a lawyer. ,Ni umunyamategeko. ,He is a lawyer. ,그녀는 변호사입니다. ,She is a lawyer. ,Ew parêzer e. ,He is a lawyer. ,Ал юрист. ,He is a lawyer. ,ນາງເປັນທະນາຍຄວາມ. ,She is a lawyer. ,Ea causidicum . ,She is a lawyer . ,Viņa ir juriste. ,She is a lawyer. ,Ji yra teisininkė. ,She is a lawyer. ,Si ass en Affekot. ,She's a lawyer. ,Таа е адвокат. ,She is a lawyer. 
She is a librarian.,នាងជាបណ្ណារក្ស។ ,She is a librarian. ,Ni isomero. ,In isomero. ,그녀는 사서입니다. ,She is a librarian. ,Ew pirtûkxanevan e. ,He is a librarian. ,Ал китепканачы. ,She is a librarian. ,ນາງເປັນຫ້ອງສະ ໝຸດ. ,She is a librarian. ,Est a bibliothecarius . ,Is a librarian . ,Viņa ir bibliotekāre. ,She is a librarian. ,Ji yra bibliotekininkė. ,She is a librarian. ,Si ass Bibliothekarin. ,She is a librarian. ,Таа е библиотекарка. ,She is a librarian. 
She is a licensed practical nurse.,នាងគឺជាគិលានុបដ្ឋាយិកាជាក់ស្តែងដែលមានការអនុញ្ញាត។ ,She is a licensed practical nurse. ,Ni umuforomo ufite uburenganzira. ,She is a qualified nurse. ,그녀는 면허가있는 실무 간호사입니다. ,She is a licensed practical nurse. ,Ew hemşîreyek pratîkî ya xwedî lîsans e. ,She is a licensed practical nurse. ,Ал лицензиясы бар практикалык медайым. ,She is a licensed practice nurse. ,ນາງເປັນພະຍາບານພາກປະຕິບັດທີ່ໄດ້ຮັບອະນຸຍາດ. ,She is a licensed practical nurse. ,Ea licentiati practicae nutrix . ,She is a licensed practical nurse . ,Viņa ir licencēta praktiskā medmāsa. ,She is a licensed practical nurse. ,Ji yra licencijuota praktinė slaugytoja. ,She is a licensed practical nurse. ,Si ass eng lizenzéiert praktesch Infirmière. ,She is a licensed practical nurse. ,Таа е лиценцирана практична медицинска сестра. ,She is a licensed practicing nurse. 
She is a mechanic.,នាងគឺជាមេកានិក។ ,She is a mechanic. ,Ni umukanishi. ,He is a mechanic. ,그녀는 기계공입니다. ,She is a mechanic. ,Ew mekanîzmayek e. ,It is a mechanism. ,Ал механизатор. ,He is a mechanic. ,ນາງແມ່ນຊ່າງກົນຈັກ. ,She is a mechanic. ,Est mechanicus ad . ,It is the mechanic . ,Viņa ir mehāniķe. ,She is a mechanic. ,Ji yra mechanikė. ,She is a mechanic. ,Si ass eng Mecanicien. ,She's a mechanic. ,Таа е механичар. ,She is a mechanic. 
She is a medical laboratory scientist.,នាងគឺជាអ្នកវិទ្យាសាស្ត្រមន្ទីរពិសោធន៍វេជ្ជសាស្ត្រ។ ,She is a medical laboratory scientist. ,Ni umuhanga muri laboratoire. ,He is an expert in the laboratory. ,그녀는 의학 실험실 과학자입니다. ,She is a medical laboratory scientist. ,Ew zanyarek taqîgeha tibî ye. ,He is a medical laboratory scientist. ,Ал медициналык лабораториянын илимпозу. ,He is a scientist in a medical laboratory. ,ນາງເປັນນັກວິທະຍາສາດຫ້ອງທົດລອງທາງການແພດ. ,She is a medical laboratory scientist. ,Physicus in officina medici est . ,The medical scientist in the laboratory . ,Viņa ir medicīnas laboratorijas zinātniece. ,She is a scientist in a medical laboratory. ,Ji yra medicinos laboratorijos mokslininkė. ,She is a scientist in a medical laboratory. ,Si ass e medizinesche Laborwëssenschaftler. ,She is a medical laboratory scientist. ,Таа е научник за медицинска лабораторија. ,She is a scientist in a medical laboratory. 
She is a meteorologist.,នាងគឺជាអ្នកឧតុនិយម។ ,She is a meteorologist. ,Ni ikirere. ,It's the weather. ,그녀는 기상 학자입니다. ,She is a meteorologist. ,Ew meteorolojîst e. ,He is a meteorologist. ,Ал метеоролог. ,He is a meteorologist. ,ນາງແມ່ນນັກອຸຕຸນິຍົມ. ,She is a meteorologist. ,Ea est meteorologist. ,She is a meteorologist. ,Viņa ir meteoroloģe. ,She is a meteorologist. ,Ji yra meteorologė. ,She is a meteorologist. ,Si ass e Meteorolog. ,She is a meteorologist. ,Таа е метеоролог. ,She is a meteorologist. 
She is a midwife.,នាងជាឆ្មប។ ,She is a midwife. ,Ni umubyaza. ,She is a midwife. ,그녀는 조산사입니다. ,She is a midwife. ,Ew pîrikek e. ,She is a midwife. ,Ал акушер. ,She is an obstetrician. ,ນາງເປັນ ໝໍ ຕຳ ແຍ. ,She is careless. ,Ea obstetricem profitebatur. ,She is a midwife. ,Viņa ir vecmāte. ,She is a midwife. ,Ji yra akušerė. ,She is a midwife. ,Si ass eng Fra. ,She is a woman. ,Таа е бабица. ,She is a midwife. 
She is a military officer.,នាងគឺជាមន្រ្តីយោធា។ ,She is a military officer. ,Ni umusirikare. ,He is a soldier. ,그녀는 군 장교입니다. ,She is a military officer. ,Ew efserek leşkerî ye. ,He is a military officer. ,Ал аскер кызматкери. ,He is a soldier. ,ນາງເປັນນາຍທະຫານ. ,She is a military officer. ,Ea comiti militari . ,She is a military officer . ,Viņa ir militārā virsniece. ,She is a military officer. ,Ji yra karininkė. ,She is an officer. ,Si ass e Militär Offizéier. ,She is a military officer. ,Таа е воен офицер. ,She is a military officer. 
She is a nutritionist.,នាងគឺជាអ្នកជំនាញផ្នែកអាហារបំប៉ន។ ,She is a nutritionist. ,Ni inzobere mu mirire. ,He is a nutritionist. ,그녀는 영양사입니다. ,She is a nutritionist. ,Ew parêzvanek xwarinê ye. ,He is a food advocate. ,Ал диетолог. ,He is a nutritionist. ,ນາງເປັນນັກໂພຊະນາການ. ,She is a nutritionist. ,Ea est nutritionist. ,She is a nutritionist . ,Viņa ir uztura speciāliste. ,She is a nutritionist. ,Ji yra mitybos specialistė. ,She is a nutritionist. ,Si ass Ernärungsistin. ,She is a nutritionist. ,Таа е нутриционист. ,She is a nutritionist. 
She is an oceanographer.,នាងគឺជាអ្នកជំនាញខាងមហាសមុទ្រ។ ,She is an ocean expert. ,Ni umuhanga mu nyanja. ,He is an expert in the sea. ,그녀는 해양 학자입니다. ,She is an oceanographer. ,Ew behreke behrê ye. ,It is a sea urchin. ,Ал океанограф. ,He is an oceanographer. ,ນາງແມ່ນນັກຄົ້ນຄວ້າດ້ານມະຫາສະມຸດ. ,She is an ocean researcher. ,Et Oceanographer est . ,The oceanographer it. ,Viņa ir okeanogrāfe. ,She is an oceanographer. ,Ji yra okeanografė. ,She is an oceanographer. ,Si ass en Ozeanograph. ,She is an oceanographer. ,Таа е океанограф. ,She is an oceanographer. 
She is an osteopath.,នាងគឺជាអូវែរ។ ,She is Ovary. ,Ni osteopath. ,Niostepa th. ,그녀는 정골 사입니다. ,She is an osteopath. ,Ew osteopatek e. ,He is an osteopath. ,Ал остеопат. ,He is an osteopath. ,ນາງແມ່ນ osteopath. ,She is an osteopath. ,Et osteopath est . ,The osteopathic it. ,Viņa ir osteopāte. ,She is an osteopath. ,Ji yra osteopatė. ,She is an osteopath. ,Si ass en Osteopath. ,She is an osteopath. ,Таа е остеопат. ,She is an osteopath. 
She is a painter.,នាងជាជាងគំនូរ។ ,She is a painter. ,Ni amarangi. ,They are colors. ,그녀는 화가입니다. ,She is a painter. ,Ew resamek e. ,He is a painter. ,Ал сүрөтчү. ,He was an artist. ,ນາງເປັນນັກແຕ້ມ. ,She is an artist. ,Ea est pictorem . ,She is a painter . ,Viņa ir gleznotāja. ,She is a painter. ,Ji yra tapytoja. ,She is a painter. ,Si ass e Moler. ,She is a painter. ,Таа е сликарка. ,She is a painter. 
She is a paramedic.,នាងគឺជាគ្រូពេទ្យ។ ,She is a doctor. ,Ni inkeragutabara. ,It's a relief. ,그녀는 구급대 원입니다. ,She is a paramedic. ,Ew paramedîk e. ,She is paramedic. ,Ал фельдшер. ,He is a paramedic. ,ນາງເປັນນັກການແພດ. ,She is a doctor. ,Ea est paramedic . ,She is a paramedic . ,Viņa ir feldšere. ,She is a paramedic. ,Ji yra felčerė. ,She is a paramedic. ,Si ass eng paramedizinesch. ,She is a paramedic. ,Таа е болничар. ,She is a paramedic. 
She is a pathologist.,នាងគឺជាអ្នកជំនាញខាងរោគសាស្ត្រ។ ,She is a pathologist. ,Ni umuhanga mu bumenyi bw'indwara. ,He is an expert in disease science. ,그녀는 병리학 자입니다. ,She is a pathologist. ,Ew patholojîk e. ,It is pathological. ,Ал патолог. ,He is a pathologist. ,ນາງເປັນຜູ້ຊ່ຽວຊານດ້ານພະຍາດ. ,She is a pathologist. ,Ea est pathologist. ,She is a pathologist. ,Viņa ir patoloģe. ,She is a pathologist. ,Ji yra patologė. ,She is a pathologist. ,Si ass eng Pathologin. ,She is a pathologist. ,Таа е патолог. ,She is a pathologist. 
She is a pharmacologist.,នាងគឺជាអ្នកជំនាញខាងឱសថការី។ ,She is a pharmacist. ,Ni umufarumasiye. ,He is a pharmacist. ,그녀는 약리학 자입니다. ,She is a pharmacologist. ,Ew dermanzan e. ,He is a pharmacist. ,Ал фармаколог. ,He is a pharmacologist. ,ນາງເປັນຜູ້ຊ່ຽວຊານດ້ານການຂາຍຢາ. ,She is a pharmacist. ,Ea est pharmacologist . ,She is a pharmacologist . ,Viņa ir farmakoloģe. ,She is a pharmacologist. ,Ji yra farmakologė. ,She is a pharmacologist. ,Si ass en Pharmakolog. ,She is a pharmacologist. ,Таа е фармаколог. ,She is a pharmacologist. 
She is a philosopher.,នាងគឺជាទស្សនវិទូ។ ,She is a philosopher. ,Ni umuhanga mu bya filozofiya. ,He is a philosopher. ,그녀는 철학자입니다. ,She is a philosopher. ,Ew fîlozofek e. ,He is a philosopher. ,Ал философ. ,He is a philosopher. ,ນາງແມ່ນນັກປັດຊະຍາ. ,She is a philosopher. ,Est enim philosophus . ,For philosophy . ,Viņa ir filozofe. ,She is a philosopher. ,Ji yra filosofė. ,She is a philosopher. ,Si ass e Philosoph. ,She is a philosopher. ,Таа е филозоф. ,She is a philosopher. 
She is a photographer.,នាងគឺជាអ្នកថតរូប។ ,She is a photographer. ,Ni umufotozi. ,NI um UFO to sub. ,그녀는 사진 작가입니다. ,She is a photographer. ,Ew wênegir e. ,He is a photographer. ,Ал сүрөтчү. ,He was an artist. ,ນາງເປັນຊ່າງຖ່າຍຮູບ. ,She is a photographer. ,Ea etiam photographer . ,She is also a photographer. ,Viņa ir fotogrāfe. ,She is a photographer. ,Ji yra fotografė. ,She is a photographer. ,Si ass Fotograf. ,She is a photographer. ,Таа е фотограф. ,She is a photographer. 
She is a physician assistant.,នាងជាជំនួយការគ្រូពេទ្យ។ ,She is a medical assistant. ,Ni umufasha wa muganga. ,She is a medical assistant. ,그녀는 의사 조수입니다. ,She is a doctor's assistant. ,Ew alîkarek bijîşk e. ,She is a medical assistant. ,Ал дарыгердин жардамчысы. ,He is a doctor's assistant. ,ນາງເປັນຜູ້ຊ່ວຍແພດ. ,She is a medical assistant. ,Medicus non est adiutor . ,The doctor is not an assistant . ,Viņa ir ārsta palīga. ,She is a medical assistant. ,Ji yra gydytojo padėjėja. ,She is a medical assistant. ,Si ass en Dokterassistent. ,She is a medical assistant. ,Таа е асистент на лекар. ,She is a doctor's assistant. 
She is a physicist.,នាងគឺជាអ្នករូបវិទ្យា។ ,She is a physicist. ,Ni umuhanga mu bya fiziki. ,He is a physicist. ,그녀는 물리학 자입니다. ,She is a physicist. ,Ew fîzîknasek e. ,He is a physicist. ,Ал физик. ,He is a physicist. ,ນາງແມ່ນນັກຟີຊິກສາດ. ,She is a physicist. ,Ea est naturalis . ,She is natural. ,Viņa ir fiziķe. ,She is a physicist. ,Ji yra fizikė. ,She is a physicist. ,Si ass e Physiker. ,She is a physicist. ,Таа е физичар. ,She is a physicist. 
She is a pilot.,នាងគឺជាអ្នកបើកយន្តហោះ។ ,She is a pilot. ,Ni umuderevu. ,He is a driver. ,그녀는 조종사입니다. ,She is a pilot. ,Ew pîlotek e. ,He is a pilot. ,Ал учкуч. ,He is a pilot. ,ນາງແມ່ນນັກບິນ. ,She is a pilot. ,Ea est gubernator . ,The condition of the pilot . ,Viņa ir pilote. ,She is a pilot. ,Ji yra lakūnė. ,She is a pilot. ,Si ass e Pilot. ,She's a pilot. ,Таа е пилот. ,She is a pilot. 
She is a plumber.,នាងគឺជាជាងកាត់សក់។ ,She is a barber. ,Ni umuyoboke w'amazi. ,He is a follower of water. ,그녀는 배관공입니다. ,She is a plumber. ,Ew plumber e. ,It is plumber. ,Ал сантехник. ,He is a plumber. ,ນາງເປັນຜູ້ຕັດທໍ່. ,She is a pipe cutter. ,Ea PLUMBARIUS . ,She is a plumber . ,Viņa ir santehniķe. ,She is a plumber. ,Ji santechnikė. ,She is a plumber. ,Si ass e Klempner. ,She's a plumber. ,Таа е водоводџија. ,She is a plumber. 
She is a politician.,នាងជាអ្នកនយោបាយ។ ,She is a politician. ,Ni umunyapolitiki. ,He is a politician. ,그녀는 정치인입니다. ,She is a politician. ,Ew siyasetmedarek e. ,He is a politician. ,Ал саясатчы. ,He is a politician. ,ນາງແມ່ນນັກການເມືອງ. ,She is a politician. ,Ea est publica libere. ,She is a politician. ,Viņa ir politiķe. ,She is a politician. ,Ji yra politikas. ,She is a politician. ,Si ass eng Politikerin. ,She is a politician. ,Таа е политичар. ,She is a politician. 
She is a receptionist.,នាងគឺជាអ្នកទទួលភ្ញៀវ។ ,She is the receptionist. ,Ni umushyitsi. ,He is a guest. ,그녀는 접수 원입니다. ,She is a receptionist. ,Ew pêşwazîvanek e. ,He is a host. ,Ал кабыл алуучу. ,He is the host. ,ນາງເປັນຜູ້ຕ້ອນຮັບ. ,She is a receptionist. ,Ea est receptionist. ,She is a receptionist. ,Viņa ir administratore. ,She is an administrator. ,Ji yra registratorė. ,She is a receptionist. ,Si ass e Receptionist. ,She is a receptionist. ,Таа е рецепционерка. ,She is a receptionist. 
She is a registered nurse.,នាងគឺជាគិលានុបដ្ឋាយិកាដែលបានចុះឈ្មោះ។ ,She is a registered nurse. ,Ni umuforomo wanditswe. ,It is a registered nurse. ,그녀는 등록 간호사입니다. ,She is a registered nurse. ,Ew hemşîreyek tomarkirî ye. ,She is a registered nurse. ,Ал каттоодо турган медайым. ,She is a registered nurse. ,ນາງແມ່ນພະຍາບານທີ່ຈົດທະບຽນ. ,She is a registered nurse. ,Ea genealogia nutrix . ,She is a registered nurse . ,Viņa ir reģistrēta medmāsa. ,She is a registered nurse. ,Ji yra registruota slaugytoja. ,She is a registered nurse. ,Si ass eng registréiert Infirmière. ,She is a registered nurse. ,Таа е регистрирана медицинска сестра. ,She is a registered nurse. 
She is a salesman.,នាងជាអ្នកលក់។ ,She is a salesperson. ,Ni umucuruzi. ,He is a businessman. ,그녀는 세일즈맨입니다. ,She is a salesman. ,Ew firoşyar e. ,It is a seller. ,Ал сатуучу. ,He is a salesman. ,ນາງເປັນຜູ້ຂາຍ. ,She is a seller. ,Ea venditabant. ,She is a salesman. ,Viņa ir pārdevēja. ,She is a saleswoman. ,Ji yra pardavėja. ,She is a saleswoman. ,Si ass e Verkeefer. ,She's a saleswoman. ,Таа е продавач. ,She is a saleswoman. 
She is a salesperson.,នាងជាអ្នកលក់។ ,She is a salesperson. ,Ni umucuruzi. ,He is a businessman. ,그녀는 판매원입니다. ,She is a salesman. ,Ew firoşyar e. ,It is a seller. ,Ал сатуучу. ,He is a salesman. ,ນາງເປັນຜູ້ຂາຍ. ,She is a seller. ,Ea salesperson. ,She is a salesperson. ,Viņa ir pārdevēja. ,She is a saleswoman. ,Ji yra pardavėja. ,She is a saleswoman. ,Si ass e Verkeefer. ,She's a saleswoman. ,Таа е продавач. ,She is a saleswoman. 
She is a scientist.,នាងគឺជាអ្នកវិទ្យាសាស្រ្ត។ ,She is a scientist. ,Ni umuhanga. ,He is an expert. ,그녀는 과학자입니다. ,She is a scientist. ,Ew zanyar e. ,He is a scientist. ,Ал илимпоз. ,He is a scientist. ,ນາງແມ່ນນັກວິທະຍາສາດ. ,She is a scientist. ,Ea enim physicus . ,She is a scientist . ,Viņa ir zinātniece. ,She is a scientist. ,Ji yra mokslininkė. ,She is a scientist. ,Si ass e Wëssenschaftler. ,She's a scientist. ,Таа е научник. ,She is a scientist. 
She is a sea captain.,នាងគឺជាប្រធានក្រុមសមុទ្រ។ ,She is the captain of the sea. ,Ni umutware w'inyanja. ,He is the captain of the sea. ,그녀는 선장입니다. ,She is the captain. ,Ew kaptanê behrê ye. ,He is the captain of the sea. ,Ал деңиз капитаны. ,He is a sea captain. ,ນາງເປັນຜູ້ ນຳ ເຮືອທະເລ. ,She is a naval captain. ,Ea est gubernator . ,The condition of the pilot . ,Viņa ir jūras kapteine. ,She is the captain of the sea. ,Ji yra jūrų kapitonė. ,She is a sea captain. ,Si ass e Mierekapitän. ,She's a sea captain. ,Таа е морски капетан. ,She is a naval captain. 
She is a secretary.,នាងគឺជាលេខាធិការ។ ,She is the secretary. ,Ni umunyamabanga. ,He is the secretary. ,그녀는 비서 다. ,She is a secretary. ,Ew sekreter e. ,He is the secretary. ,Ал катчы. ,He is a secretary. ,ນາງເປັນເລຂາ. ,She is a secretary. ,Ea est scriba . ,She is a secretary . ,Viņa ir sekretāre. ,She is a secretary. ,Ji yra sekretorė. ,She is the secretary. ,Si ass Sekretärin. ,She's a secretary. ,Таа е секретарка. ,She is a secretary. 
She is a singer.,នាង​គឺ​ជា​តារា​ចម្រៀង។ ,She is a singer. ,Ni umuririmbyi. ,He is a singer. ,그녀는 가수 다. ,She is a singer. ,Ew stranbêj e. ,She is a singer. ,Ал ырчы. ,She is a singer. ,ນາງເປັນນັກຮ້ອງ. ,She is a singer. ,Ea cantor . ,She is a singer . ,Viņa ir dziedātāja. ,She is a singer. ,Ji yra dainininkė. ,She is a singer. ,Si ass eng Sängerin. ,She is a singer. ,Таа е пејачка. ,She is a singer. 
She is a solicitor.,នាងគឺជាអ្នកស្នើសុំ។ ,She is the proposer. ,Ni umucamanza. ,He is a judge. ,그녀는 변호사입니다. ,She is a lawyer. ,Ew parêzer e. ,He is a lawyer. ,Ал адвокат. ,He is a lawyer. ,ນາງເປັນຜູ້ຂໍທານ. ,She is a beggar. ,Ea solicitator . ,She is a solicitor . ,Viņa ir advokāte. ,She is a lawyer. ,Ji yra advokatė. ,She is a lawyer. ,Si ass en Affekot. ,She's a lawyer. ,Таа е адвокат. ,She is a lawyer. 
She is a speech pathologist.,នាងគឺជាអ្នកជំនាញខាងនិយាយស្តី។ ,She is a speech therapist. ,Ni umuhanga mu kuvura indwara. ,He is an expert in the treatment of disease. ,그녀는 언어 병리학 자입니다. ,She is a speech pathologist. ,Ew nexweşnasek axaftinê ye. ,He is a speech therapist. ,Ал дефектолог. ,He is a speech pathologist. ,ນາງເປັນນັກວິຊາການເວົ້າ. ,She is a speech therapist. ,Ea orationem pathologist. ,She is a speech pathologist. ,Viņa ir runas patoloģe. ,She is a speech pathologist. ,Ji yra kalbos patologė. ,She is a speech pathologist. ,Si ass e Sproochpatolog. ,She is a language pathologist. ,Таа е патолог за говор. ,She is a speech pathologist. 
She is a speech-language pathologist.,នាងគឺជាអ្នកជំនាញខាងនិយាយភាសា។ ,She is a language expert. ,Ni umuhanga mu kuvuga ururimi. ,He is an expert in language. ,그녀는 언어 병리학 자입니다. ,She is a speech pathologist. ,Ew nexweşnasek axaftin-ziman e. ,He is a speech-language patient. ,Ал логопед-патолог. ,He is a speech therapist. ,ນາງເປັນຜູ້ຊ່ຽວຊານດ້ານພາສາເວົ້າ. ,She is an expert in spoken language. ,Ea oratio est - linguam pathologist. ,This address - language pathologist. ,Viņa ir runas valodas patoloģe. ,She is a speech pathologist. ,Ji yra kalbos kalbos patologė. ,She is a speech pathologist. ,Si ass eng Sproochsprooch Pathologin. ,She is a speech pathologist. ,Таа е патолог на говорен јазик. ,She is a speech therapist. 
She is a statistician.,នាងគឺជាអ្នកស្ថិតិ។ ,She is a statistician. ,Ni ibarurishamibare. ,It is a statistic. ,그녀는 통계 학자입니다. ,She is a statistician. ,Ew statîstîkvan e. ,He is a statistician. ,Ал статист. ,He is a statistician. ,ນາງເປັນນັກສະຖິຕິ. ,She is a statistician. ,Ea est statistician . ,She is a statistician. ,Viņa ir statistiķe. ,She is a statistician. ,Ji yra statistikė. ,She is a statistician. ,Si ass eng Statistik. ,She is a statistic. ,Таа е статистичар. ,She is a statistician. 
She is a surveyor.,នាងគឺជាអ្នកអង្កេត។ ,She is an observer. ,Ni umushakashatsi. ,He is a researcher. ,그녀는 측량사입니다. ,She is a surveyor. ,Ew rapirsîner e. ,He is an interviewer. ,Ал маркшейдер. ,He is a surveyor. ,ນາງເປັນນັກ ສຳ ຫຼວດ. ,She is a detective. ,Ea est surveyor . ,She is a surveyor . ,Viņa ir mērniece. ,She is a surveyor. ,Ji yra matininkė. ,She is a surveyor. ,Si ass e Geodet. ,She is a geodet. ,Таа е геодет. ,She is a surveyor. 
She is a therapist.,នាងជាអ្នកព្យាបាលរោគ។ ,She is a therapist. ,Ni umuvuzi. ,He is a healer. ,그녀는 치료사입니다. ,She is a therapist. ,Ew terapîst e. ,She is a therapist. ,Ал терапевт. ,He is a therapist. ,ນາງເປັນນັກ ບຳ ບັດ. ,She is a card player. ,Est a CLINICUS . ,There is a therapist. ,Viņa ir terapeite. ,She is a therapist. ,Ji yra terapeutė. ,She is a therapist. ,Si ass en Therapeut. ,She is a therapist. ,Таа е терапевт. ,She is a therapist. 
She is an undertaker.,នាងគឺជាអ្នកធ្វើកិច្ចការ។ ,She is a doer. ,Ni umuhigo. ,It is a vow. ,그녀는 장의사입니다. ,She is an undertaker. ,Ew bingehek e. ,It is a foundation. ,Ал undertaker. ,He is an undertaker. ,ນາງເປັນຜູ້ປະຕິບັດງານ. ,She is an operator. ,Quæ est vespillō . ,What is the undertaker . ,Viņa ir apbedītāja. ,She is a funeral. ,Ji yra laidotuvė. ,She is a funeral. ,Si ass en Entrepreneur. ,She is an entrepreneur. ,Таа е гробар. ,She is a gravedigger. 
She is an urban planner.,នាងគឺជាអ្នកធ្វើផែនការទីក្រុង។ ,She is a city planner. ,Numushinga wumujyi. ,It is a city project. ,그녀는 도시 계획자입니다. ,She is an urban planner. ,Ew plansazek bajarvaniyê ye. ,It is an urban plan. ,Ал шаар куруучу. ,He is a city builder. ,ນາງເປັນນັກວາງແຜນຕົວເມືອງ. ,She is an urban planner. ,Et consiliumque urbana est . ,The urban planner it. ,Viņa ir pilsētplānotāja. ,She is a town planner. ,Ji yra urbanistė. ,She is an urbanist. ,Si ass en Urbanist. ,She is an urbanist. ,Таа е урбанист. ,She is an urban planner. 
She is a videographer.,នាងគឺជាអ្នកថតវីដេអូ។ ,She is a videographer. ,Ni videwo. ,In the video. ,그녀는 비디오 작가입니다. ,She is a videographer. ,Ew dîdevanek e. ,He is a spectator. ,Ал видеограф. ,He is a videographer. ,ນາງແມ່ນນັກຖ່າຍວີດີໂອ. ,She is a videographer. ,Ea est videographer . ,She is a videographer . ,Viņa ir videogrāfe. ,She is a videographer. ,Ji yra filmuotoja. ,She is a filmmaker. ,Si ass e Videograph. ,She is a videographer. ,Таа е видеограф. ,She is a videographer. 
She is a virologist.,នាងគឺជាអ្នកជំនាញខាងរោគសាស្ត្រ។ ,She is a pathologist. ,Ni virusi. ,It's a virus. ,그녀는 바이러스 학자입니다. ,She is a virologist. ,Ew vîrolojîstek e. ,He is a virologist. ,Ал вирусолог. ,He is a virologist. ,ນາງແມ່ນ viologistist. ,She is a viologistist. ,Ea est virologist . ,She is a virologist . ,Viņa ir viroloģe. ,She is a virologist. ,Ji yra virusologė. ,She is a virologist. ,Si ass eng Virologin. ,She is a virologist. ,Таа е вирусолог. ,She is a virologist. 
She is a visual artist.,នាងគឺជាសិល្បករដែលមើលឃើញ។ ,She is a visual artist. ,Ni umuhanzi ugaragara. ,He is a visible artist. ,그녀는 비주얼 아티스트입니다. ,She is a visual artist. ,Ew hunermendek dîtbarî ye. ,He is a visual artist. ,Ал визуалдык сүрөтчү. ,He was a visual artist. ,ນາງແມ່ນນັກສິລະປະການເບິ່ງເຫັນ. ,She is an invisible artist. ,Et artifex est visual . ,He is a visual artist . ,Viņa ir vizuālā māksliniece. ,She is a visual artist. ,Ji yra vizuali menininkė. ,She is a visual artist. ,Si ass eng visuell Kënschtlerin. ,She is a visual artist. ,Таа е визуелен уметник. ,She is a visual artist. 
She is a waiter.,នាងគឺជាអ្នករត់តុ។ ,She is a waitress. ,Ni umusereri. ,It's a secret. ,그녀는 웨이터입니다. ,She is a waiter. ,Ew garsonek e. ,He is a waiter. ,Ал официант. ,He is a waiter. ,ນາງແມ່ນຜູ້ທີ່ລໍຖ້າ. ,She is the one who is waiting. ,Ea minister sum. ,The waiter. ,Viņa ir viesmīle. ,She is a waitress. ,Ji yra padavėja. ,She is a waitress. ,Si ass e Kellner. ,She's a waiter. ,Таа е келнер. ,She is a waiter. 
She is a web designer.,នាងគឺជាអ្នករចនាគេហទំព័រ។ ,She is a web designer. ,Ni umushinga wurubuga. ,It’s a website project. ,그녀는 웹 디자이너입니다. ,She is a web designer. ,Ew sêwiranerê tevnekê ye. ,He is a web designer. ,Ал веб-дизайнер. ,He is a web designer. ,ນາງເປັນຜູ້ອອກແບບເວັບ. ,She is a web designer. ,Ea telam excogitatoris est . ,She is a web designer . ,Viņa ir tīmekļa dizainere. ,She is a web designer. ,Ji yra interneto dizainerė. ,She is a web designer. ,Si ass e Webdesigner. ,She is a web designer. ,Таа е веб-дизајнер. ,She is a web designer. 
She is a web developer.,នាងគឺជាអ្នកបង្កើតគេហទំព័រ។ ,She is a webmaster. ,Numushinga wurubuga. ,With a website project. ,그녀는 웹 개발자입니다. ,She is a web developer. ,Ew pêşvebirek tevnê ye. ,He is a web developer. ,Ал веб-иштеп чыгуучу. ,He is a web developer. ,ນາງເປັນນັກພັດທະນາເວັບ. ,She is a web developer. ,Ea est telam elit . ,She is a web developer . ,Viņa ir tīmekļa izstrādātāja. ,She is a web developer. ,Ji yra interneto svetainių kūrėja. ,She is a website developer. ,Si ass e Webentwéckler. ,She is a web developer. ,Таа е веб-развивач. ,She is a web developer. 
She is a zoologist.,នាងគឺជាអ្នកជំនាញវិទ្យាសាស្ត្រសត្វ។ ,She is an expert in animal science. ,Ni umuhanga mu binyabuzima. ,He is a biologist. ,그녀는 동물 학자입니다. ,She is a zoologist. ,Ew jînolojî ye. ,It is gynecological. ,Ал зоолог. ,He is a zoologist. ,ນາງເປັນນັກສັດຕະວະແພດ. ,She is a veterinarian. ,Ea est zoologist . ,She is a zoologist. ,Viņa ir zoologa. ,She is a zoologist. ,Ji yra zoologė. ,She is a zoologist. ,Si ass eng Zoologin. ,She's a zoologist. ,Таа е зоолог. ,She is a zoologist. 
