original,En2Catalan,Catalan2En,En2Cebuano,Cebuano2En,En2Chinese_Simplified,Chinese_Simplified2En,En2Chinese_Traditional,Chinese_Traditional2En,En2Corsican,Corsican2En,En2Croatian,Croatian2En,En2Czech,Czech2En,En2Danish,Danish2En,En2Dutch,Dutch2En,En2English,English2En,En2Esperanto,Esperanto2En,En2Estonian,Estonian2En
She is an advocate.,És una defensora. ,She is an advocate. ,Siya usa ka manlalaban. ,He is a defender. ,她是一位拥护者。 ,She is a champion. ,她是一位擁護者。 ,She is a champion. ,Hè un difensore. ,He is a defender. ,Ona je odvjetnica. ,She's a lawyer. ,Je obhájkyní. ,She is a lawyer. ,Hun er advokat. ,She's a lawyer. ,Ze is een advocaat. ,She's a lawyer. ,She is an advocate. ,She is an advocate. ,Ŝi estas rekomendanto. ,She is a recommender. ,Ta on advokaat. ,He is a lawyer. 
She is an agriculturist.,És agricultora. ,She is a farmer. ,Usa siya ka Agrikulturista. ,He is an Agriculturalist. ,她是一位农业学家。 ,She is an agriculturist. ,她是一位農業學家。 ,She is an agriculturist. ,Hè agricultore. ,He is a farmer. ,Ona je poljoprivrednica. ,She is a farmer. ,Je to zemědělkyně. ,She is a farmer. ,Hun er landbruger. ,She is a farmer. ,Ze is een landbouwkundige. ,She is an agronomist. ,She is an agriculturist. ,She is an agriculturist. ,Ŝi estas terkulturisto. ,She is a farmer. ,Ta on põllumajandusteadlane. ,He is an agricultural scientist. 
She is an aircraft pilot.,És pilot d’avions. ,He is an airplane pilot. ,Usa siya ka piloto sa ayroplano. ,He was an airplane pilot. ,她是一名飞机驾驶员。 ,She is an airplane pilot. ,她是一名飛機駕駛員。 ,She is an airplane pilot. ,Hè un pilotu d'aviò. ,He is an airplane pilot. ,Ona je pilot zrakoplova. ,She is an aircraft pilot. ,Je pilotkou letadla. ,She is a pilot on an airplane. ,Hun er en flypilot. ,She's a flight pilot. ,Ze is een vliegtuigpiloot. ,She's an airplane pilot. ,She is an aircraft pilot. ,She is an aircraft pilot. ,Ŝi estas aviadila piloto. ,She is an airplane pilot. ,Ta on lennukipiloot. ,He's an airplane pilot. 
She is an artist.,És artista. ,He is an artist. ,Usa siya ka artista. ,He is an actor. ,她是一位艺术家。 ,She is an artist. ,她是一位藝術家。 ,She is an artist. ,Hè una artista. ,She is an artist. ,Ona je umjetnica. ,She is an artist. ,Je umělkyní. ,She is an artist. ,Hun er kunstner. ,She's an artist. ,Ze is een artiest. ,She's an artist. ,She is an artist. ,She is an artist. ,Ŝi estas artisto. ,She is an artist. ,Ta on kunstnik. ,He is an artist. 
She is an astronomer.,És astrònoma. ,She is an astronomer. ,Siya usa ka astronomo. ,He was an astronomer. ,她是一位天文学家。 ,She is an astronomer. ,她是一位天文學家。 ,She is an astronomer. ,Hè un astrònomu. ,He is an astronomer. ,Ona je astronom. ,She is an astronomer. ,Je astronomka. ,She is an astronomer. ,Hun er astronom. ,She's an astronomer. ,Ze is een astronoom. ,She is an astronomer. ,She is an astronomer. ,She is an astronomer. ,Ŝi estas astronomino. ,She is an astronomer. ,Ta on astronoom. ,He is an astronomer. 
She is an attorney.,És advocada. ,She is a lawyer. ,Usa siya ka abogado. ,He is a lawyer. ,她是一名律师。 ,She is a lawyer. ,她是律師。 ,She is a lawyer. ,Hè un avvucatu. ,He is a lawyer. ,Ona je odvjetnik. ,She is a lawyer. ,Je advokátkou. ,She is a lawyer. ,Hun er advokat. ,She's a lawyer. ,Ze is advocaat. ,She's a lawyer. ,She is an attorney. ,She is an attorney. ,Ŝi estas advokato. ,She is a lawyer. ,Ta on advokaat. ,He is a lawyer. 
She is an audiologist.,És audiòloga. ,She is an audiologist. ,Usa siya ka audiologist. ,He is an audiologist. ,她是听觉病学家。 ,She is an audiologist. ,她是聽覺病學家。 ,She is an audiologist. ,Hè un audiologu. ,He is an audiologist. ,Ona je audiolog. ,She is an audiologist. ,Je audiologička. ,She is an audiologist. ,Hun er audiolog. ,She's an audiologist. ,Ze is audioloog. ,She is an audiologist. ,She is an audiologist. ,She is an audiologist. ,Ŝi estas aŭdiologo. ,She is an audiologist. ,Ta on audioloog. ,He's an audiologist. 
She is a banker.,És banquera. ,She is a banker. ,Banker siya. ,He is a banker. ,她是一位银行家。 ,She is a banker. ,她是一位銀行家。 ,She is a banker. ,Hè un bancalaru. ,He is a banker. ,Ona je bankar. ,She is a banker. ,Je to bankéřka. ,She's a banker. ,Hun er bankmand. ,She's a banker. ,Ze is een bankier. ,She is a banker. ,She is a banker. ,She is a banker. ,Ŝi estas bankisto. ,She is a banker. ,Ta on pankur. ,He's a banker. 
She is a barber.,És barber. ,He is a barber. ,Usa siya ka barbero. ,He is a barber. ,她是个理发师。 ,She is a barber. ,她是個理髮師。 ,She is a barber. ,Hè barbiera. ,She is a barber. ,Ona je brijačnica. ,She's a barber. ,Je holička. ,She's a girl. ,Hun er barberer. ,She's a barber. ,Ze is een kapper. ,She's a hairdresser. ,She is a barber. ,She is a barber. ,Ŝi estas barbiro. ,She is a barber. ,Ta on juuksur. ,She is a hairdresser. 
She is a bartender.,És barman. ,He is a bartender. ,Usa siya ka bartender. ,He is a bartender. ,她是一个调酒师。 ,She is a bartender. ,她是一個調酒師。 ,She is a bartender. ,Hè un barman. ,He is a bartender. ,Ona je barmen. ,She's a bartender. ,Je to barmanka. ,She's a bartender. ,Hun er bartender. ,She's a bartender. ,Ze is een barman. ,She's a bartender. ,She is a bartender. ,She is a bartender. ,Ŝi estas drinkejisto. ,She is a bartender. ,Ta on baarmen. ,He's a bartender. 
She is a biologist.,És biòloga. ,She is a biologist. ,Usa siya ka biologist. ,He is a biologist. ,她是一名生物学家。 ,She is a biologist. ,她是一名生物學家。 ,She is a biologist. ,Hè biologa. ,She is a biologist. ,Ona je biolog. ,She is a biologist. ,Je biologka. ,She's a biologist. ,Hun er biolog. ,She's a biologist. ,Ze is een bioloog. ,She is a biologist. ,She is a biologist. ,She is a biologist. ,Ŝi estas biologo. ,She is a biologist. ,Ta on bioloog. ,He's a biologist. 
She is a bookkeeper.,És comptable. ,He is an accountant. ,Usa siya ka bookkeeper. ,He is a bookkeeper. ,她是簿记员。 ,She is a bookkeeper. ,她是簿記員。 ,She is a bookkeeper. ,Hè una contabile. ,She is an accountant. ,Ona je knjigovođa. ,She is an accountant. ,Je účetní. ,He is an accountant. ,Hun er bogholder. ,She is an accountant. ,Ze is een boekhoudster. ,She is an accountant. ,She is a bookkeeper. ,She is a bookkeeper. ,Ŝi estas librotenisto. ,She is an accountant. ,Ta on raamatupidaja. ,He is an accountant. 
She is a botanist.,És botànica. ,It is botanical. ,Usa siya ka botanista. ,He is a botanist. ,她是植物学家。 ,She is a botanist. ,她是植物學家。 ,She is a botanist. ,Hè un botanicu. ,He is a botanist. ,Ona je botaničar. ,She is a botanist. ,Je to botanička. ,She is a botanist. ,Hun er botaniker. ,She's a botanist. ,Ze is een botanicus. ,She is a botanist. ,She is a botanist. ,She is a botanist. ,Ŝi estas botanikisto. ,She is a botanist. ,Ta on botaanik. ,He is a botanist. 
She is a builder.,És constructora. ,She is a builder. ,Siya usa ka magtutukod. ,He is a builder. ,她是一名建筑工人。 ,She is a construction worker. ,她是一名建築工人。 ,She is a construction worker. ,Hè un costruttore. ,He is a builder. ,Ona je graditeljica. ,She is a builder. ,Je to stavitelka. ,She is a builder. ,Hun er bygherre. ,She's the builder. ,Ze is een bouwer. ,She's a builder. ,She is a builder. ,She is a builder. ,Ŝi estas konstruanto. ,She is a builder. ,Ta on ehitaja. ,He is a builder. 
She is a businessperson.,És empresària. ,She is an entrepreneur. ,Usa siya ka negosyante. ,He is a businessman. ,她是商人。 ,She is a businessman. ,她是商人。 ,She is a businessman. ,Hè un omu d'affari. ,He is a businessman. ,Ona je poslovni čovjek. ,She is a businessman. ,Je to obchodnice. ,She's a businesswoman. ,Hun er forretningsmand. ,She's a businessman. ,Ze is een ondernemer. ,She is an entrepreneur. ,She is a businessperson. ,She is a businessperson. ,Ŝi estas komercisto. ,She is a businessman. ,Ta on ärimees. ,He is a businessman. 
She is a butcher.,És carnissera. ,She is a butcher. ,Butcher siya. ,He is a butcher. ,她是个屠夫。 ,She is a butcher. ,她是個屠夫。 ,She is a butcher. ,Hè una macelleria. ,It’s a butcher shop. ,Ona je mesnica. ,She's a butcher. ,Je to řezník. ,He's a butcher. ,Hun er slagter. ,She's a butcher. ,Ze is slager. ,She's a butcher. ,She is a butcher. ,She is a butcher. ,Ŝi estas buĉisto. ,She is a butcher. ,Ta on lihunik. ,He is a butcher. 
She is a carpenter.,És fustera. ,She is a carpenter. ,Siya usa ka panday. ,He was a carpenter. ,她是木匠。 ,She is a carpenter. ,她是木匠。 ,She is a carpenter. ,Hè un falignami. ,He is a carpenter. ,Ona je stolar. ,She is a carpenter. ,Je tesařka. ,She is a carpenter. ,Hun er tømrer. ,She's a carpenter. ,Ze is een timmerman. ,She's a carpenter. ,She is a carpenter. ,She is a carpenter. ,Ŝi estas ĉarpentisto. ,She is a carpenter. ,Ta on puusepp. ,He is a carpenter. 
She is a cashier.,És caixera. ,She is a cashier. ,Siya usa ka kahera. ,He is a cashier. ,她是出纳员。 ,She is a teller. ,她是出納員。 ,She is a teller. ,Hè una cassa. ,It’s a box. ,Ona je blagajnica. ,She's the cashier. ,Je pokladní. ,He's a cashier. ,Hun er kasserer. ,She's a cashier. ,Ze is een kassamedewerker. ,She is a cashier. ,She is a cashier. ,She is a cashier. ,Ŝi estas kasistino. ,She is a cashier. ,Ta on kassapidaja. ,He's a cashier. 
She is a chef.,És xef. ,He is a chef. ,Usa siya ka chef. ,He is a chef. ,她是厨师。 ,She is a cook. ,她是廚師。 ,She is a cook. ,Hè un chef. ,He is a chef. ,Ona je kuharica. ,She's a cook. ,Je kuchařka. ,She's a cook. ,Hun er kok. ,She's a cook. ,Ze is een kok. ,She's a cook. ,She is a chef. ,She is a chef. ,Ŝi estas kuiristo. ,She is a cook. ,Ta on peakokk. ,He's a chef. 
She is a chemist.,És química. ,It's chemistry. ,Usa siya ka chemist. ,He is a chemist. ,她是化学家。 ,She is a chemist. ,她是化學家。 ,She is a chemist. ,Hè una chimica. ,It’s a chemical. ,Ona je kemičarka. ,She's a chemist. ,Je chemička. ,She's a chemist. ,Hun er kemiker. ,She's a chemist. ,Ze is chemicus. ,She's a chemist. ,She is a chemist. ,She is a chemist. ,Ŝi estas kemiisto. ,She is a chemist. ,Ta on keemik. ,He's a chemist. 
She is a clergy advisor.,És assessora del clergat. ,She is an adviser to the clergy. ,Usa siya ka magtatambag sa klero. ,He was a counselor to the clergy. ,她是神职顾问。 ,She is a clergy advisor. ,她是神職顧問。 ,She is a clergy advisor. ,Hè un cunsiglieru di u cleru. ,He is a counselor of the clergy. ,Savjetnica je svećenstva. ,She is a priesthood counselor. ,Je duchovní poradkyní. ,She is a spiritual counselor. ,Hun er præsterådgiver. ,She is a pastoral counselor. ,Ze is geestelijk adviseur. ,She is a spiritual counselor. ,She is a clergy advisor. ,She is a clergy advisor. ,Ŝi estas pastrara konsilisto. ,She is a clergy advisor. ,Ta on vaimulike nõustaja. ,He is a counselor to the clergy. 
She is a clinical lab technician.,És tècnica de laboratori clínic. ,It is a clinical laboratory technique. ,Usa siya ka technician sa klinikal nga lab. ,He is a technician in the clinical lab. ,她是临床实验室技术员。 ,She is a clinical laboratory technician. ,她是臨床實驗室技術員。 ,She is a clinical laboratory technician. ,Hè un tecnicu di laburatoriu clinicu. ,He is a clinical laboratory technician. ,Ona je klinički laboratorijski tehničar. ,She is a clinical laboratory technician. ,Je technikem klinické laboratoře. ,He is a clinical laboratory technician. ,Hun er klinisk laboratorietekniker. ,She is a clinical laboratory technician. ,Ze is een klinisch laboratoriumtechnicus. ,She is a clinical laboratory technician. ,She is a clinical lab technician. ,She is a clinical lab technician. ,Ŝi estas klinika laboratorio-teknikisto. ,She is a clinical laboratory technician. ,Ta on kliiniline laborant. ,He is a clinical laboratory assistant. 
She is a coach.,És entrenadora. ,She is a coach. ,Usa siya ka coach. ,He is a coach. ,她是一名教练。 ,She is a coach. ,她是一名教練。 ,She is a coach. ,Hè coach. ,He is a coach. ,Ona je trenerica. ,She's a coach. ,Je trenérka. ,She's a coach. ,Hun er træner. ,She's a coach. ,Ze is een coach. ,She is a coach. ,She is a coach. ,She is a coach. ,Ŝi estas trejnisto. ,She is a coach. ,Ta on treener. ,He's a coach. 
She is a developer.,És desenvolupadora. ,She is a developer. ,Siya usa ka developer. ,He is a developer. ,她是一名开发商。 ,She is a developer. ,她是一名開發商。 ,She is a developer. ,Hè un sviluppatore. ,He is a developer. ,Ona je programer. ,She is a programmer. ,Je vývojářka. ,She is a developer. ,Hun er udvikler. ,She is a developer. ,Ze is een ontwikkelaar. ,She is a developer. ,She is a developer. ,She is a developer. ,Ŝi estas programisto. ,She is a programmer. ,Ta on arendaja. ,He is a developer. 
She is a dietitian.,És dietista. ,He is a dietitian. ,Usa siya ka dietitian. ,He is a dietitian. ,她是营养师。 ,She is a nutritionist. ,她是營養師。 ,She is a nutritionist. ,Hè una dietista. ,She is a dietitian. ,Ona je dijetetičarka. ,She is a dietitian. ,Je dietologkou. ,He is a dietitian. ,Hun er diætist. ,She is a dietitian. ,Ze is diëtiste. ,She is a dietician. ,She is a dietitian. ,She is a dietitian. ,Ŝi estas dietisto. ,She is a dietitian. ,Ta on dieediarst. ,She is a dietitian. 
She is an ecologist.,És ecologista. ,He is an ecologist. ,Usa siya ka ecologist. ,He is an ecologist. ,她是生态学家。 ,She is an ecologist. ,她是生態學家。 ,She is an ecologist. ,Hè eculugista. ,He is an ecologist. ,Ona je ekolog. ,She is an ecologist. ,Je ekologka. ,She is an ecologist. ,Hun er økolog. ,She is an ecologist. ,Ze is een ecoloog. ,She is an ecologist. ,She is an ecologist. ,She is an ecologist. ,Ŝi estas ekologiisto. ,She is an environmentalist. ,Ta on ökoloog. ,He is an ecologist. 
She is an editor.,És editora. ,She is a publisher. ,Usa siya ka editor. ,He is an editor. ,她是一位编辑。 ,She is an editor. ,她是一位編輯。 ,She is an editor. ,Hè editore. ,He is an editor. ,Urednica je. ,She's an editor. ,Je redaktorkou. ,She is an editor. ,Hun er redaktør. ,She is an editor. ,Ze is redacteur. ,She is an editor. ,She is an editor. ,She is an editor. ,Ŝi estas redaktistino. ,She is an editor. ,Ta on toimetaja. ,He is an editor. 
She is an electrician.,És electricista. ,He is an electrician. ,Usa siya ka elektrisista. ,He is an electrician. ,她是电工。 ,She is an electrician. ,她是電工。 ,She is an electrician. ,Hè un elettricista. ,He is an electrician. ,Ona je električarka. ,She's an electrician. ,Je elektrikářka. ,She is an electrician. ,Hun er elektriker. ,She's an electrician. ,Ze is een elektricien. ,She is an electrician. ,She is an electrician. ,She is an electrician. ,Ŝi estas elektristo. ,She is an electrician. ,Ta on elektrik. ,He's an electrician. 
She is an EMT specialist.,És especialista en EMT. ,He specializes in EMT. ,Usa siya ka espesyalista sa EMT. ,He is an EMT specialist. ,她是EMT专家。 ,She is an EMT expert. ,她是EMT專家。 ,She is an EMT expert. ,Hè una spezialista EMT. ,She is an EMT specialist. ,Ona je specijalist za EMT. ,She is an EMT specialist. ,Je specialistkou na EMT. ,She is an EMT specialist. ,Hun er EMT-specialist. ,She is an EMT specialist. ,Ze is een EMT-specialist. ,She is an EMT specialist. ,She is an EMT specialist. ,She is an EMT specialist. ,Ŝi estas specialisto pri EMT. ,She is an EMT specialist. ,Ta on EMT spetsialist. ,He is an EMT specialist. 
She is a farmer.,És pagesa. ,She is a farmer. ,Usa siya ka mag-uuma. ,He is a farmer. ,她是一个农夫。 ,She is a farmer. ,她是一個農夫。 ,She is a farmer. ,Hè un agricultore. ,He is a farmer. ,Ona je poljoprivrednica. ,She is a farmer. ,Je to farmářka. ,She's a farmer. ,Hun er landmand. ,She is a farmer. ,Ze is een boer. ,She is a farmer. ,She is a farmer. ,She is a farmer. ,Ŝi estas kamparano. ,She is a farmer. ,Ta on talupidaja. ,He is a farmer. 
She is a filmmaker.,És cineasta. ,He is a filmmaker. ,Usa siya ka filmmaker. ,He is a filmmaker. ,她是电影制片人。 ,She is a film producer. ,她是電影製片人。 ,She is a film producer. ,Hè cineasta. ,He is a filmmaker. ,Ona je filmašica. ,She is a filmmaker. ,Je filmařkou. ,She is a filmmaker. ,Hun er filmskaber. ,She is a filmmaker. ,Ze is een filmmaker. ,She is a filmmaker. ,She is a filmmaker. ,She is a filmmaker. ,Ŝi estas produktoro. ,She is a filmmaker. ,Ta on filmitegija. ,He is a filmmaker. 
She is a firefighter.,És bomber. ,He is a firefighter. ,Usa siya ka bombero. ,He is a firefighter. ,她是一名消防员。 ,She is a firefighter. ,她是一名消防員。 ,She is a firefighter. ,Hè un spenghjifocu. ,It’s a fire extinguisher. ,Ona je vatrogasac. ,She's a firefighter. ,Je hasičkou. ,She's a firefighter. ,Hun er brandmand. ,She's a firefighter. ,Ze is een brandweerman. ,She's a firefighter. ,She is a firefighter. ,She is a firefighter. ,Ŝi estas fajrobrigadisto. ,She is a firefighter. ,Ta on tuletõrjuja. ,He's a firefighter. 
She is a fisherman.,És pescadora. ,She is a fisherwoman. ,Usa siya ka mangingisda. ,He is a fisherman. ,她是一个渔夫。 ,She is a fisherman. ,她是一個漁夫。 ,She is a fisherman. ,Hè piscadore. ,He is a fisherman. ,Ona je ribar. ,She is a fisherman. ,Je to rybářka. ,She's a fisherman. ,Hun er fisker. ,She's a fisherman. ,Ze is een visser. ,She is a fisherman. ,She is a fisherman. ,She is a fisherman. ,Ŝi estas fiŝkaptisto. ,She is a fisherman. ,Ta on kalur. ,He is a fisherman. 
She is a flight attendant.,És auxiliar de vol. ,He is a flight attendant. ,Usa siya ka flight attendant. ,He is a flight attendant. ,她是空姐。 ,She is a stewardess. ,她是空姐。 ,She is a stewardess. ,Hè assistente di volu. ,He is a flight attendant. ,Ona je stjuardesa. ,She's a flight attendant. ,Ona je letuška. ,She's a flight attendant. ,Hun er en stewardesse. ,She's a stewardess. ,Zij is een stewardess. ,She is a flight attendant. ,She is a flight attendant. ,She is a flight attendant. ,Ŝi estas stevardino. ,She is a flight attendant. ,Ta on stjuardess. ,She's a flight attendant. 
She is a geneticist.,És genetista. ,He is a geneticist. ,Siya usa ka genetiko. ,He is a geneticist. ,她是遗传学家。 ,She is a geneticist. ,她是遺傳學家。 ,She is a geneticist. ,Hè genetica. ,It’s genetic. ,Ona je genetičarka. ,She is a geneticist. ,Je genetička. ,She's genetic. ,Hun er genetiker. ,She's a geneticist. ,Ze is een geneticus. ,She's a geneticist. ,She is a geneticist. ,She is a geneticist. ,Ŝi estas genetikulo. ,She is a geneticist. ,Ta on geneetik. ,He's a geneticist. 
She is a geologist.,És geòloga. ,She is a geologist. ,Siya usa ka geologist. ,He is a geologist. ,她是地质学家。 ,She is a geologist. ,她是地質學家。 ,She is a geologist. ,Hè geologa. ,She is a geologist. ,Ona je geolog. ,She is a geologist. ,Je geologkou. ,She is a geologist. ,Hun er geolog. ,She's a geologist. ,Ze is een geoloog. ,She's a geologist. ,She is a geologist. ,She is a geologist. ,Ŝi estas geologo. ,She is a geologist. ,Ta on geoloog. ,He is a geologist. 
She is a graphic designer.,És dissenyadora gràfica. ,She is a graphic designer. ,Siya usa ka graphic designer. ,She is a graphic designer. ,她是一名平面设计师。 ,She is a graphic designer. ,她是一名平面設計師。 ,She is a graphic designer. ,Hè un disegnatore graficu. ,He is a graphic designer. ,Grafička je dizajnerica. ,She is a graphic designer. ,Je grafická designérka. ,She is a graphic designer. ,Hun er grafisk designer. ,She is a graphic designer. ,Ze is grafisch vormgever. ,She is a graphic designer. ,She is a graphic designer. ,She is a graphic designer. ,Ŝi estas grafikisto. ,She is a graphic designer. ,Ta on graafiline disainer. ,He is a graphic designer. 
She is a human resource specialist.,És especialista en recursos humans. ,He specializes in human resources. ,Usa siya ka espesyalista sa tawhanong kapanguhaan. ,He is a specialist in human resources. ,她是人力资源专家。 ,She is an expert in human resources. ,她是人力資源專家。 ,She is an expert in human resources. ,Hè una spezialista in risorse umane. ,She is a specialist in human resources. ,Ona je stručnjak za ljudske resurse. ,She is a human resources expert. ,Je specialistkou na lidské zdroje. ,She is a human resources specialist. ,Hun er human resource specialist. ,She is a human resource specialist. ,Ze is een human resource-specialist. ,She is a human resource specialist. ,She is a human resource specialist. ,She is a human resource specialist. ,Ŝi estas specialisto pri homaj rimedoj. ,She is a human resources specialist. ,Ta on personalispetsialist. ,He is a personnel specialist. 
She is an immunologist.,És immunòloga. ,She is an immunologist. ,Usa siya ka immunologist. ,He is an immunologist. ,她是一名免疫学家。 ,She is an immunologist. ,她是一名免疫學家。 ,She is an immunologist. ,Hè un immunologu. ,He is an immunologist. ,Ona je imunolog. ,She's an immunologist. ,Je imunologička. ,She is an immunologist. ,Hun er immunolog. ,She's an immunologist. ,Ze is een immunoloog. ,She's an immunologist. ,She is an immunologist. ,She is an immunologist. ,Ŝi estas imunologo. ,She is an immunologist. ,Ta on immunoloog. ,He's an immunologist. 
She is an interpreters.,És intèrpret. ,He is a performer. ,Siya usa ka maghuhubad. ,He is a translator. ,她是一名口译员。 ,She is an interpreter. ,她是一名口譯員。 ,She is an interpreter. ,Hè interpreti. ,He is an interpreter. ,Ona je prevoditeljica. ,She is a translator. ,Je tlumočnicí. ,She is an interpreter. ,Hun er tolk. ,She is an interpreter. ,Ze is een tolken. ,She is an interpreter. ,She is an interpreters. ,She is an interpreters. ,Ŝi estas interpretistoj. ,She is an interpreter. ,Ta on tõlgid. ,He is an interpreter. 
She is a jeweller.,És joieria. ,It's jewelry. ,Siya usa ka mag-aalahas. ,He is a jeweler. ,她是珠宝商。 ,She is a jeweler. ,她是珠寶商。 ,She is a jeweler. ,Hè una ghjuvellaria. ,It is a jewelry store. ,Ona je draguljar. ,She is a jeweler. ,Je klenotnice. ,She is a jeweler. ,Hun er en juveler. ,She's a jeweler. ,Ze is juwelier. ,She is a jeweler. ,She is a jeweller. ,She is a jeweller. ,Ŝi estas juvelisto. ,She is a jeweler. ,Ta on juveliir. ,She is a jeweler. 
She is a lawyer.,És advocada. ,She is a lawyer. ,Usa siya ka abogado. ,He is a lawyer. ,她是律师。 ,She is a lawyer. ,她是律師。 ,She is a lawyer. ,Hè un avucatu. ,He is a lawyer. ,Ona je pravnica. ,She is a lawyer. ,Je právnička. ,She's a lawyer. ,Hun er advokat. ,She's a lawyer. ,Ze is een advocaat. ,She's a lawyer. ,She is a lawyer. ,She is a lawyer. ,Ŝi estas advokato. ,She is a lawyer. ,Ta on advokaat. ,He is a lawyer. 
She is a librarian.,És bibliotecària. ,She is a librarian. ,Usa siya ka librarian. ,He is a librarian. ,她是图书馆员。 ,She is a librarian. ,她是圖書館員。 ,She is a librarian. ,Hè una bibliuteca. ,It’s a library. ,Ona je knjižničarka. ,She is a librarian. ,Je knihovnicí. ,She is a librarian. ,Hun er bibliotekar. ,She is a librarian. ,Ze is een bibliothecaris. ,She's a librarian. ,She is a librarian. ,She is a librarian. ,Ŝi estas bibliotekistino. ,She is a librarian. ,Ta on raamatukoguhoidja. ,She is a librarian. 
She is a licensed practical nurse.,És infermera amb llicència. ,She is a licensed nurse. ,Siya usa ka lisensyado nga praktikal nga nars. ,She is a licensed practical nurse. ,她是一名执业执业护士。 ,She is a practicing nurse practitioner. ,她是一名執業執業護士。 ,She is a practicing nurse practitioner. ,Hè una infermiera pratica licenziata. ,She is a licensed practical nurse. ,Licencirana je praktična medicinska sestra. ,She is a licensed practical nurse. ,Je licencovanou praktickou sestrou. ,She is a licensed nurse. ,Hun er autoriseret praktisk sygeplejerske. ,She is a licensed practical nurse. ,Ze is een gediplomeerde praktijkverpleegkundige. ,She is a certified practice nurse. ,She is a licensed practical nurse. ,She is a licensed practical nurse. ,Ŝi estas rajtigita praktika flegistino. ,She is a licensed practical nurse. ,Ta on litsentseeritud praktiline õde. ,She is a licensed practical nurse. 
She is a mechanic.,És mecànica. ,It's mechanical. ,Mekaniko siya. ,He is a mechanic. ,她是个技工。 ,She is a mechanic. ,她是個技工。 ,She is a mechanic. ,Hè meccanica. ,It’s mechanical. ,Ona je mehaničar. ,She's a mechanic. ,Je mechanička. ,She's a mechanic. ,Hun er mekaniker. ,She's a mechanic. ,Ze is een monteur. ,She's a mechanic. ,She is a mechanic. ,She is a mechanic. ,Ŝi estas meicanikisto. ,She is a mechanic. ,Ta on mehaanik. ,He's a mechanic. 
She is a medical laboratory scientist.,És científica de laboratori mèdic. ,She is a medical laboratory scientist. ,Usa siya ka siyentista sa medikal nga laboratoryo. ,He is a medical laboratory scientist. ,她是医学实验室的科学家。 ,She is a scientist in a medical laboratory. ,她是醫學實驗室的科學家。 ,She is a scientist in a medical laboratory. ,Hè un scientistu di laburatoriu medicu. ,He is a medical laboratory scientist. ,Ona je znanstvenica iz medicinskog laboratorija. ,She is a scientist from a medical laboratory. ,Je lékařskou laboratorní vědkyní. ,She is a medical laboratory scientist. ,Hun er medicinsk laboratorieforsker. ,She is a medical laboratory researcher. ,Ze is een medisch laboratoriumwetenschapper. ,She is a medical laboratory scientist. ,She is a medical laboratory scientist. ,She is a medical laboratory scientist. ,Ŝi estas medicina laboratorio-sciencisto. ,She is a medical laboratory scientist. ,Ta on meditsiinilabori teadlane. ,He's a medical lab scientist. 
She is a meteorologist.,És meteoròloga. ,She is a meteorologist. ,Usa siya ka meteorologist. ,He is a meteorologist. ,她是气象学家。 ,She is a meteorologist. ,她是氣象學家。 ,She is a meteorologist. ,Hè meteorologa. ,She is a meteorologist. ,Ona je meteorolog. ,She's a meteorologist. ,Je meteorologkou. ,He's a meteorologist. ,Hun er meteorolog. ,She's a meteorologist. ,Ze is een meteoroloog. ,She's a meteorologist. ,She is a meteorologist. ,She is a meteorologist. ,Ŝi estas meteologo. ,She is a meteorologist. ,Ta on meteoroloog. ,He's a meteorologist. 
She is a midwife.,És llevadora. ,She is a midwife. ,Usa siya ka mananabang. ,He is a helper. ,她是助产士。 ,She is a midwife. ,她是助產士。 ,She is a midwife. ,Hè una levatrice. ,She is a midwife. ,Ona je primalja. ,She is a midwife. ,Je porodní asistentka. ,She is a midwife. ,Hun er jordemoder. ,She is a midwife. ,Ze is vroedvrouw. ,She is a midwife. ,She is a midwife. ,She is a midwife. ,Ŝi estas akuŝistino. ,She is a midwife. ,Ta on ämmaemand. ,She's a midwife. 
She is a military officer.,És oficial militar. ,He is a military officer. ,Siya usa ka opisyal sa militar. ,He was a military officer. ,她是一名军官。 ,She is an officer. ,她是一名軍官。 ,She is an officer. ,Hè un ufficiale militare. ,He is a military officer. ,Ona je vojni časnik. ,She is a military officer. ,Je to vojenská důstojnice. ,She's a military officer. ,Hun er en militær officer. ,She is a military officer. ,Ze is een militaire officier. ,She is a military officer. ,She is a military officer. ,She is a military officer. ,Ŝi estas milita oficiro. ,She is a military officer. ,Ta on sõjaväeohvitser. ,He's a military officer. 
She is a nutritionist.,És nutricionista. ,He is a nutritionist. ,Usa siya ka nutrisyonista. ,She is a nutritionist. ,她是营养学家。 ,She is a nutritionist. ,她是營養學家。 ,She is a nutritionist. ,Hè nutrizziunista. ,She is a nutritionist. ,Nutricionistica je. ,She's a nutritionist. ,Je odborníkem na výživu. ,He is a nutritionist. ,Hun er ernæringsekspert. ,She is a nutritionist. ,Ze is voedingsdeskundige. ,She is a nutritionist. ,She is a nutritionist. ,She is a nutritionist. ,Ŝi estas nutristino. ,She is a nurse. ,Ta on toitumisspetsialist. ,He is a nutritionist. 
She is an oceanographer.,És oceanògrafa. ,She is an oceanographer. ,Usa siya ka seasographer. ,He is a seasographer. ,她是一名海洋学家。 ,She is an oceanographer. ,她是一名海洋學家。 ,She is an oceanographer. ,Hè oceanografa. ,She is an oceanographer. ,Ona je oceanograf. ,She is an oceanographer. ,Je oceánografkou. ,She is an oceanographer. ,Hun er oceanograf. ,She's an oceanographer. ,Ze is oceanograaf. ,She is an oceanographer. ,She is an oceanographer. ,She is an oceanographer. ,Ŝi estas oceanografo. ,She is an oceanographer. ,Ta on okeanograaf. ,He's an oceanographer. 
She is an osteopath.,És osteòpata. ,She is an osteopath. ,Siya usa ka osteopath. ,He is an osteopath. ,她是骨病患者。 ,She is a bone disease patient. ,她是骨病患者。 ,She is a bone disease patient. ,Hè un osteopata. ,He is an osteopath. ,Ona je osteopat. ,She is an osteopath. ,Je osteopatka. ,She's an osteopath. ,Hun er osteopat. ,She's an osteopath. ,Ze is een osteopaat. ,She is an osteopath. ,She is an osteopath. ,She is an osteopath. ,Ŝi estas osteopato. ,She is an osteopath. ,Ta on osteopaat. ,She is an osteopath. 
She is a painter.,És pintora. ,She is a painter. ,Siya usa ka pintor. ,He is an artist. ,她是画家。 ,She is a painter. ,她是畫家。 ,She is a painter. ,Hè pittore. ,He is a painter. ,Slikarica je. ,She's a painter. ,Je malířka. ,She is a painter. ,Hun er en maler. ,She's a painter. ,Zij is een schilder. ,She is a painter. ,She is a painter. ,She is a painter. ,Ŝi estas pentristino. ,She is a painter. ,Ta on maalikunstnik. ,He is a painter. 
She is a paramedic.,És paramèdica. ,She is paramedic. ,Usa siya ka paramedic. ,He is a paramedic. ,她是护理人员。 ,She is a paramedic. ,她是護理人員。 ,She is a paramedic. ,Hè una paramedica. ,She is a paramedic. ,Ona je bolničar. ,She is a paramedic. ,Je záchranářka. ,She's a lifeguard. ,Hun er paramedicin. ,She's a paramedic. ,Ze is een paramedicus. ,She's a paramedic. ,She is a paramedic. ,She is a paramedic. ,Ŝi estas sukuristo. ,She is a paramedic. ,Ta on sanitar. ,She is a sanitary. 
She is a pathologist.,És patòloga. ,She is a pathologist. ,Usa siya ka pathologist. ,He is a pathologist. ,她是一名病理学家。 ,She is a pathologist. ,她是一名病理學家。 ,She is a pathologist. ,Hè patologa. ,She is pathological. ,Ona je patolog. ,She is a pathologist. ,Je to patologka. ,It's pathology. ,Hun er patolog. ,She's a pathologist. ,Ze is patholoog. ,She's a pathologist. ,She is a pathologist. ,She is a pathologist. ,Ŝi estas patologiisto. ,She is a pathologist. ,Ta on patoloog. ,He is a pathologist. 
She is a pharmacologist.,És farmacòloga. ,She is a pharmacologist. ,Usa siya ka parmasyutiko. ,He is a pharmacist. ,她是一名药剂师。 ,She is a pharmacist. ,她是一名藥劑師。 ,She is a pharmacist. ,Hè farmacologa. ,She is a pharmacologist. ,Ona je farmakolog. ,She is a pharmacologist. ,Je farmakologkou. ,It is pharmacological. ,Hun er farmakolog. ,She's a pharmacologist. ,Ze is farmacoloog. ,She is a pharmacologist. ,She is a pharmacologist. ,She is a pharmacologist. ,Ŝi estas farmakologino. ,She is a pharmacologist. ,Ta on farmakoloog. ,He is a pharmacologist. 
She is a philosopher.,És filòsofa. ,She is a philosopher. ,Usa siya ka pilosopo. ,He was a philosopher. ,她是一个哲学家。 ,She is a philosopher. ,她是一個哲學家。 ,She is a philosopher. ,Hè un filosofu. ,He is a philosopher. ,Ona je filozof. ,She is a philosopher. ,Je filozofkou. ,She is a philosopher. ,Hun er en filosof. ,She is a philosopher. ,Ze is een filosoof. ,She is a philosopher. ,She is a philosopher. ,She is a philosopher. ,Ŝi estas filozofo. ,She is a philosopher. ,Ta on filosoof. ,He is a philosopher. 
She is a photographer.,És fotògrafa. ,She is a photographer. ,Usa siya ka litratista. ,He is a photographer. ,她是一名摄影师。 ,She is a photographer. ,她是一名攝影師。 ,She is a photographer. ,Hè fotògrafa. ,She is a photographer. ,Ona je fotografkinja. ,She is a photographer. ,Je fotografka. ,She is a photographer. ,Hun er fotograf. ,She is a photographer. ,Ze is een fotograaf. ,She is a photographer. ,She is a photographer. ,She is a photographer. ,Ŝi estas fotisto. ,She is a photographer. ,Ta on fotograaf. ,He is a photographer. 
She is a physician assistant.,És ajudant de metge. ,He is an assistant doctor. ,Usa siya ka katabang sa doktor. ,He is a doctor's assistant. ,她是医师助理。 ,She is a physician assistant. ,她是醫師助理。 ,She is a physician assistant. ,Hè un assistente medicu. ,He is a medical assistant. ,Ona je pomoćnica liječnika. ,She is a medical assistant. ,Je asistentkou lékaře. ,She is a doctor's assistant. ,Hun er lægehjælp. ,She is a medical assistant. ,Ze is een arts-assistent. ,She is a physician assistant. ,She is a physician assistant. ,She is a physician assistant. ,Ŝi estas kuracista asistanto. ,She is a medical assistant. ,Ta on arstiabi. ,She has medical care. 
She is a physicist.,És física. ,It's physical. ,Siya usa ka pisiko. ,He is a physicist. ,她是物理学家。 ,She is a physicist. ,她是物理學家。 ,She is a physicist. ,Hè un fisicu. ,He is a physicist. ,Ona je fizičarka. ,She is a physicist. ,Je to fyzička. ,She's a physicist. ,Hun er fysiker. ,She's a physicist. ,Ze is een natuurkundige. ,She is a physicist. ,She is a physicist. ,She is a physicist. ,Ŝi estas fizikisto. ,She is a physicist. ,Ta on füüsik. ,He is a physicist. 
She is a pilot.,És pilot. ,He is a pilot. ,Usa siya ka piloto. ,He is a pilot. ,她是一名飞行员。 ,She is a pilot. ,她是一名飛行員。 ,She is a pilot. ,Hè un pilotu. ,He is a pilot. ,Ona je pilot. ,She's a pilot. ,Je pilotka. ,She's a pilot. ,Hun er pilot. ,She's a pilot. ,Ze is een piloot. ,She's a pilot. ,She is a pilot. ,She is a pilot. ,Ŝi estas piloto. ,She is a pilot. ,Ta on piloot. ,He's a pilot. 
She is a plumber.,És lampista. ,He is a plumber. ,Siya usa ka tubero. ,He is a plumber. ,她是水管工。 ,She is a plumber. ,她是水管工。 ,She is a plumber. ,Hè idraulica. ,It is hydraulic. ,Ona je vodoinstalater. ,She is a plumber. ,Je instalatérka. ,She is a plumber. ,Hun er blikkenslager. ,She's a plumber. ,Ze is loodgieter. ,She's a plumber. ,She is a plumber. ,She is a plumber. ,Ŝi estas tubisto. ,She is a plumber. ,Ta on torulukksepp. ,He's a plumber. 
She is a politician.,És política. ,It's politics. ,Usa siya ka politiko. ,He is a politician. ,她是一名政客。 ,She is a politician. ,她是一名政客。 ,She is a politician. ,Hè un omu puliticu. ,He is a politician. ,Ona je političarka. ,She is a politician. ,Je politička. ,She's a politician. ,Hun er politiker. ,She's a politician. ,Ze is een politica. ,She's a politician. ,She is a politician. ,She is a politician. ,Ŝi estas politikisto. ,She is a politician. ,Ta on poliitik. ,He is a politician. 
She is a receptionist.,És recepcionista. ,He is a receptionist. ,Usa siya ka tigdawat. ,He is a recipient. ,她是接待员。 ,She is a receptionist. ,她是接待員。 ,She is a receptionist. ,Hè una receptionista. ,She is a receptionist. ,Ona je recepcionarka. ,She's a receptionist. ,Je recepční. ,He is a receptionist. ,Hun er receptionist. ,She's a receptionist. ,Ze is receptioniste. ,She's a receptionist. ,She is a receptionist. ,She is a receptionist. ,Ŝi estas akceptisto. ,She is a receptionist. ,Ta on administraator. ,He is an administrator. 
She is a registered nurse.,És infermera registrada. ,She is a registered nurse. ,Usa siya ka rehistradong nars. ,She is a registered nurse. ,她是一名注册护士。 ,She is a registered nurse. ,她是一名註冊護士。 ,She is a registered nurse. ,Hè una infirmiera registrata. ,She is a registered nurse. ,Ona je registrirana medicinska sestra. ,She is a registered nurse. ,Je registrovanou zdravotní sestrou. ,She is a registered nurse. ,Hun er uddannet sygeplejerske. ,She is a trained nurse. ,Ze is een geregistreerde verpleegster. ,She is a registered nurse. ,She is a registered nurse. ,She is a registered nurse. ,Ŝi estas registrita flegistino. ,She is a registered nurse. ,Ta on registreeritud õde. ,She is a registered nurse. 
She is a salesman.,És venedora. ,She is a saleswoman. ,Usa siya ka salesman. ,He is a salesman. ,她是推销员。 ,She is a salesman. ,她是推銷員。 ,She is a salesman. ,Hè un vinditore. ,He is a salesman. ,Ona je prodavač. ,She's a saleswoman. ,Je prodavačka. ,She is a saleswoman. ,Hun er sælger. ,She's a saleswoman. ,Ze is een verkoper. ,She's a salesman. ,She is a salesman. ,She is a salesman. ,Ŝi estas vendistino. ,She is a saleswoman. ,Ta on müügimees. ,He's a salesman. 
She is a salesperson.,És venedora. ,She is a saleswoman. ,Usa siya ka salesperson. ,He is a salesperson. ,她是一个销售员。 ,She is a salesperson. ,她是一個銷售員。 ,She is a salesperson. ,Hè vendeurista. ,He is a salesman. ,Ona je prodavač. ,She's a saleswoman. ,Je prodejkyní. ,She is a saleswoman. ,Hun er sælger. ,She's a saleswoman. ,Ze is een verkoper. ,She's a salesman. ,She is a salesperson. ,She is a salesperson. ,Ŝi estas vendistino. ,She is a saleswoman. ,Ta on müüja. ,He is a salesman. 
She is a scientist.,És una científica. ,She is a scientist. ,Siyentista siya. ,He is a scientist. ,她是一位科学家。 ,She is a scientist. ,她是一位科學家。 ,She is a scientist. ,Hè un scientistu. ,He is a scientist. ,Ona je znanstvenica. ,She is a scientist. ,Je to vědec. ,He's a scientist. ,Hun er videnskabsmand. ,She is a scientist. ,Ze is een wetenschapper. ,She's a scientist. ,She is a scientist. ,She is a scientist. ,Ŝi estas sciencisto. ,She is a scientist. ,Ta on teadlane. ,He is a scientist. 
She is a sea captain.,És capità de mar. ,He is a sea captain. ,Usa siya ka kapitan sa dagat. ,He was a sea captain. ,她是一名船长。 ,She is a captain. ,她是一名船長。 ,She is a captain. ,Hè un capitanu di mare. ,He is a sea captain. ,Ona je pomorski kapetan. ,She is a naval captain. ,Je námořní kapitánkou. ,She's a sea captain. ,Hun er havkaptajn. ,She's a sea captain. ,Ze is een zeekapitein. ,She is a sea captain. ,She is a sea captain. ,She is a sea captain. ,Ŝi estas ŝipkapitano. ,She is a ship's captain. ,Ta on merekapten. ,He's a sea captain. 
She is a secretary.,És secretària. ,She is a secretary. ,Sekretaryo siya. ,He is the secretary. ,她是一个秘书。 ,She is a secretary. ,她是一個秘書。 ,She is a secretary. ,Hè una secretaria. ,She is a secretary. ,Ona je tajnica. ,She's a secretary. ,Je sekretářka. ,She's a secretary. ,Hun er sekretær. ,She's a secretary. ,Zij is een secretaresse. ,She is a secretary. ,She is a secretary. ,She is a secretary. ,Ŝi estas sekretariino. ,She is a secretary. ,Ta on sekretär. ,He is a secretary. 
She is a singer.,És cantant. ,He is a singer. ,Usa siya ka mag-aawit. ,He is a singer. ,她是一名歌手。 ,She is a singer. ,她是一名歌手。 ,She is a singer. ,Hè cantante. ,She is a singer. ,Ona je pjevačica. ,She is a singer. ,Ona je zpěvačka. ,She is a singer. ,Hun er en sanger. ,She is a singer. ,Ze is een zangeres. ,She is a singer. ,She is a singer. ,She is a singer. ,Ŝi estas kantistino. ,She is a singer. ,Ta on laulja. ,She is a singer. 
She is a solicitor.,És advocada. ,She is a lawyer. ,Usa siya ka abogado. ,He is a lawyer. ,她是一名律师。 ,She is a lawyer. ,她是一名律師。 ,She is a lawyer. ,Hè un avvucatu. ,He is a lawyer. ,Ona je odvjetnik. ,She is a lawyer. ,Je advokátkou. ,She is a lawyer. ,Hun er advokat. ,She's a lawyer. ,Ze is een advocaat. ,She's a lawyer. ,She is a solicitor. ,She is a solicitor. ,Ŝi estas advokato. ,She is a lawyer. ,Ta on advokaat. ,He is a lawyer. 
She is a speech pathologist.,És logopeda. ,She is a speech therapist. ,Usa siya ka speech pathologist. ,He is a speech pathologist. ,她是言语病理学家。 ,She is a speech pathologist. ,她是言語病理學家。 ,She is a speech pathologist. ,Hè un patologu di a parolla. ,He is a pathologist of the word. ,Ona je logoped. ,She is a speech therapist. ,Je řečovou patologkou. ,She is a speech pathologist. ,Hun er en talepatolog. ,She is a speech pathologist. ,Ze is een spraakpatholoog. ,She is a speech pathologist. ,She is a speech pathologist. ,She is a speech pathologist. ,Ŝi estas parolpatologiisto. ,She is a speech pathologist. ,Ta on kõnepatoloog. ,He is a speech pathologist. 
She is a speech-language pathologist.,És patòloga del llenguatge. ,She is a language pathologist. ,Siya usa ka pathologist sa sinultian sa sinultian. ,He is a pathologist in speech therapy. ,她是言语病理学家。 ,She is a speech pathologist. ,她是言語病理學家。 ,She is a speech pathologist. ,Hè un patologu di linguaghju. ,He is a language pathologist. ,Ona je patolog govornog jezika. ,She is a pathologist of spoken language. ,Je patologkou řeči. ,It's pathological speech. ,Hun er tale-sprog patolog. ,She is a speech-language pathologist. ,Ze is een logopediste. ,She is a speech therapist. ,She is a speech-language pathologist. ,She is a speech-language pathologist. ,Ŝi estas paroladlingva patologiisto. ,She is a speech pathologist. ,Ta on kõnekeelne patoloog. ,He is a colloquial pathologist. 
She is a statistician.,És estadística. ,It's a statistic. ,Siya usa ka istatistika. ,He is a statistician. ,她是统计学家。 ,She is a statistician. ,她是統計學家。 ,She is a statistician. ,Hè statisticista. ,He is a statistician. ,Ona je statističarka. ,She is a statistician. ,Je statistička. ,She's a statistician. ,Hun er statistiker. ,She's a statistician. ,Ze is statisticus. ,She's a statistician. ,She is a statistician. ,She is a statistician. ,Ŝi estas statistikisto. ,She is a statistician. ,Ta on statistik. ,He is a statistician. 
She is a surveyor.,És agrimensora. ,She is a surveyor. ,Usa siya ka surveyor. ,He is a surveyor. ,她是测量师。 ,She is a surveyor. ,她是測量師。 ,She is a surveyor. ,Hè un topografu. ,He is a surveyor. ,Ona je geodet. ,She is a surveyor. ,Je geodetkou. ,She is a surveyor. ,Hun er landmåler. ,She is a surveyor. ,Ze is een landmeter. ,She is a surveyor. ,She is a surveyor. ,She is a surveyor. ,Ŝi estas geodeziisto. ,She is a surveyor. ,Ta on maamõõtja. ,He is a surveyor. 
She is a therapist.,És terapeuta. ,She is a therapist. ,Usa siya ka therapist. ,She is a therapist. ,她是一名治疗师。 ,She is a therapist. ,她是一名治療師。 ,She is a therapist. ,Hè un terapeuta. ,He is a therapist. ,Ona je terapeut. ,She is a therapist. ,Je terapeutka. ,She is a therapist. ,Hun er terapeut. ,She's a therapist. ,Ze is een therapeut. ,She is a therapist. ,She is a therapist. ,She is a therapist. ,Ŝi estas terapiisto. ,She is a therapist. ,Ta on terapeut. ,She is a therapist. 
She is an undertaker.,És una funerària. ,It's a funeral home. ,Usa siya ka undertaker. ,He is an undertaker. ,她是一个承办人。 ,She is an undertaker. ,她是一個承辦人。 ,She is an undertaker. ,Hè un funerale. ,It’s a funeral. ,Ona je pogrebnik. ,She is an undertaker. ,Je pohřební. ,It's funeral. ,Hun er en begravelsesmand. ,She's a funeral director. ,Ze is een begrafenisondernemer. ,She's a funeral director. ,She is an undertaker. ,She is an undertaker. ,Ŝi estas enterigisto. ,She is an undertaker. ,Ta on matusemees. ,He is a funeral director. 
She is an urban planner.,És urbanista. ,He is an urban planner. ,Usa siya nga taglaraw sa kasyudaran. ,He was an urban figure. ,她是一名城市规划师。 ,She is an urban planner. ,她是一名城市規劃師。 ,She is an urban planner. ,Hè un urbanista. ,He is an urban planner. ,Ona je urbanist. ,She is an urbanist. ,Je urbanistkou. ,She is an urban planner. ,Hun er byplanlægger. ,She's a city planner. ,Ze is stedenbouwkundige. ,She is an urban planner. ,She is an urban planner. ,She is an urban planner. ,Ŝi estas urba planisto. ,She is an urban planner. ,Ta on linnaplaneerija. ,He is an urban planner. 
She is a videographer.,És videògrafa. ,She is a videographer. ,Usa siya ka videographer. ,He is a videographer. ,她是一名摄影师。 ,She is a photographer. ,她是一名攝影師。 ,She is a photographer. ,Hè videografa. ,She is a videographer. ,Ona je videograf. ,She is a videographer. ,Je kameramankou. ,She is a cameraman. ,Hun er videograf. ,She is a videographer. ,Ze is een videograaf. ,She is a videographer. ,She is a videographer. ,She is a videographer. ,Ŝi estas videografer. ,She is a videographer. ,Ta on videograaf. ,He is a videographer. 
She is a virologist.,És viròloga. ,She is a virologist. ,Usa siya ka virologist. ,He is a virologist. ,她是病毒学家。 ,She is a virologist. ,她是病毒學家。 ,She is a virologist. ,Hè virologa. ,She is a virologist. ,Ona je virolog. ,She is a virologist. ,Je virologička. ,She is a virologist. ,Hun er virolog. ,She's a virologist. ,Ze is een viroloog. ,She's a virologist. ,She is a virologist. ,She is a virologist. ,Ŝi estas virusologo. ,She is a virologist. ,Ta on viroloog. ,He's a virologist. 
She is a visual artist.,És una artista visual. ,She is a visual artist. ,Usa siya ka visual artist. ,He is a visual artist. ,她是一位视觉艺术家。 ,She is a visual artist. ,她是一位視覺藝術家。 ,She is a visual artist. ,Hè un artista visuale. ,He is a visual artist. ,Vizualna je umjetnica. ,She is a visual artist. ,Je vizuální umělkyní. ,She is a visual artist. ,Hun er billedkunstner. ,She is a visual artist. ,Ze is een beeldend kunstenaar. ,She is a visual artist. ,She is a visual artist. ,She is a visual artist. ,Ŝi estas bildartisto. ,She is a visual artist. ,Ta on visuaalkunstnik. ,He is a visual artist. 
She is a waiter.,És cambrera. ,She is a waitress. ,Waiter siya. ,He is a waiter. ,她是服务生。 ,She is a waiter. ,她是服務生。 ,She is a waiter. ,Hè un servitore. ,He is a servant. ,Ona je konobar. ,She's a waiter. ,Je číšník. ,He's a waiter. ,Hun er tjener. ,She is a servant. ,Ze is een ober. ,She's a waiter. ,She is a waiter. ,She is a waiter. ,Ŝi estas kelnero. ,She is a waiter. ,Ta on kelner. ,She's a waiter. 
She is a web designer.,És dissenyadora web. ,She is a web designer. ,Siya usa ka web designer. ,She is a web designer. ,她是一名网页设计师。 ,She is a web designer. ,她是一名網頁設計師。 ,She is a web designer. ,Hè un web designer. ,He is a web designer. ,Web je dizajnerica. ,Web is a designer. ,Je webová designérka. ,She is a web designer. ,Hun er en webdesigner. ,She is a web designer. ,Ze is een webdesigner. ,She is a web designer. ,She is a web designer. ,She is a web designer. ,Ŝi estas interreta projektisto. ,She is an internet designer. ,Ta on veebidisainer. ,She is a web designer. 
She is a web developer.,És desenvolupadora web. ,She is a web developer. ,Siya usa ka web developer. ,He is a web developer. ,她是一名网络开发人员。 ,She is a web developer. ,她是一名網絡開發人員。 ,She is a web developer. ,Hè un sviluppatore web. ,He is a web developer. ,Web je programerica. ,The web is a programmer. ,Je webová vývojářka. ,She is a web developer. ,Hun er en webudvikler. ,She is a web developer. ,Ze is een webontwikkelaar. ,She is a web developer. ,She is a web developer. ,She is a web developer. ,Ŝi estas interreta programisto. ,She is an internet programmer. ,Ta on veebiarendaja. ,He is a web developer. 
She is a zoologist.,És zoòloga. ,She is a zoologist. ,Usa siya ka zoologist. ,He is a zoologist. ,她是动物学家。 ,She is a zoologist. ,她是動物學家。 ,She is a zoologist. ,Hè zoologa. ,She is a zoologist. ,Ona je zoolog. ,She is a zoologist. ,Je zoologkou. ,She is a zoologist. ,Hun er en zoolog. ,She's a zoologist. ,Ze is een zoöloog. ,She is a zoologist. ,She is a zoologist. ,She is a zoologist. ,Ŝi estas zoologo. ,She is a zoologist. ,Ta on zooloog. ,He's a zoologist. 
